
╔═══════════════════════════════════════════════════════════╗
║        ⚡ VIRTUAL MIND 2.0 — MOBILE DEPLOYMENT ⚡        ║
╠═══════════════════════════════════════════════════════════╣
║                                                           ║
║  Your Mac's LAN IP:  10.255.234.33                     ║
║                                                           ║
║  Backend API:    http://10.255.234.33:8001              ║
║  Frontend App:   http://10.255.234.33:3000              ║
║                                                           ║
║  ── INSTALL ON YOUR ANDROID PHONE ──                      ║
║                                                           ║
║  1. Connect phone to the SAME WiFi as this Mac            ║
║  2. Open Chrome on your phone                             ║
║  3. Go to:  http://10.255.234.33:3000                  ║
║  4. Tap the Chrome menu (⋮) → 'Install app'              ║
║     or 'Add to Home screen'                               ║
║  5. The app now lives on your home screen like            ║
║     a native app — fullscreen, no URL bar.                ║
║                                                           ║
╚═══════════════════════════════════════════════════════════╝

[BOOT] Frontend .env.local updated → API at http://10.255.234.33:8001
[BOOT] Starting FastAPI backend on 0.0.0.0:8001...
[BOOT] Starting Next.js frontend on 0.0.0.0:3000...

[BOOT] Both servers running. Press Ctrl+C to stop.

   ▲ Next.js 15.5.19
   - Local:        http://localhost:3000
   - Network:      http://0.0.0.0:3000
   - Environments: .env.local

 ✓ Starting...
INFO:     Will watch for changes in these directories: ['/Users/syedchamansha/.gemini/antigravity/worktrees/Virtual-mind/explore-elesium-architecture-features']
/Users/syedchamansha/.gemini/antigravity/worktrees/Virtual-mind/explore-elesium-architecture-features/brain/memory.py:24: FutureWarning: 

All support for the `google.generativeai` package has ended. It will no longer be receiving 
updates or bug fixes. Please switch to the `google.genai` package as soon as possible.
See README for more details:

https://github.com/google-gemini/deprecated-generative-ai-python/blob/main/README.md

  import google.generativeai as genai
INFO:     Uvicorn running on http://0.0.0.0:8001 (Press CTRL+C to quit)
INFO:     Started reloader process [27798] using StatReload
/Users/syedchamansha/.gemini/antigravity/worktrees/Virtual-mind/explore-elesium-architecture-features/brain/memory.py:24: FutureWarning: 

All support for the `google.generativeai` package has ended. It will no longer be receiving 
updates or bug fixes. Please switch to the `google.genai` package as soon as possible.
See README for more details:

https://github.com/google-gemini/deprecated-generative-ai-python/blob/main/README.md

  import google.generativeai as genai
 ✓ Ready in 4.7s
INFO:     Started server process [27822]
INFO:     Waiting for application startup.
INFO:     Application startup complete.
 ○ Compiling / ...
 ✓ Compiled / in 938ms (583 modules)
 GET / 307 in 1324ms
 ✓ Compiled /home in 366ms (653 modules)
 GET /home 200 in 573ms
 GET /home 200 in 62ms
 ⚠ Cross origin request detected from 10.255.234.33 to /_next/* resource. In a future major version of Next.js, you will need to explicitly configure "allowedDevOrigins" in next.config to allow this.
Read more: https://nextjs.org/docs/app/api-reference/config/next-config-js/allowedDevOrigins
Virtual Mind System Booting...
[WARN] GEMINI_API_KEY not set.
==================================================
🔄 VIRTUAL MIND: FULL INGESTION PIPELINE
==================================================

📁 Phase 1: Core Ambitions & Decision Context
Virtual Mind Global Scheduler Running in background...
[INIT] Core systems online.
⏭️  Already ingested (unchanged): decision_context.md
⏭️  Already ingested (unchanged): phase0_action_plan.md
⏭️  Already ingested (unchanged): minds_to_study.md
📊 Ambitions: 0 chunks ingested

📁 Phase 2: Worldview & Philosophy
⏭️  Already ingested (unchanged): philosophical_core.md
⏭️  Already ingested (unchanged): spirituality.md

📊 Total chunks ingested: 0

📁 Phase 3: Raw Thoughts & Journals
⏭️  Already ingested (unchanged): journal_01.md

📊 Total chunks ingested: 0

📊 Memory Stats: {'total_points': 111, 'status': 'GREEN'}
==================================================
✅ Ingestion complete.
INFO:     10.255.234.33:51678 - "GET /api/status HTTP/1.1" 200 OK
[SCHEDULER] Cache miss for 2026-06-17. Fetching from API...
[DATABASE] Connected to MongoDB Atlas (Synchronous)
[DEEN API] Serving cached prayer times for 2026-06-17
INFO:     127.0.0.1:51713 - "GET /api/deen/prayer-times HTTP/1.1" 200 OK
[SCHEDULER] Cache miss for 2026-06-17. Fetching from API...
[DEEN API] Serving cached prayer times for 2026-06-17
INFO:     127.0.0.1:51956 - "GET /api/deen/prayer-times HTTP/1.1" 200 OK
[SCHEDULER] Cache miss for 2026-06-17. Fetching from API...
[DEEN API] Serving cached prayer times for 2026-06-17
INFO:     127.0.0.1:52201 - "GET /api/deen/prayer-times HTTP/1.1" 200 OK
[SCHEDULER] Cache miss for 2026-06-17. Fetching from API...
[DEEN API] Serving cached prayer times for 2026-06-17
INFO:     127.0.0.1:52450 - "GET /api/deen/prayer-times HTTP/1.1" 200 OK
[SCHEDULER] Cache miss for 2026-06-17. Fetching from API...
[DEEN API] Serving cached prayer times for 2026-06-17
INFO:     127.0.0.1:52693 - "GET /api/deen/prayer-times HTTP/1.1" 200 OK
[SCHEDULER] Cache miss for 2026-06-17. Fetching from API...
[DEEN API] Serving cached prayer times for 2026-06-17
INFO:     127.0.0.1:52939 - "GET /api/deen/prayer-times HTTP/1.1" 200 OK
[SCHEDULER] Cache miss for 2026-06-17. Fetching from API...
[DEEN API] Serving cached prayer times for 2026-06-17
INFO:     127.0.0.1:53181 - "GET /api/deen/prayer-times HTTP/1.1" 200 OK
[SCHEDULER] Cache miss for 2026-06-17. Fetching from API...
[DEEN API] Serving cached prayer times for 2026-06-17
INFO:     127.0.0.1:53444 - "GET /api/deen/prayer-times HTTP/1.1" 200 OK
[SCHEDULER] Cache miss for 2026-06-17. Fetching from API...
[DEEN API] Serving cached prayer times for 2026-06-17
INFO:     127.0.0.1:53691 - "GET /api/deen/prayer-times HTTP/1.1" 200 OK
[SCHEDULER] Cache miss for 2026-06-17. Fetching from API...
[DEEN API] Serving cached prayer times for 2026-06-17
INFO:     127.0.0.1:53933 - "GET /api/deen/prayer-times HTTP/1.1" 200 OK
[SCHEDULER] Cache miss for 2026-06-17. Fetching from API...
[DEEN API] Serving cached prayer times for 2026-06-17
INFO:     127.0.0.1:54203 - "GET /api/deen/prayer-times HTTP/1.1" 200 OK
[SCHEDULER] Cache miss for 2026-06-17. Fetching from API...
[DEEN API] Serving cached prayer times for 2026-06-17
INFO:     127.0.0.1:54445 - "GET /api/deen/prayer-times HTTP/1.1" 200 OK
[SCHEDULER] Cache miss for 2026-06-17. Fetching from API...
[DEEN API] Serving cached prayer times for 2026-06-17
INFO:     127.0.0.1:54618 - "GET /api/deen/prayer-times HTTP/1.1" 200 OK
[SCHEDULER] Cache miss for 2026-06-17. Fetching from API...
[DEEN API] Serving cached prayer times for 2026-06-17
INFO:     127.0.0.1:54622 - "GET /api/deen/prayer-times HTTP/1.1" 200 OK
[SCHEDULER] Salah time for Dhuhr (12:29)! Alerting Chaman...
INFO:     127.0.0.1:54624 - "POST /api/push/send HTTP/1.1" 503 Service Unavailable
[SCHEDULER] Push dispatched: 0 devices notified.
[SCHEDULER] Cache miss for 2026-06-17. Fetching from API...
[DEEN API] Serving cached prayer times for 2026-06-17
INFO:     127.0.0.1:54627 - "GET /api/deen/prayer-times HTTP/1.1" 200 OK
[SCHEDULER] Cache miss for 2026-06-17. Fetching from API...
[DEEN API] Serving cached prayer times for 2026-06-17
INFO:     127.0.0.1:54633 - "GET /api/deen/prayer-times HTTP/1.1" 200 OK
[SCHEDULER] Cache miss for 2026-06-17. Fetching from API...
[DEEN API] Serving cached prayer times for 2026-06-17
INFO:     127.0.0.1:54638 - "GET /api/deen/prayer-times HTTP/1.1" 200 OK
[SCHEDULER] Cache miss for 2026-06-17. Fetching from API...
[DEEN API] Serving cached prayer times for 2026-06-17
INFO:     127.0.0.1:54646 - "GET /api/deen/prayer-times HTTP/1.1" 200 OK
[SCHEDULER] Cache miss for 2026-06-17. Fetching from API...
[DEEN API] Serving cached prayer times for 2026-06-17
INFO:     127.0.0.1:54651 - "GET /api/deen/prayer-times HTTP/1.1" 200 OK
[SCHEDULER] Cache miss for 2026-06-17. Fetching from API...
[DEEN API] Serving cached prayer times for 2026-06-17
INFO:     127.0.0.1:54659 - "GET /api/deen/prayer-times HTTP/1.1" 200 OK
[SCHEDULER] Cache miss for 2026-06-17. Fetching from API...
[DEEN API] Serving cached prayer times for 2026-06-17
INFO:     127.0.0.1:54662 - "GET /api/deen/prayer-times HTTP/1.1" 200 OK
[SCHEDULER] Cache miss for 2026-06-17. Fetching from API...
[DEEN API] Serving cached prayer times for 2026-06-17
INFO:     127.0.0.1:54666 - "GET /api/deen/prayer-times HTTP/1.1" 200 OK
[SCHEDULER] Cache miss for 2026-06-17. Fetching from API...
[DEEN API] Serving cached prayer times for 2026-06-17
INFO:     127.0.0.1:54668 - "GET /api/deen/prayer-times HTTP/1.1" 200 OK
[SCHEDULER] Cache miss for 2026-06-17. Fetching from API...
[DEEN API] Serving cached prayer times for 2026-06-17
INFO:     127.0.0.1:54670 - "GET /api/deen/prayer-times HTTP/1.1" 200 OK
[SCHEDULER] Cache miss for 2026-06-17. Fetching from API...
[DEEN API] Serving cached prayer times for 2026-06-17
INFO:     127.0.0.1:54672 - "GET /api/deen/prayer-times HTTP/1.1" 200 OK
[SCHEDULER] Cache miss for 2026-06-17. Fetching from API...
[DEEN API] Serving cached prayer times for 2026-06-17
INFO:     127.0.0.1:54727 - "GET /api/deen/prayer-times HTTP/1.1" 200 OK
[SCHEDULER] Cache miss for 2026-06-17. Fetching from API...
[DEEN API] Serving cached prayer times for 2026-06-17
INFO:     127.0.0.1:54772 - "GET /api/deen/prayer-times HTTP/1.1" 200 OK
[SCHEDULER] Cache miss for 2026-06-17. Fetching from API...
[DEEN API] Serving cached prayer times for 2026-06-17
INFO:     127.0.0.1:54805 - "GET /api/deen/prayer-times HTTP/1.1" 200 OK
[SCHEDULER] Cache miss for 2026-06-17. Fetching from API...
[DEEN API] Serving cached prayer times for 2026-06-17
INFO:     127.0.0.1:54811 - "GET /api/deen/prayer-times HTTP/1.1" 200 OK
[SCHEDULER] Cache miss for 2026-06-17. Fetching from API...
[DEEN API] Serving cached prayer times for 2026-06-17
INFO:     127.0.0.1:54860 - "GET /api/deen/prayer-times HTTP/1.1" 200 OK
[SCHEDULER] Cache miss for 2026-06-17. Fetching from API...
[DEEN API] Serving cached prayer times for 2026-06-17
INFO:     127.0.0.1:54885 - "GET /api/deen/prayer-times HTTP/1.1" 200 OK
[SCHEDULER] Cache miss for 2026-06-17. Fetching from API...
[DEEN API] Serving cached prayer times for 2026-06-17
INFO:     127.0.0.1:54892 - "GET /api/deen/prayer-times HTTP/1.1" 200 OK
[SCHEDULER] Cache miss for 2026-06-17. Fetching from API...
[DEEN API] Serving cached prayer times for 2026-06-17
INFO:     127.0.0.1:54896 - "GET /api/deen/prayer-times HTTP/1.1" 200 OK
[SCHEDULER] Cache miss for 2026-06-17. Fetching from API...
[DEEN API] Serving cached prayer times for 2026-06-17
INFO:     127.0.0.1:54901 - "GET /api/deen/prayer-times HTTP/1.1" 200 OK
[SCHEDULER] Cache miss for 2026-06-17. Fetching from API...
[DEEN API] Serving cached prayer times for 2026-06-17
INFO:     127.0.0.1:54907 - "GET /api/deen/prayer-times HTTP/1.1" 200 OK
[SCHEDULER] Cache miss for 2026-06-17. Fetching from API...
[DEEN API] Serving cached prayer times for 2026-06-17
INFO:     127.0.0.1:54912 - "GET /api/deen/prayer-times HTTP/1.1" 200 OK
[SCHEDULER] Cache miss for 2026-06-17. Fetching from API...
[DEEN API] Serving cached prayer times for 2026-06-17
INFO:     127.0.0.1:54926 - "GET /api/deen/prayer-times HTTP/1.1" 200 OK
[SCHEDULER] Cache miss for 2026-06-17. Fetching from API...
[DEEN API] Serving cached prayer times for 2026-06-17
INFO:     127.0.0.1:54931 - "GET /api/deen/prayer-times HTTP/1.1" 200 OK
[SCHEDULER] Cache miss for 2026-06-17. Fetching from API...
[DEEN API] Serving cached prayer times for 2026-06-17
INFO:     127.0.0.1:54936 - "GET /api/deen/prayer-times HTTP/1.1" 200 OK
[SCHEDULER] Cache miss for 2026-06-17. Fetching from API...
[DEEN API] Serving cached prayer times for 2026-06-17
INFO:     127.0.0.1:54942 - "GET /api/deen/prayer-times HTTP/1.1" 200 OK
[SCHEDULER] Cache miss for 2026-06-17. Fetching from API...
[DEEN API] Serving cached prayer times for 2026-06-17
INFO:     127.0.0.1:54950 - "GET /api/deen/prayer-times HTTP/1.1" 200 OK
[SCHEDULER] Cache miss for 2026-06-17. Fetching from API...
[DEEN API] Serving cached prayer times for 2026-06-17
INFO:     127.0.0.1:54955 - "GET /api/deen/prayer-times HTTP/1.1" 200 OK
[SCHEDULER] Cache miss for 2026-06-17. Fetching from API...
[DEEN API] Serving cached prayer times for 2026-06-17
INFO:     127.0.0.1:54959 - "GET /api/deen/prayer-times HTTP/1.1" 200 OK
[SCHEDULER] Cache miss for 2026-06-17. Fetching from API...
[DEEN API] Serving cached prayer times for 2026-06-17
INFO:     127.0.0.1:54970 - "GET /api/deen/prayer-times HTTP/1.1" 200 OK
[SCHEDULER] Cache miss for 2026-06-17. Fetching from API...
[DEEN API] Serving cached prayer times for 2026-06-17
INFO:     127.0.0.1:54979 - "GET /api/deen/prayer-times HTTP/1.1" 200 OK
[SCHEDULER] Cache miss for 2026-06-17. Fetching from API...
[DEEN API] Serving cached prayer times for 2026-06-17
INFO:     127.0.0.1:54982 - "GET /api/deen/prayer-times HTTP/1.1" 200 OK
[SCHEDULER] Cache miss for 2026-06-17. Fetching from API...
[DEEN API] Serving cached prayer times for 2026-06-17
INFO:     127.0.0.1:54985 - "GET /api/deen/prayer-times HTTP/1.1" 200 OK
[SCHEDULER] Cache miss for 2026-06-17. Fetching from API...
[DEEN API] Serving cached prayer times for 2026-06-17
INFO:     127.0.0.1:55014 - "GET /api/deen/prayer-times HTTP/1.1" 200 OK
[SCHEDULER] Cache miss for 2026-06-17. Fetching from API...
[DEEN API] Serving cached prayer times for 2026-06-17
INFO:     127.0.0.1:55030 - "GET /api/deen/prayer-times HTTP/1.1" 200 OK
[SCHEDULER] Cache miss for 2026-06-17. Fetching from API...
[DEEN API] Serving cached prayer times for 2026-06-17
INFO:     127.0.0.1:55036 - "GET /api/deen/prayer-times HTTP/1.1" 200 OK
[SCHEDULER] Cache miss for 2026-06-17. Fetching from API...
[DEEN API] Serving cached prayer times for 2026-06-17
INFO:     127.0.0.1:55061 - "GET /api/deen/prayer-times HTTP/1.1" 200 OK
[SCHEDULER] Cache miss for 2026-06-17. Fetching from API...
[DEEN API] Serving cached prayer times for 2026-06-17
INFO:     127.0.0.1:55073 - "GET /api/deen/prayer-times HTTP/1.1" 200 OK
[SCHEDULER] Cache miss for 2026-06-17. Fetching from API...
[SCHEDULER] Failed to load prayer timings from API: HTTPConnectionPool(host='localhost', port=8001): Read timed out. (read timeout=10)
[SCHEDULER] Fasting check failed: HTTPConnectionPool(host='localhost', port=8001): Read timed out. (read timeout=5)
INFO:     127.0.0.1:55127 - "GET /api/deen/prayer-times HTTP/1.1" 500 Internal Server Error
ERROR:    Exception in ASGI application
Traceback (most recent call last):
  File "/Users/syedchamansha/.gemini/antigravity/worktrees/Virtual-mind/explore-elesium-architecture-features/venv/lib/python3.12/site-packages/uvicorn/protocols/http/h11_impl.py", line 415, in run_asgi
    result = await app(  # type: ignore[func-returns-value]
             ^^^^^^^^^^^^^^^^^^^^^^^^^^^^^^^^^^^^^^^^^^^^^^
  File "/Users/syedchamansha/.gemini/antigravity/worktrees/Virtual-mind/explore-elesium-architecture-features/venv/lib/python3.12/site-packages/uvicorn/middleware/proxy_headers.py", line 62, in __call__
    return await self.app(scope, receive, send)
           ^^^^^^^^^^^^^^^^^^^^^^^^^^^^^^^^^^^^
  File "/Users/syedchamansha/.gemini/antigravity/worktrees/Virtual-mind/explore-elesium-architecture-features/venv/lib/python3.12/site-packages/fastapi/applications.py", line 1162, in __call__
    await super().__call__(scope, receive, send)
  File "/Users/syedchamansha/.gemini/antigravity/worktrees/Virtual-mind/explore-elesium-architecture-features/venv/lib/python3.12/site-packages/starlette/applications.py", line 90, in __call__
    await self.middleware_stack(scope, receive, send)
  File "/Users/syedchamansha/.gemini/antigravity/worktrees/Virtual-mind/explore-elesium-architecture-features/venv/lib/python3.12/site-packages/starlette/middleware/errors.py", line 186, in __call__
    raise exc
  File "/Users/syedchamansha/.gemini/antigravity/worktrees/Virtual-mind/explore-elesium-architecture-features/venv/lib/python3.12/site-packages/starlette/middleware/errors.py", line 164, in __call__
    await self.app(scope, receive, _send)
  File "/Users/syedchamansha/.gemini/antigravity/worktrees/Virtual-mind/explore-elesium-architecture-features/venv/lib/python3.12/site-packages/starlette/middleware/base.py", line 193, in __call__
    response = await self.dispatch_func(request, call_next)
               ^^^^^^^^^^^^^^^^^^^^^^^^^^^^^^^^^^^^^^^^^^^^
  File "/Users/syedchamansha/.gemini/antigravity/worktrees/Virtual-mind/explore-elesium-architecture-features/api/main.py", line 58, in dynamic_cors_middleware
    response = await call_next(request)
               ^^^^^^^^^^^^^^^^^^^^^^^^
  File "/Users/syedchamansha/.gemini/antigravity/worktrees/Virtual-mind/explore-elesium-architecture-features/venv/lib/python3.12/site-packages/starlette/middleware/base.py", line 168, in call_next
    raise app_exc from app_exc.__cause__ or app_exc.__context__
  File "/Users/syedchamansha/.gemini/antigravity/worktrees/Virtual-mind/explore-elesium-architecture-features/venv/lib/python3.12/site-packages/starlette/middleware/base.py", line 144, in coro
    await self.app(scope, receive_or_disconnect, send_no_error)
  File "/Users/syedchamansha/.gemini/antigravity/worktrees/Virtual-mind/explore-elesium-architecture-features/venv/lib/python3.12/site-packages/starlette/middleware/exceptions.py", line 63, in __call__
    await wrap_app_handling_exceptions(self.app, conn)(scope, receive, send)
  File "/Users/syedchamansha/.gemini/antigravity/worktrees/Virtual-mind/explore-elesium-architecture-features/venv/lib/python3.12/site-packages/starlette/_exception_handler.py", line 53, in wrapped_app
    raise exc
  File "/Users/syedchamansha/.gemini/antigravity/worktrees/Virtual-mind/explore-elesium-architecture-features/venv/lib/python3.12/site-packages/starlette/_exception_handler.py", line 42, in wrapped_app
    await app(scope, receive, sender)
  File "/Users/syedchamansha/.gemini/antigravity/worktrees/Virtual-mind/explore-elesium-architecture-features/venv/lib/python3.12/site-packages/fastapi/middleware/asyncexitstack.py", line 18, in __call__
    await self.app(scope, receive, send)
  File "/Users/syedchamansha/.gemini/antigravity/worktrees/Virtual-mind/explore-elesium-architecture-features/venv/lib/python3.12/site-packages/starlette/routing.py", line 660, in __call__
    await self.middleware_stack(scope, receive, send)
  File "/Users/syedchamansha/.gemini/antigravity/worktrees/Virtual-mind/explore-elesium-architecture-features/venv/lib/python3.12/site-packages/starlette/routing.py", line 680, in app
    await route.handle(scope, receive, send)
  File "/Users/syedchamansha/.gemini/antigravity/worktrees/Virtual-mind/explore-elesium-architecture-features/venv/lib/python3.12/site-packages/fastapi/routing.py", line 1574, in handle
    await self.original_router.handle(scope, receive, send)
  File "/Users/syedchamansha/.gemini/antigravity/worktrees/Virtual-mind/explore-elesium-architecture-features/venv/lib/python3.12/site-packages/fastapi/routing.py", line 2012, in handle
    await included_router._handle_selected(scope, receive, send)
  File "/Users/syedchamansha/.gemini/antigravity/worktrees/Virtual-mind/explore-elesium-architecture-features/venv/lib/python3.12/site-packages/fastapi/routing.py", line 1594, in _handle_selected
    await original_route.handle(scope, receive, send)
  File "/Users/syedchamansha/.gemini/antigravity/worktrees/Virtual-mind/explore-elesium-architecture-features/venv/lib/python3.12/site-packages/fastapi/routing.py", line 1183, in handle
    await app(scope, receive, send)
  File "/Users/syedchamansha/.gemini/antigravity/worktrees/Virtual-mind/explore-elesium-architecture-features/venv/lib/python3.12/site-packages/fastapi/routing.py", line 143, in app
    await wrap_app_handling_exceptions(app, request)(scope, receive, send)
  File "/Users/syedchamansha/.gemini/antigravity/worktrees/Virtual-mind/explore-elesium-architecture-features/venv/lib/python3.12/site-packages/starlette/_exception_handler.py", line 53, in wrapped_app
    raise exc
  File "/Users/syedchamansha/.gemini/antigravity/worktrees/Virtual-mind/explore-elesium-architecture-features/venv/lib/python3.12/site-packages/starlette/_exception_handler.py", line 42, in wrapped_app
    await app(scope, receive, sender)
  File "/Users/syedchamansha/.gemini/antigravity/worktrees/Virtual-mind/explore-elesium-architecture-features/venv/lib/python3.12/site-packages/fastapi/routing.py", line 129, in app
    response = await f(request)
               ^^^^^^^^^^^^^^^^
  File "/Users/syedchamansha/.gemini/antigravity/worktrees/Virtual-mind/explore-elesium-architecture-features/venv/lib/python3.12/site-packages/fastapi/routing.py", line 683, in app
    raw_response = await run_endpoint_function(
                   ^^^^^^^^^^^^^^^^^^^^^^^^^^^^
  File "/Users/syedchamansha/.gemini/antigravity/worktrees/Virtual-mind/explore-elesium-architecture-features/venv/lib/python3.12/site-packages/fastapi/routing.py", line 337, in run_endpoint_function
    return await dependant.call(**values)
           ^^^^^^^^^^^^^^^^^^^^^^^^^^^^^^
  File "/Users/syedchamansha/.gemini/antigravity/worktrees/Virtual-mind/explore-elesium-architecture-features/api/routes/deen.py", line 31, in get_prayer_times
    cached = db.prayer_cache.find_one({"_id": cache_key})
             ^^^^^^^^^^^^^^^^^^^^^^^^^^^^^^^^^^^^^^^^^^^^
  File "/Users/syedchamansha/.gemini/antigravity/worktrees/Virtual-mind/explore-elesium-architecture-features/venv/lib/python3.12/site-packages/pymongo/synchronous/collection.py", line 1754, in find_one
    for result in cursor.limit(-1):
  File "/Users/syedchamansha/.gemini/antigravity/worktrees/Virtual-mind/explore-elesium-architecture-features/venv/lib/python3.12/site-packages/pymongo/synchronous/cursor.py", line 1166, in __next__
    return self.next()
           ^^^^^^^^^^^
  File "/Users/syedchamansha/.gemini/antigravity/worktrees/Virtual-mind/explore-elesium-architecture-features/venv/lib/python3.12/site-packages/pymongo/synchronous/cursor.py", line 1142, in next
    if len(self._data) or self._refresh():
                          ^^^^^^^^^^^^^^^
  File "/Users/syedchamansha/.gemini/antigravity/worktrees/Virtual-mind/explore-elesium-architecture-features/venv/lib/python3.12/site-packages/pymongo/synchronous/cursor.py", line 1090, in _refresh
    self._send_message(q)
  File "/Users/syedchamansha/.gemini/antigravity/worktrees/Virtual-mind/explore-elesium-architecture-features/venv/lib/python3.12/site-packages/pymongo/synchronous/cursor.py", line 985, in _send_message
    response = client._run_operation(
               ^^^^^^^^^^^^^^^^^^^^^^
  File "/Users/syedchamansha/.gemini/antigravity/worktrees/Virtual-mind/explore-elesium-architecture-features/venv/lib/python3.12/site-packages/pymongo/_csot.py", line 125, in csot_wrapper
    return func(self, *args, **kwargs)
           ^^^^^^^^^^^^^^^^^^^^^^^^^^^
  File "/Users/syedchamansha/.gemini/antigravity/worktrees/Virtual-mind/explore-elesium-architecture-features/venv/lib/python3.12/site-packages/pymongo/synchronous/mongo_client.py", line 1956, in _run_operation
    return self._retryable_read(
           ^^^^^^^^^^^^^^^^^^^^^
  File "/Users/syedchamansha/.gemini/antigravity/worktrees/Virtual-mind/explore-elesium-architecture-features/venv/lib/python3.12/site-packages/pymongo/synchronous/mongo_client.py", line 2076, in _retryable_read
    return self._retry_internal(
           ^^^^^^^^^^^^^^^^^^^^^
  File "/Users/syedchamansha/.gemini/antigravity/worktrees/Virtual-mind/explore-elesium-architecture-features/venv/lib/python3.12/site-packages/pymongo/_csot.py", line 125, in csot_wrapper
    return func(self, *args, **kwargs)
           ^^^^^^^^^^^^^^^^^^^^^^^^^^^
  File "/Users/syedchamansha/.gemini/antigravity/worktrees/Virtual-mind/explore-elesium-architecture-features/venv/lib/python3.12/site-packages/pymongo/synchronous/mongo_client.py", line 2038, in _retry_internal
    ).run()
      ^^^^^
  File "/Users/syedchamansha/.gemini/antigravity/worktrees/Virtual-mind/explore-elesium-architecture-features/venv/lib/python3.12/site-packages/pymongo/synchronous/mongo_client.py", line 2811, in run
    res = self._read() if self._is_read else self._write()
          ^^^^^^^^^^^^
  File "/Users/syedchamansha/.gemini/antigravity/worktrees/Virtual-mind/explore-elesium-architecture-features/venv/lib/python3.12/site-packages/pymongo/synchronous/mongo_client.py", line 3027, in _read
    self._server = self._get_server()
                   ^^^^^^^^^^^^^^^^^^
  File "/Users/syedchamansha/.gemini/antigravity/worktrees/Virtual-mind/explore-elesium-architecture-features/venv/lib/python3.12/site-packages/pymongo/synchronous/mongo_client.py", line 2975, in _get_server
    return self._client._select_server(
           ^^^^^^^^^^^^^^^^^^^^^^^^^^^^
  File "/Users/syedchamansha/.gemini/antigravity/worktrees/Virtual-mind/explore-elesium-architecture-features/venv/lib/python3.12/site-packages/pymongo/synchronous/mongo_client.py", line 1851, in _select_server
    server = topology.select_server(
             ^^^^^^^^^^^^^^^^^^^^^^^
  File "/Users/syedchamansha/.gemini/antigravity/worktrees/Virtual-mind/explore-elesium-architecture-features/venv/lib/python3.12/site-packages/pymongo/synchronous/topology.py", line 428, in select_server
    server = self._select_server(
             ^^^^^^^^^^^^^^^^^^^^
  File "/Users/syedchamansha/.gemini/antigravity/worktrees/Virtual-mind/explore-elesium-architecture-features/venv/lib/python3.12/site-packages/pymongo/synchronous/topology.py", line 402, in _select_server
    servers = self.select_servers(
              ^^^^^^^^^^^^^^^^^^^^
  File "/Users/syedchamansha/.gemini/antigravity/worktrees/Virtual-mind/explore-elesium-architecture-features/venv/lib/python3.12/site-packages/pymongo/synchronous/topology.py", line 298, in select_servers
    server_descriptions = self._select_servers_loop(
                          ^^^^^^^^^^^^^^^^^^^^^^^^^^
  File "/Users/syedchamansha/.gemini/antigravity/worktrees/Virtual-mind/explore-elesium-architecture-features/venv/lib/python3.12/site-packages/pymongo/synchronous/topology.py", line 359, in _select_servers_loop
    raise ServerSelectionTimeoutError(
pymongo.errors.ServerSelectionTimeoutError: ac-zxvezvt-shard-00-02.eodnhtr.mongodb.net:27017: timed out (configured timeouts: socketTimeoutMS: 20000.0ms, connectTimeoutMS: 20000.0ms),ac-zxvezvt-shard-00-00.eodnhtr.mongodb.net:27017: timed out (configured timeouts: socketTimeoutMS: 20000.0ms, connectTimeoutMS: 20000.0ms),ac-zxvezvt-shard-00-01.eodnhtr.mongodb.net:27017: timed out (configured timeouts: socketTimeoutMS: 20000.0ms, connectTimeoutMS: 20000.0ms), Timeout: 30s, Topology Description: <TopologyDescription id: 6a3242dfbc355916d230dc94, topology_type: ReplicaSetNoPrimary, servers: [<ServerDescription ('ac-zxvezvt-shard-00-00.eodnhtr.mongodb.net', 27017) server_type: Unknown, rtt: None, error=NetworkTimeout('ac-zxvezvt-shard-00-00.eodnhtr.mongodb.net:27017: timed out (configured timeouts: socketTimeoutMS: 20000.0ms, connectTimeoutMS: 20000.0ms)')>, <ServerDescription ('ac-zxvezvt-shard-00-01.eodnhtr.mongodb.net', 27017) server_type: Unknown, rtt: None, error=NetworkTimeout('ac-zxvezvt-shard-00-01.eodnhtr.mongodb.net:27017: timed out (configured timeouts: socketTimeoutMS: 20000.0ms, connectTimeoutMS: 20000.0ms)')>, <ServerDescription ('ac-zxvezvt-shard-00-02.eodnhtr.mongodb.net', 27017) server_type: Unknown, rtt: None, error=NetworkTimeout('ac-zxvezvt-shard-00-02.eodnhtr.mongodb.net:27017: timed out (configured timeouts: socketTimeoutMS: 20000.0ms, connectTimeoutMS: 20000.0ms)')>]>
ERROR:    Exception in ASGI application
Traceback (most recent call last):
  File "/Users/syedchamansha/.gemini/antigravity/worktrees/Virtual-mind/explore-elesium-architecture-features/venv/lib/python3.12/site-packages/uvicorn/protocols/http/h11_impl.py", line 415, in run_asgi
    result = await app(  # type: ignore[func-returns-value]
             ^^^^^^^^^^^^^^^^^^^^^^^^^^^^^^^^^^^^^^^^^^^^^^
  File "/Users/syedchamansha/.gemini/antigravity/worktrees/Virtual-mind/explore-elesium-architecture-features/venv/lib/python3.12/site-packages/uvicorn/middleware/proxy_headers.py", line 62, in __call__
    return await self.app(scope, receive, send)
           ^^^^^^^^^^^^^^^^^^^^^^^^^^^^^^^^^^^^
  File "/Users/syedchamansha/.gemini/antigravity/worktrees/Virtual-mind/explore-elesium-architecture-features/venv/lib/python3.12/site-packages/fastapi/applications.py", line 1162, in __call__
    await super().__call__(scope, receive, send)
  File "/Users/syedchamansha/.gemini/antigravity/worktrees/Virtual-mind/explore-elesium-architecture-features/venv/lib/python3.12/site-packages/starlette/applications.py", line 90, in __call__
    await self.middleware_stack(scope, receive, send)
  File "/Users/syedchamansha/.gemini/antigravity/worktrees/Virtual-mind/explore-elesium-architecture-features/venv/lib/python3.12/site-packages/starlette/middleware/errors.py", line 186, in __call__
    raise exc
  File "/Users/syedchamansha/.gemini/antigravity/worktrees/Virtual-mind/explore-elesium-architecture-features/venv/lib/python3.12/site-packages/starlette/middleware/errors.py", line 164, in __call__
    await self.app(scope, receive, _send)
  File "/Users/syedchamansha/.gemini/antigravity/worktrees/Virtual-mind/explore-elesium-architecture-features/venv/lib/python3.12/site-packages/starlette/middleware/base.py", line 193, in __call__
    response = await self.dispatch_func(request, call_next)
               ^^^^^^^^^^^^^^^^^^^^^^^^^^^^^^^^^^^^^^^^^^^^
  File "/Users/syedchamansha/.gemini/antigravity/worktrees/Virtual-mind/explore-elesium-architecture-features/api/main.py", line 58, in dynamic_cors_middleware
    response = await call_next(request)
               ^^^^^^^^^^^^^^^^^^^^^^^^
  File "/Users/syedchamansha/.gemini/antigravity/worktrees/Virtual-mind/explore-elesium-architecture-features/venv/lib/python3.12/site-packages/starlette/middleware/base.py", line 168, in call_next
    raise app_exc from app_exc.__cause__ or app_exc.__context__
  File "/Users/syedchamansha/.gemini/antigravity/worktrees/Virtual-mind/explore-elesium-architecture-features/venv/lib/python3.12/site-packages/starlette/middleware/base.py", line 144, in coro
    await self.app(scope, receive_or_disconnect, send_no_error)
  File "/Users/syedchamansha/.gemini/antigravity/worktrees/Virtual-mind/explore-elesium-architecture-features/venv/lib/python3.12/site-packages/starlette/middleware/exceptions.py", line 63, in __call__
    await wrap_app_handling_exceptions(self.app, conn)(scope, receive, send)
  File "/Users/syedchamansha/.gemini/antigravity/worktrees/Virtual-mind/explore-elesium-architecture-features/venv/lib/python3.12/site-packages/starlette/_exception_handler.py", line 53, in wrapped_app
    raise exc
  File "/Users/syedchamansha/.gemini/antigravity/worktrees/Virtual-mind/explore-elesium-architecture-features/venv/lib/python3.12/site-packages/starlette/_exception_handler.py", line 42, in wrapped_app
    await app(scope, receive, sender)
  File "/Users/syedchamansha/.gemini/antigravity/worktrees/Virtual-mind/explore-elesium-architecture-features/venv/lib/python3.12/site-packages/fastapi/middleware/asyncexitstack.py", line 18, in __call__
    await self.app(scope, receive, send)
  File "/Users/syedchamansha/.gemini/antigravity/worktrees/Virtual-mind/explore-elesium-architecture-features/venv/lib/python3.12/site-packages/starlette/routing.py", line 660, in __call__
    await self.middleware_stack(scope, receive, send)
  File "/Users/syedchamansha/.gemini/antigravity/worktrees/Virtual-mind/explore-elesium-architecture-features/venv/lib/python3.12/site-packages/starlette/routing.py", line 680, in app
    await route.handle(scope, receive, send)
  File "/Users/syedchamansha/.gemini/antigravity/worktrees/Virtual-mind/explore-elesium-architecture-features/venv/lib/python3.12/site-packages/fastapi/routing.py", line 1574, in handle
    await self.original_router.handle(scope, receive, send)
  File "/Users/syedchamansha/.gemini/antigravity/worktrees/Virtual-mind/explore-elesium-architecture-features/venv/lib/python3.12/site-packages/fastapi/routing.py", line 2012, in handle
    await included_router._handle_selected(scope, receive, send)
  File "/Users/syedchamansha/.gemini/antigravity/worktrees/Virtual-mind/explore-elesium-architecture-features/venv/lib/python3.12/site-packages/fastapi/routing.py", line 1594, in _handle_selected
    await original_route.handle(scope, receive, send)
  File "/Users/syedchamansha/.gemini/antigravity/worktrees/Virtual-mind/explore-elesium-architecture-features/venv/lib/python3.12/site-packages/fastapi/routing.py", line 1183, in handle
    await app(scope, receive, send)
  File "/Users/syedchamansha/.gemini/antigravity/worktrees/Virtual-mind/explore-elesium-architecture-features/venv/lib/python3.12/site-packages/fastapi/routing.py", line 143, in app
    await wrap_app_handling_exceptions(app, request)(scope, receive, send)
  File "/Users/syedchamansha/.gemini/antigravity/worktrees/Virtual-mind/explore-elesium-architecture-features/venv/lib/python3.12/site-packages/starlette/_exception_handler.py", line 53, in wrapped_app
    raise exc
  File "/Users/syedchamansha/.gemini/antigravity/worktrees/Virtual-mind/explore-elesium-architecture-features/venv/lib/python3.12/site-packages/starlette/_exception_handler.py", line 42, in wrapped_app
    await app(scope, receive, sender)
  File "/Users/syedchamansha/.gemini/antigravity/worktrees/Virtual-mind/explore-elesium-architecture-features/venv/lib/python3.12/site-packages/fastapi/routing.py", line 129, in app
    response = await f(request)
               ^^^^^^^^^^^^^^^^
  File "/Users/syedchamansha/.gemini/antigravity/worktrees/Virtual-mind/explore-elesium-architecture-features/venv/lib/python3.12/site-packages/fastapi/routing.py", line 683, in app
    raw_response = await run_endpoint_function(
                   ^^^^^^^^^^^^^^^^^^^^^^^^^^^^
  File "/Users/syedchamansha/.gemini/antigravity/worktrees/Virtual-mind/explore-elesium-architecture-features/venv/lib/python3.12/site-packages/fastapi/routing.py", line 339, in run_endpoint_function
    return await run_in_threadpool(dependant.call, **values)
           ^^^^^^^^^^^^^^^^^^^^^^^^^^^^^^^^^^^^^^^^^^^^^^^^^
  File "/Users/syedchamansha/.gemini/antigravity/worktrees/Virtual-mind/explore-elesium-architecture-features/venv/lib/python3.12/site-packages/starlette/concurrency.py", line 34, in run_in_threadpool
    return await anyio.to_thread.run_sync(func)
           ^^^^^^^^^^^^^^^^^^^^^^^^^^^^^^^^^^^^
  File "/Users/syedchamansha/.gemini/antigravity/worktrees/Virtual-mind/explore-elesium-architecture-features/venv/lib/python3.12/site-packages/anyio/to_thread.py", line 63, in run_sync
    return await get_async_backend().run_sync_in_worker_thread(
           ^^^^^^^^^^^^^^^^^^^^^^^^^^^^^^^^^^^^^^^^^^^^^^^^^^^^
  File "/Users/syedchamansha/.gemini/antigravity/worktrees/Virtual-mind/explore-elesium-architecture-features/venv/lib/python3.12/site-packages/anyio/_backends/_asyncio.py", line 2518, in run_sync_in_worker_thread
    return await future
           ^^^^^^^^^^^^
  File "/Users/syedchamansha/.gemini/antigravity/worktrees/Virtual-mind/explore-elesium-architecture-features/venv/lib/python3.12/site-packages/anyio/_backends/_asyncio.py", line 1002, in run
    result = context.run(func, *args)
             ^^^^^^^^^^^^^^^^^^^^^^^^
  File "/Users/syedchamansha/.gemini/antigravity/worktrees/Virtual-mind/explore-elesium-architecture-features/api/routes/health.py", line 214, in get_fast_status
    active = db.fast_logs.find_one({"end_time": {"$exists": False}}, sort=[("start_time", -1)])
             ^^^^^^^^^^^^^^^^^^^^^^^^^^^^^^^^^^^^^^^^^^^^^^^^^^^^^^^^^^^^^^^^^^^^^^^^^^^^^^^^^^
  File "/Users/syedchamansha/.gemini/antigravity/worktrees/Virtual-mind/explore-elesium-architecture-features/venv/lib/python3.12/site-packages/pymongo/synchronous/collection.py", line 1754, in find_one
    for result in cursor.limit(-1):
  File "/Users/syedchamansha/.gemini/antigravity/worktrees/Virtual-mind/explore-elesium-architecture-features/venv/lib/python3.12/site-packages/pymongo/synchronous/cursor.py", line 1166, in __next__
    return self.next()
           ^^^^^^^^^^^
  File "/Users/syedchamansha/.gemini/antigravity/worktrees/Virtual-mind/explore-elesium-architecture-features/venv/lib/python3.12/site-packages/pymongo/synchronous/cursor.py", line 1142, in next
    if len(self._data) or self._refresh():
                          ^^^^^^^^^^^^^^^
  File "/Users/syedchamansha/.gemini/antigravity/worktrees/Virtual-mind/explore-elesium-architecture-features/venv/lib/python3.12/site-packages/pymongo/synchronous/cursor.py", line 1090, in _refresh
    self._send_message(q)
  File "/Users/syedchamansha/.gemini/antigravity/worktrees/Virtual-mind/explore-elesium-architecture-features/venv/lib/python3.12/site-packages/pymongo/synchronous/cursor.py", line 985, in _send_message
    response = client._run_operation(
               ^^^^^^^^^^^^^^^^^^^^^^
  File "/Users/syedchamansha/.gemini/antigravity/worktrees/Virtual-mind/explore-elesium-architecture-features/venv/lib/python3.12/site-packages/pymongo/_csot.py", line 125, in csot_wrapper
    return func(self, *args, **kwargs)
           ^^^^^^^^^^^^^^^^^^^^^^^^^^^
  File "/Users/syedchamansha/.gemini/antigravity/worktrees/Virtual-mind/explore-elesium-architecture-features/venv/lib/python3.12/site-packages/pymongo/synchronous/mongo_client.py", line 1956, in _run_operation
    return self._retryable_read(
           ^^^^^^^^^^^^^^^^^^^^^
  File "/Users/syedchamansha/.gemini/antigravity/worktrees/Virtual-mind/explore-elesium-architecture-features/venv/lib/python3.12/site-packages/pymongo/synchronous/mongo_client.py", line 2076, in _retryable_read
    return self._retry_internal(
           ^^^^^^^^^^^^^^^^^^^^^
  File "/Users/syedchamansha/.gemini/antigravity/worktrees/Virtual-mind/explore-elesium-architecture-features/venv/lib/python3.12/site-packages/pymongo/_csot.py", line 125, in csot_wrapper
    return func(self, *args, **kwargs)
           ^^^^^^^^^^^^^^^^^^^^^^^^^^^
  File "/Users/syedchamansha/.gemini/antigravity/worktrees/Virtual-mind/explore-elesium-architecture-features/venv/lib/python3.12/site-packages/pymongo/synchronous/mongo_client.py", line 2038, in _retry_internal
    ).run()
      ^^^^^
  File "/Users/syedchamansha/.gemini/antigravity/worktrees/Virtual-mind/explore-elesium-architecture-features/venv/lib/python3.12/site-packages/pymongo/synchronous/mongo_client.py", line 2811, in run
    res = self._read() if self._is_read else self._write()
          ^^^^^^^^^^^^
  File "/Users/syedchamansha/.gemini/antigravity/worktrees/Virtual-mind/explore-elesium-architecture-features/venv/lib/python3.12/site-packages/pymongo/synchronous/mongo_client.py", line 3027, in _read
    self._server = self._get_server()
                   ^^^^^^^^^^^^^^^^^^
  File "/Users/syedchamansha/.gemini/antigravity/worktrees/Virtual-mind/explore-elesium-architecture-features/venv/lib/python3.12/site-packages/pymongo/synchronous/mongo_client.py", line 2975, in _get_server
    return self._client._select_server(
           ^^^^^^^^^^^^^^^^^^^^^^^^^^^^
  File "/Users/syedchamansha/.gemini/antigravity/worktrees/Virtual-mind/explore-elesium-architecture-features/venv/lib/python3.12/site-packages/pymongo/synchronous/mongo_client.py", line 1851, in _select_server
    server = topology.select_server(
             ^^^^^^^^^^^^^^^^^^^^^^^
  File "/Users/syedchamansha/.gemini/antigravity/worktrees/Virtual-mind/explore-elesium-architecture-features/venv/lib/python3.12/site-packages/pymongo/synchronous/topology.py", line 428, in select_server
    server = self._select_server(
             ^^^^^^^^^^^^^^^^^^^^
  File "/Users/syedchamansha/.gemini/antigravity/worktrees/Virtual-mind/explore-elesium-architecture-features/venv/lib/python3.12/site-packages/pymongo/synchronous/topology.py", line 402, in _select_server
    servers = self.select_servers(
              ^^^^^^^^^^^^^^^^^^^^
  File "/Users/syedchamansha/.gemini/antigravity/worktrees/Virtual-mind/explore-elesium-architecture-features/venv/lib/python3.12/site-packages/pymongo/synchronous/topology.py", line 298, in select_servers
    server_descriptions = self._select_servers_loop(
                          ^^^^^^^^^^^^^^^^^^^^^^^^^^
  File "/Users/syedchamansha/.gemini/antigravity/worktrees/Virtual-mind/explore-elesium-architecture-features/venv/lib/python3.12/site-packages/pymongo/synchronous/topology.py", line 359, in _select_servers_loop
    raise ServerSelectionTimeoutError(
pymongo.errors.ServerSelectionTimeoutError: ac-zxvezvt-shard-00-02.eodnhtr.mongodb.net:27017: timed out (configured timeouts: socketTimeoutMS: 20000.0ms, connectTimeoutMS: 20000.0ms),ac-zxvezvt-shard-00-00.eodnhtr.mongodb.net:27017: timed out (configured timeouts: socketTimeoutMS: 20000.0ms, connectTimeoutMS: 20000.0ms),ac-zxvezvt-shard-00-01.eodnhtr.mongodb.net:27017: timed out (configured timeouts: socketTimeoutMS: 20000.0ms, connectTimeoutMS: 20000.0ms), Timeout: 30s, Topology Description: <TopologyDescription id: 6a3242dfbc355916d230dc94, topology_type: ReplicaSetNoPrimary, servers: [<ServerDescription ('ac-zxvezvt-shard-00-00.eodnhtr.mongodb.net', 27017) server_type: Unknown, rtt: None, error=NetworkTimeout('ac-zxvezvt-shard-00-00.eodnhtr.mongodb.net:27017: timed out (configured timeouts: socketTimeoutMS: 20000.0ms, connectTimeoutMS: 20000.0ms)')>, <ServerDescription ('ac-zxvezvt-shard-00-01.eodnhtr.mongodb.net', 27017) server_type: Unknown, rtt: None, error=NetworkTimeout('ac-zxvezvt-shard-00-01.eodnhtr.mongodb.net:27017: timed out (configured timeouts: socketTimeoutMS: 20000.0ms, connectTimeoutMS: 20000.0ms)')>, <ServerDescription ('ac-zxvezvt-shard-00-02.eodnhtr.mongodb.net', 27017) server_type: Unknown, rtt: None, error=NetworkTimeout('ac-zxvezvt-shard-00-02.eodnhtr.mongodb.net:27017: timed out (configured timeouts: socketTimeoutMS: 20000.0ms, connectTimeoutMS: 20000.0ms)')>]>
[SCHEDULER] Cache miss for 2026-06-17. Fetching from API...
[SCHEDULER] Failed to load prayer timings from API: HTTPConnectionPool(host='localhost', port=8001): Read timed out. (read timeout=10)
[SCHEDULER] Hydration check failed: HTTPConnectionPool(host='localhost', port=8001): Read timed out. (read timeout=5)
INFO:     127.0.0.1:55237 - "GET /api/deen/prayer-times HTTP/1.1" 500 Internal Server Error
ERROR:    Exception in ASGI application
Traceback (most recent call last):
  File "/Users/syedchamansha/.gemini/antigravity/worktrees/Virtual-mind/explore-elesium-architecture-features/venv/lib/python3.12/site-packages/uvicorn/protocols/http/h11_impl.py", line 415, in run_asgi
    result = await app(  # type: ignore[func-returns-value]
             ^^^^^^^^^^^^^^^^^^^^^^^^^^^^^^^^^^^^^^^^^^^^^^
  File "/Users/syedchamansha/.gemini/antigravity/worktrees/Virtual-mind/explore-elesium-architecture-features/venv/lib/python3.12/site-packages/uvicorn/middleware/proxy_headers.py", line 62, in __call__
    return await self.app(scope, receive, send)
           ^^^^^^^^^^^^^^^^^^^^^^^^^^^^^^^^^^^^
  File "/Users/syedchamansha/.gemini/antigravity/worktrees/Virtual-mind/explore-elesium-architecture-features/venv/lib/python3.12/site-packages/fastapi/applications.py", line 1162, in __call__
    await super().__call__(scope, receive, send)
  File "/Users/syedchamansha/.gemini/antigravity/worktrees/Virtual-mind/explore-elesium-architecture-features/venv/lib/python3.12/site-packages/starlette/applications.py", line 90, in __call__
    await self.middleware_stack(scope, receive, send)
  File "/Users/syedchamansha/.gemini/antigravity/worktrees/Virtual-mind/explore-elesium-architecture-features/venv/lib/python3.12/site-packages/starlette/middleware/errors.py", line 186, in __call__
    raise exc
  File "/Users/syedchamansha/.gemini/antigravity/worktrees/Virtual-mind/explore-elesium-architecture-features/venv/lib/python3.12/site-packages/starlette/middleware/errors.py", line 164, in __call__
    await self.app(scope, receive, _send)
  File "/Users/syedchamansha/.gemini/antigravity/worktrees/Virtual-mind/explore-elesium-architecture-features/venv/lib/python3.12/site-packages/starlette/middleware/base.py", line 193, in __call__
    response = await self.dispatch_func(request, call_next)
               ^^^^^^^^^^^^^^^^^^^^^^^^^^^^^^^^^^^^^^^^^^^^
  File "/Users/syedchamansha/.gemini/antigravity/worktrees/Virtual-mind/explore-elesium-architecture-features/api/main.py", line 58, in dynamic_cors_middleware
    response = await call_next(request)
               ^^^^^^^^^^^^^^^^^^^^^^^^
  File "/Users/syedchamansha/.gemini/antigravity/worktrees/Virtual-mind/explore-elesium-architecture-features/venv/lib/python3.12/site-packages/starlette/middleware/base.py", line 168, in call_next
    raise app_exc from app_exc.__cause__ or app_exc.__context__
  File "/Users/syedchamansha/.gemini/antigravity/worktrees/Virtual-mind/explore-elesium-architecture-features/venv/lib/python3.12/site-packages/starlette/middleware/base.py", line 144, in coro
    await self.app(scope, receive_or_disconnect, send_no_error)
  File "/Users/syedchamansha/.gemini/antigravity/worktrees/Virtual-mind/explore-elesium-architecture-features/venv/lib/python3.12/site-packages/starlette/middleware/exceptions.py", line 63, in __call__
    await wrap_app_handling_exceptions(self.app, conn)(scope, receive, send)
  File "/Users/syedchamansha/.gemini/antigravity/worktrees/Virtual-mind/explore-elesium-architecture-features/venv/lib/python3.12/site-packages/starlette/_exception_handler.py", line 53, in wrapped_app
    raise exc
  File "/Users/syedchamansha/.gemini/antigravity/worktrees/Virtual-mind/explore-elesium-architecture-features/venv/lib/python3.12/site-packages/starlette/_exception_handler.py", line 42, in wrapped_app
    await app(scope, receive, sender)
  File "/Users/syedchamansha/.gemini/antigravity/worktrees/Virtual-mind/explore-elesium-architecture-features/venv/lib/python3.12/site-packages/fastapi/middleware/asyncexitstack.py", line 18, in __call__
    await self.app(scope, receive, send)
  File "/Users/syedchamansha/.gemini/antigravity/worktrees/Virtual-mind/explore-elesium-architecture-features/venv/lib/python3.12/site-packages/starlette/routing.py", line 660, in __call__
    await self.middleware_stack(scope, receive, send)
  File "/Users/syedchamansha/.gemini/antigravity/worktrees/Virtual-mind/explore-elesium-architecture-features/venv/lib/python3.12/site-packages/starlette/routing.py", line 680, in app
    await route.handle(scope, receive, send)
  File "/Users/syedchamansha/.gemini/antigravity/worktrees/Virtual-mind/explore-elesium-architecture-features/venv/lib/python3.12/site-packages/fastapi/routing.py", line 1574, in handle
    await self.original_router.handle(scope, receive, send)
  File "/Users/syedchamansha/.gemini/antigravity/worktrees/Virtual-mind/explore-elesium-architecture-features/venv/lib/python3.12/site-packages/fastapi/routing.py", line 2012, in handle
    await included_router._handle_selected(scope, receive, send)
  File "/Users/syedchamansha/.gemini/antigravity/worktrees/Virtual-mind/explore-elesium-architecture-features/venv/lib/python3.12/site-packages/fastapi/routing.py", line 1594, in _handle_selected
    await original_route.handle(scope, receive, send)
  File "/Users/syedchamansha/.gemini/antigravity/worktrees/Virtual-mind/explore-elesium-architecture-features/venv/lib/python3.12/site-packages/fastapi/routing.py", line 1183, in handle
    await app(scope, receive, send)
  File "/Users/syedchamansha/.gemini/antigravity/worktrees/Virtual-mind/explore-elesium-architecture-features/venv/lib/python3.12/site-packages/fastapi/routing.py", line 143, in app
    await wrap_app_handling_exceptions(app, request)(scope, receive, send)
  File "/Users/syedchamansha/.gemini/antigravity/worktrees/Virtual-mind/explore-elesium-architecture-features/venv/lib/python3.12/site-packages/starlette/_exception_handler.py", line 53, in wrapped_app
    raise exc
  File "/Users/syedchamansha/.gemini/antigravity/worktrees/Virtual-mind/explore-elesium-architecture-features/venv/lib/python3.12/site-packages/starlette/_exception_handler.py", line 42, in wrapped_app
    await app(scope, receive, sender)
  File "/Users/syedchamansha/.gemini/antigravity/worktrees/Virtual-mind/explore-elesium-architecture-features/venv/lib/python3.12/site-packages/fastapi/routing.py", line 129, in app
    response = await f(request)
               ^^^^^^^^^^^^^^^^
  File "/Users/syedchamansha/.gemini/antigravity/worktrees/Virtual-mind/explore-elesium-architecture-features/venv/lib/python3.12/site-packages/fastapi/routing.py", line 683, in app
    raw_response = await run_endpoint_function(
                   ^^^^^^^^^^^^^^^^^^^^^^^^^^^^
  File "/Users/syedchamansha/.gemini/antigravity/worktrees/Virtual-mind/explore-elesium-architecture-features/venv/lib/python3.12/site-packages/fastapi/routing.py", line 337, in run_endpoint_function
    return await dependant.call(**values)
           ^^^^^^^^^^^^^^^^^^^^^^^^^^^^^^
  File "/Users/syedchamansha/.gemini/antigravity/worktrees/Virtual-mind/explore-elesium-architecture-features/api/routes/deen.py", line 31, in get_prayer_times
    cached = db.prayer_cache.find_one({"_id": cache_key})
             ^^^^^^^^^^^^^^^^^^^^^^^^^^^^^^^^^^^^^^^^^^^^
  File "/Users/syedchamansha/.gemini/antigravity/worktrees/Virtual-mind/explore-elesium-architecture-features/venv/lib/python3.12/site-packages/pymongo/synchronous/collection.py", line 1754, in find_one
    for result in cursor.limit(-1):
  File "/Users/syedchamansha/.gemini/antigravity/worktrees/Virtual-mind/explore-elesium-architecture-features/venv/lib/python3.12/site-packages/pymongo/synchronous/cursor.py", line 1166, in __next__
    return self.next()
           ^^^^^^^^^^^
  File "/Users/syedchamansha/.gemini/antigravity/worktrees/Virtual-mind/explore-elesium-architecture-features/venv/lib/python3.12/site-packages/pymongo/synchronous/cursor.py", line 1142, in next
    if len(self._data) or self._refresh():
                          ^^^^^^^^^^^^^^^
  File "/Users/syedchamansha/.gemini/antigravity/worktrees/Virtual-mind/explore-elesium-architecture-features/venv/lib/python3.12/site-packages/pymongo/synchronous/cursor.py", line 1090, in _refresh
    self._send_message(q)
  File "/Users/syedchamansha/.gemini/antigravity/worktrees/Virtual-mind/explore-elesium-architecture-features/venv/lib/python3.12/site-packages/pymongo/synchronous/cursor.py", line 985, in _send_message
    response = client._run_operation(
               ^^^^^^^^^^^^^^^^^^^^^^
  File "/Users/syedchamansha/.gemini/antigravity/worktrees/Virtual-mind/explore-elesium-architecture-features/venv/lib/python3.12/site-packages/pymongo/_csot.py", line 125, in csot_wrapper
    return func(self, *args, **kwargs)
           ^^^^^^^^^^^^^^^^^^^^^^^^^^^
  File "/Users/syedchamansha/.gemini/antigravity/worktrees/Virtual-mind/explore-elesium-architecture-features/venv/lib/python3.12/site-packages/pymongo/synchronous/mongo_client.py", line 1956, in _run_operation
    return self._retryable_read(
           ^^^^^^^^^^^^^^^^^^^^^
  File "/Users/syedchamansha/.gemini/antigravity/worktrees/Virtual-mind/explore-elesium-architecture-features/venv/lib/python3.12/site-packages/pymongo/synchronous/mongo_client.py", line 2076, in _retryable_read
    return self._retry_internal(
           ^^^^^^^^^^^^^^^^^^^^^
  File "/Users/syedchamansha/.gemini/antigravity/worktrees/Virtual-mind/explore-elesium-architecture-features/venv/lib/python3.12/site-packages/pymongo/_csot.py", line 125, in csot_wrapper
    return func(self, *args, **kwargs)
           ^^^^^^^^^^^^^^^^^^^^^^^^^^^
  File "/Users/syedchamansha/.gemini/antigravity/worktrees/Virtual-mind/explore-elesium-architecture-features/venv/lib/python3.12/site-packages/pymongo/synchronous/mongo_client.py", line 2038, in _retry_internal
    ).run()
      ^^^^^
  File "/Users/syedchamansha/.gemini/antigravity/worktrees/Virtual-mind/explore-elesium-architecture-features/venv/lib/python3.12/site-packages/pymongo/synchronous/mongo_client.py", line 2811, in run
    res = self._read() if self._is_read else self._write()
          ^^^^^^^^^^^^
  File "/Users/syedchamansha/.gemini/antigravity/worktrees/Virtual-mind/explore-elesium-architecture-features/venv/lib/python3.12/site-packages/pymongo/synchronous/mongo_client.py", line 3027, in _read
    self._server = self._get_server()
                   ^^^^^^^^^^^^^^^^^^
  File "/Users/syedchamansha/.gemini/antigravity/worktrees/Virtual-mind/explore-elesium-architecture-features/venv/lib/python3.12/site-packages/pymongo/synchronous/mongo_client.py", line 2975, in _get_server
    return self._client._select_server(
           ^^^^^^^^^^^^^^^^^^^^^^^^^^^^
  File "/Users/syedchamansha/.gemini/antigravity/worktrees/Virtual-mind/explore-elesium-architecture-features/venv/lib/python3.12/site-packages/pymongo/synchronous/mongo_client.py", line 1851, in _select_server
    server = topology.select_server(
             ^^^^^^^^^^^^^^^^^^^^^^^
  File "/Users/syedchamansha/.gemini/antigravity/worktrees/Virtual-mind/explore-elesium-architecture-features/venv/lib/python3.12/site-packages/pymongo/synchronous/topology.py", line 428, in select_server
    server = self._select_server(
             ^^^^^^^^^^^^^^^^^^^^
  File "/Users/syedchamansha/.gemini/antigravity/worktrees/Virtual-mind/explore-elesium-architecture-features/venv/lib/python3.12/site-packages/pymongo/synchronous/topology.py", line 402, in _select_server
    servers = self.select_servers(
              ^^^^^^^^^^^^^^^^^^^^
  File "/Users/syedchamansha/.gemini/antigravity/worktrees/Virtual-mind/explore-elesium-architecture-features/venv/lib/python3.12/site-packages/pymongo/synchronous/topology.py", line 298, in select_servers
    server_descriptions = self._select_servers_loop(
                          ^^^^^^^^^^^^^^^^^^^^^^^^^^
  File "/Users/syedchamansha/.gemini/antigravity/worktrees/Virtual-mind/explore-elesium-architecture-features/venv/lib/python3.12/site-packages/pymongo/synchronous/topology.py", line 359, in _select_servers_loop
    raise ServerSelectionTimeoutError(
pymongo.errors.ServerSelectionTimeoutError: ac-zxvezvt-shard-00-02.eodnhtr.mongodb.net:27017: timed out (configured timeouts: socketTimeoutMS: 20000.0ms, connectTimeoutMS: 20000.0ms),ac-zxvezvt-shard-00-00.eodnhtr.mongodb.net:27017: timed out (configured timeouts: socketTimeoutMS: 20000.0ms, connectTimeoutMS: 20000.0ms),ac-zxvezvt-shard-00-01.eodnhtr.mongodb.net:27017: timed out (configured timeouts: socketTimeoutMS: 20000.0ms, connectTimeoutMS: 20000.0ms), Timeout: 30s, Topology Description: <TopologyDescription id: 6a3242dfbc355916d230dc94, topology_type: ReplicaSetNoPrimary, servers: [<ServerDescription ('ac-zxvezvt-shard-00-00.eodnhtr.mongodb.net', 27017) server_type: Unknown, rtt: None, error=NetworkTimeout('ac-zxvezvt-shard-00-00.eodnhtr.mongodb.net:27017: timed out (configured timeouts: socketTimeoutMS: 20000.0ms, connectTimeoutMS: 20000.0ms)')>, <ServerDescription ('ac-zxvezvt-shard-00-01.eodnhtr.mongodb.net', 27017) server_type: Unknown, rtt: None, error=NetworkTimeout('ac-zxvezvt-shard-00-01.eodnhtr.mongodb.net:27017: timed out (configured timeouts: socketTimeoutMS: 20000.0ms, connectTimeoutMS: 20000.0ms)')>, <ServerDescription ('ac-zxvezvt-shard-00-02.eodnhtr.mongodb.net', 27017) server_type: Unknown, rtt: None, error=NetworkTimeout('ac-zxvezvt-shard-00-02.eodnhtr.mongodb.net:27017: timed out (configured timeouts: socketTimeoutMS: 20000.0ms, connectTimeoutMS: 20000.0ms)')>]>
[SCHEDULER] Cache miss for 2026-06-17. Fetching from API...
[DEEN API] Serving cached prayer times for 2026-06-17
INFO:     127.0.0.1:55332 - "GET /api/deen/prayer-times HTTP/1.1" 200 OK
[SCHEDULER] Cache miss for 2026-06-17. Fetching from API...
[DEEN API] Serving cached prayer times for 2026-06-17
INFO:     127.0.0.1:55370 - "GET /api/deen/prayer-times HTTP/1.1" 200 OK
[SCHEDULER] Cache miss for 2026-06-17. Fetching from API...
[DEEN API] Serving cached prayer times for 2026-06-17
INFO:     127.0.0.1:55379 - "GET /api/deen/prayer-times HTTP/1.1" 200 OK
[SCHEDULER] Cache miss for 2026-06-17. Fetching from API...
[DEEN API] Serving cached prayer times for 2026-06-17
INFO:     127.0.0.1:55381 - "GET /api/deen/prayer-times HTTP/1.1" 200 OK
[SCHEDULER] Cache miss for 2026-06-17. Fetching from API...
[DEEN API] Serving cached prayer times for 2026-06-17
INFO:     127.0.0.1:55394 - "GET /api/deen/prayer-times HTTP/1.1" 200 OK
 GET / 307 in 510ms
 GET /home 200 in 50ms
 GET /home 200 in 61ms
INFO:     10.255.234.33:55403 - "GET /api/status HTTP/1.1" 200 OK
[SCHEDULER] Cache miss for 2026-06-17. Fetching from API...
[DEEN API] Serving cached prayer times for 2026-06-17
INFO:     127.0.0.1:55506 - "GET /api/deen/prayer-times HTTP/1.1" 200 OK
[SCHEDULER] Cache miss for 2026-06-17. Fetching from API...
[DEEN API] Serving cached prayer times for 2026-06-17
INFO:     127.0.0.1:55733 - "GET /api/deen/prayer-times HTTP/1.1" 200 OK
[SCHEDULER] Cache miss for 2026-06-17. Fetching from API...
[DEEN API] Serving cached prayer times for 2026-06-17
INFO:     127.0.0.1:55978 - "GET /api/deen/prayer-times HTTP/1.1" 200 OK
[SCHEDULER] Cache miss for 2026-06-17. Fetching from API...
[DEEN API] Serving cached prayer times for 2026-06-17
INFO:     127.0.0.1:56226 - "GET /api/deen/prayer-times HTTP/1.1" 200 OK
[SCHEDULER] Cache miss for 2026-06-17. Fetching from API...
[DEEN API] Serving cached prayer times for 2026-06-17
INFO:     127.0.0.1:56471 - "GET /api/deen/prayer-times HTTP/1.1" 200 OK
[SCHEDULER] Cache miss for 2026-06-17. Fetching from API...
[DEEN API] Serving cached prayer times for 2026-06-17
INFO:     127.0.0.1:56670 - "GET /api/deen/prayer-times HTTP/1.1" 200 OK
[SCHEDULER] Cache miss for 2026-06-17. Fetching from API...
[DEEN API] Serving cached prayer times for 2026-06-17
INFO:     127.0.0.1:56675 - "GET /api/deen/prayer-times HTTP/1.1" 200 OK
[SCHEDULER] Cache miss for 2026-06-17. Fetching from API...
[DEEN API] Serving cached prayer times for 2026-06-17
INFO:     127.0.0.1:56680 - "GET /api/deen/prayer-times HTTP/1.1" 200 OK
[SCHEDULER] Cache miss for 2026-06-17. Fetching from API...
[DEEN API] Serving cached prayer times for 2026-06-17
INFO:     127.0.0.1:56685 - "GET /api/deen/prayer-times HTTP/1.1" 200 OK
[SCHEDULER] Cache miss for 2026-06-17. Fetching from API...
[DEEN API] Serving cached prayer times for 2026-06-17
INFO:     127.0.0.1:56713 - "GET /api/deen/prayer-times HTTP/1.1" 200 OK
[DEEN API] Serving cached prayer times for 2026-06-17
INFO:     127.0.0.1:56715 - "GET /api/deen/prayer-times HTTP/1.1" 200 OK
[SCHEDULER] Cache miss for 2026-06-17. Fetching from API...
[DEEN API] Serving cached prayer times for 2026-06-17
INFO:     127.0.0.1:56718 - "GET /api/deen/prayer-times HTTP/1.1" 200 OK
[DEEN API] Serving cached prayer times for 2026-06-17
INFO:     127.0.0.1:56722 - "GET /api/deen/prayer-times HTTP/1.1" 200 OK
[SCHEDULER] Cache miss for 2026-06-17. Fetching from API...
[DEEN API] Serving cached prayer times for 2026-06-17
INFO:     127.0.0.1:56724 - "GET /api/deen/prayer-times HTTP/1.1" 200 OK
[DEEN API] Serving cached prayer times for 2026-06-17
INFO:     127.0.0.1:56726 - "GET /api/deen/prayer-times HTTP/1.1" 200 OK
[SCHEDULER] Cache miss for 2026-06-17. Fetching from API...
[DEEN API] Serving cached prayer times for 2026-06-17
INFO:     127.0.0.1:56728 - "GET /api/deen/prayer-times HTTP/1.1" 200 OK
[DEEN API] Serving cached prayer times for 2026-06-17
INFO:     127.0.0.1:56730 - "GET /api/deen/prayer-times HTTP/1.1" 200 OK
[SCHEDULER] Cache miss for 2026-06-17. Fetching from API...
[DEEN API] Serving cached prayer times for 2026-06-17
INFO:     127.0.0.1:56732 - "GET /api/deen/prayer-times HTTP/1.1" 200 OK
[DEEN API] Serving cached prayer times for 2026-06-17
INFO:     127.0.0.1:56734 - "GET /api/deen/prayer-times HTTP/1.1" 200 OK
[SCHEDULER] Cache miss for 2026-06-17. Fetching from API...
[DEEN API] Serving cached prayer times for 2026-06-17
INFO:     127.0.0.1:56739 - "GET /api/deen/prayer-times HTTP/1.1" 200 OK
[DEEN API] Serving cached prayer times for 2026-06-17
INFO:     127.0.0.1:56742 - "GET /api/deen/prayer-times HTTP/1.1" 200 OK
[SCHEDULER] Cache miss for 2026-06-17. Fetching from API...
[DEEN API] Serving cached prayer times for 2026-06-17
INFO:     127.0.0.1:56745 - "GET /api/deen/prayer-times HTTP/1.1" 200 OK
[DEEN API] Serving cached prayer times for 2026-06-17
INFO:     127.0.0.1:56747 - "GET /api/deen/prayer-times HTTP/1.1" 200 OK
[SCHEDULER] Cache miss for 2026-06-17. Fetching from API...
[DEEN API] Serving cached prayer times for 2026-06-17
INFO:     127.0.0.1:56749 - "GET /api/deen/prayer-times HTTP/1.1" 200 OK
[DEEN API] Serving cached prayer times for 2026-06-17
INFO:     127.0.0.1:56752 - "GET /api/deen/prayer-times HTTP/1.1" 200 OK
[SCHEDULER] Cache miss for 2026-06-17. Fetching from API...
[DEEN API] Serving cached prayer times for 2026-06-17
INFO:     127.0.0.1:56754 - "GET /api/deen/prayer-times HTTP/1.1" 200 OK
[DEEN API] Serving cached prayer times for 2026-06-17
INFO:     127.0.0.1:56756 - "GET /api/deen/prayer-times HTTP/1.1" 200 OK
[SCHEDULER] Cache miss for 2026-06-17. Fetching from API...
[DEEN API] Serving cached prayer times for 2026-06-17
INFO:     127.0.0.1:56758 - "GET /api/deen/prayer-times HTTP/1.1" 200 OK
[DEEN API] Serving cached prayer times for 2026-06-17
INFO:     127.0.0.1:56760 - "GET /api/deen/prayer-times HTTP/1.1" 200 OK
[SCHEDULER] Cache miss for 2026-06-17. Fetching from API...
[DEEN API] Serving cached prayer times for 2026-06-17
INFO:     127.0.0.1:56762 - "GET /api/deen/prayer-times HTTP/1.1" 200 OK
[DEEN API] Serving cached prayer times for 2026-06-17
INFO:     127.0.0.1:56764 - "GET /api/deen/prayer-times HTTP/1.1" 200 OK
[SCHEDULER] Cache miss for 2026-06-17. Fetching from API...
[DEEN API] Serving cached prayer times for 2026-06-17
INFO:     127.0.0.1:56766 - "GET /api/deen/prayer-times HTTP/1.1" 200 OK
[DEEN API] Serving cached prayer times for 2026-06-17
INFO:     127.0.0.1:56771 - "GET /api/deen/prayer-times HTTP/1.1" 200 OK
[SCHEDULER] Cache miss for 2026-06-17. Fetching from API...
[DEEN API] Serving cached prayer times for 2026-06-17
INFO:     127.0.0.1:56776 - "GET /api/deen/prayer-times HTTP/1.1" 200 OK
[DEEN API] Serving cached prayer times for 2026-06-17
INFO:     127.0.0.1:56778 - "GET /api/deen/prayer-times HTTP/1.1" 200 OK
[SCHEDULER] Cache miss for 2026-06-17. Fetching from API...
[DEEN API] Serving cached prayer times for 2026-06-17
INFO:     127.0.0.1:56783 - "GET /api/deen/prayer-times HTTP/1.1" 200 OK
[DEEN API] Serving cached prayer times for 2026-06-17
INFO:     127.0.0.1:56786 - "GET /api/deen/prayer-times HTTP/1.1" 200 OK
[SCHEDULER] Cache miss for 2026-06-17. Fetching from API...
[DEEN API] Serving cached prayer times for 2026-06-17
INFO:     127.0.0.1:56788 - "GET /api/deen/prayer-times HTTP/1.1" 200 OK
[DEEN API] Serving cached prayer times for 2026-06-17
INFO:     127.0.0.1:56790 - "GET /api/deen/prayer-times HTTP/1.1" 200 OK
[SCHEDULER] Cache miss for 2026-06-17. Fetching from API...
[DEEN API] Serving cached prayer times for 2026-06-17
INFO:     127.0.0.1:56792 - "GET /api/deen/prayer-times HTTP/1.1" 200 OK
[DEEN API] Serving cached prayer times for 2026-06-17
INFO:     127.0.0.1:56795 - "GET /api/deen/prayer-times HTTP/1.1" 200 OK
[SCHEDULER] Cache miss for 2026-06-17. Fetching from API...
[DEEN API] Serving cached prayer times for 2026-06-17
INFO:     127.0.0.1:56797 - "GET /api/deen/prayer-times HTTP/1.1" 200 OK
[DEEN API] Serving cached prayer times for 2026-06-17
INFO:     127.0.0.1:56799 - "GET /api/deen/prayer-times HTTP/1.1" 200 OK
[SCHEDULER] Cache miss for 2026-06-17. Fetching from API...
[DEEN API] Serving cached prayer times for 2026-06-17
INFO:     127.0.0.1:56801 - "GET /api/deen/prayer-times HTTP/1.1" 200 OK
[DEEN API] Serving cached prayer times for 2026-06-17
INFO:     127.0.0.1:56804 - "GET /api/deen/prayer-times HTTP/1.1" 200 OK
[SCHEDULER] Cache miss for 2026-06-17. Fetching from API...
[DEEN API] Serving cached prayer times for 2026-06-17
INFO:     127.0.0.1:56806 - "GET /api/deen/prayer-times HTTP/1.1" 200 OK
[DEEN API] Serving cached prayer times for 2026-06-17
INFO:     127.0.0.1:56808 - "GET /api/deen/prayer-times HTTP/1.1" 200 OK
[SCHEDULER] Cache miss for 2026-06-17. Fetching from API...
[DEEN API] Serving cached prayer times for 2026-06-17
INFO:     127.0.0.1:56810 - "GET /api/deen/prayer-times HTTP/1.1" 200 OK
[DEEN API] Serving cached prayer times for 2026-06-17
INFO:     127.0.0.1:56813 - "GET /api/deen/prayer-times HTTP/1.1" 200 OK
[SCHEDULER] Cache miss for 2026-06-17. Fetching from API...
[DEEN API] Serving cached prayer times for 2026-06-17
INFO:     127.0.0.1:56815 - "GET /api/deen/prayer-times HTTP/1.1" 200 OK
INFO:     10.255.234.33:56825 - "GET /api/status HTTP/1.1" 200 OK
[DEEN API] Serving cached prayer times for 2026-06-17
INFO:     127.0.0.1:56832 - "GET /api/deen/prayer-times HTTP/1.1" 200 OK
[SCHEDULER] Cache miss for 2026-06-17. Fetching from API...
[DEEN API] Serving cached prayer times for 2026-06-17
INFO:     127.0.0.1:56843 - "GET /api/deen/prayer-times HTTP/1.1" 200 OK
INFO:     10.255.234.33:56847 - "GET /api/status HTTP/1.1" 200 OK
[DEEN API] Serving cached prayer times for 2026-06-17
INFO:     127.0.0.1:56862 - "GET /api/deen/prayer-times HTTP/1.1" 200 OK
[SCHEDULER] Cache miss for 2026-06-17. Fetching from API...
[DEEN API] Serving cached prayer times for 2026-06-17
INFO:     127.0.0.1:56869 - "GET /api/deen/prayer-times HTTP/1.1" 200 OK
[DEEN API] Serving cached prayer times for 2026-06-17
INFO:     127.0.0.1:56873 - "GET /api/deen/prayer-times HTTP/1.1" 200 OK
[SCHEDULER] Cache miss for 2026-06-17. Fetching from API...
[DEEN API] Serving cached prayer times for 2026-06-17
INFO:     127.0.0.1:56879 - "GET /api/deen/prayer-times HTTP/1.1" 200 OK
[DEEN API] Serving cached prayer times for 2026-06-17
INFO:     127.0.0.1:56884 - "GET /api/deen/prayer-times HTTP/1.1" 200 OK
[SCHEDULER] Cache miss for 2026-06-17. Fetching from API...
[DEEN API] Serving cached prayer times for 2026-06-17
INFO:     127.0.0.1:56887 - "GET /api/deen/prayer-times HTTP/1.1" 200 OK
[DEEN API] Serving cached prayer times for 2026-06-17
INFO:     127.0.0.1:56919 - "GET /api/deen/prayer-times HTTP/1.1" 200 OK
[SCHEDULER] Cache miss for 2026-06-17. Fetching from API...
[DEEN API] Serving cached prayer times for 2026-06-17
INFO:     127.0.0.1:56932 - "GET /api/deen/prayer-times HTTP/1.1" 200 OK
[DEEN API] Serving cached prayer times for 2026-06-17
INFO:     127.0.0.1:56934 - "GET /api/deen/prayer-times HTTP/1.1" 200 OK
[SCHEDULER] Cache miss for 2026-06-17. Fetching from API...
[DEEN API] Serving cached prayer times for 2026-06-17
INFO:     127.0.0.1:56936 - "GET /api/deen/prayer-times HTTP/1.1" 200 OK
[DEEN API] Serving cached prayer times for 2026-06-17
INFO:     127.0.0.1:56938 - "GET /api/deen/prayer-times HTTP/1.1" 200 OK
INFO:     127.0.0.1:56940 - "POST /api/push/send HTTP/1.1" 503 Service Unavailable
[SCHEDULER] Cache miss for 2026-06-17. Fetching from API...
[DEEN API] Serving cached prayer times for 2026-06-17
INFO:     127.0.0.1:56942 - "GET /api/deen/prayer-times HTTP/1.1" 200 OK
[SCHEDULER] Mid-time for Dhuhr. Not prayed! Alerting Chaman...
INFO:     127.0.0.1:56944 - "POST /api/push/send HTTP/1.1" 503 Service Unavailable
[SCHEDULER] Push dispatched: 0 devices notified.
[DEEN API] Serving cached prayer times for 2026-06-17
INFO:     127.0.0.1:56973 - "GET /api/deen/prayer-times HTTP/1.1" 200 OK
[SCHEDULER] Cache miss for 2026-06-17. Fetching from API...
[DEEN API] Serving cached prayer times for 2026-06-17
INFO:     127.0.0.1:56983 - "GET /api/deen/prayer-times HTTP/1.1" 200 OK
[DEEN API] Serving cached prayer times for 2026-06-17
INFO:     127.0.0.1:56985 - "GET /api/deen/prayer-times HTTP/1.1" 200 OK
[SCHEDULER] Cache miss for 2026-06-17. Fetching from API...
[DEEN API] Serving cached prayer times for 2026-06-17
INFO:     127.0.0.1:56987 - "GET /api/deen/prayer-times HTTP/1.1" 200 OK
[DEEN API] Serving cached prayer times for 2026-06-17
INFO:     127.0.0.1:56989 - "GET /api/deen/prayer-times HTTP/1.1" 200 OK
[SCHEDULER] Cache miss for 2026-06-17. Fetching from API...
[DEEN API] Serving cached prayer times for 2026-06-17
INFO:     127.0.0.1:56991 - "GET /api/deen/prayer-times HTTP/1.1" 200 OK
[DEEN API] Serving cached prayer times for 2026-06-17
INFO:     127.0.0.1:56995 - "GET /api/deen/prayer-times HTTP/1.1" 200 OK
[SCHEDULER] Cache miss for 2026-06-17. Fetching from API...
[DEEN API] Serving cached prayer times for 2026-06-17
INFO:     127.0.0.1:57012 - "GET /api/deen/prayer-times HTTP/1.1" 200 OK
[DEEN API] Serving cached prayer times for 2026-06-17
INFO:     127.0.0.1:57023 - "GET /api/deen/prayer-times HTTP/1.1" 200 OK
[SCHEDULER] Cache miss for 2026-06-17. Fetching from API...
[DEEN API] Serving cached prayer times for 2026-06-17
INFO:     127.0.0.1:57027 - "GET /api/deen/prayer-times HTTP/1.1" 200 OK
[DEEN API] Serving cached prayer times for 2026-06-17
INFO:     127.0.0.1:57036 - "GET /api/deen/prayer-times HTTP/1.1" 200 OK
[SCHEDULER] Cache miss for 2026-06-17. Fetching from API...
[DEEN API] Serving cached prayer times for 2026-06-17
INFO:     127.0.0.1:57038 - "GET /api/deen/prayer-times HTTP/1.1" 200 OK
[DEEN API] Serving cached prayer times for 2026-06-17
INFO:     127.0.0.1:57041 - "GET /api/deen/prayer-times HTTP/1.1" 200 OK
[SCHEDULER] Cache miss for 2026-06-17. Fetching from API...
[DEEN API] Serving cached prayer times for 2026-06-17
INFO:     127.0.0.1:57043 - "GET /api/deen/prayer-times HTTP/1.1" 200 OK
[DEEN API] Serving cached prayer times for 2026-06-17
INFO:     127.0.0.1:57045 - "GET /api/deen/prayer-times HTTP/1.1" 200 OK
[SCHEDULER] Cache miss for 2026-06-17. Fetching from API...
[DEEN API] Serving cached prayer times for 2026-06-17
INFO:     127.0.0.1:57047 - "GET /api/deen/prayer-times HTTP/1.1" 200 OK
[DEEN API] Serving cached prayer times for 2026-06-17
INFO:     127.0.0.1:57049 - "GET /api/deen/prayer-times HTTP/1.1" 200 OK
[SCHEDULER] Cache miss for 2026-06-17. Fetching from API...
[DEEN API] Serving cached prayer times for 2026-06-17
INFO:     127.0.0.1:57051 - "GET /api/deen/prayer-times HTTP/1.1" 200 OK
[DEEN API] Serving cached prayer times for 2026-06-17
INFO:     127.0.0.1:57069 - "GET /api/deen/prayer-times HTTP/1.1" 200 OK
[SCHEDULER] Cache miss for 2026-06-17. Fetching from API...
[DEEN API] Serving cached prayer times for 2026-06-17
INFO:     127.0.0.1:57071 - "GET /api/deen/prayer-times HTTP/1.1" 200 OK
[DEEN API] Serving cached prayer times for 2026-06-17
INFO:     127.0.0.1:57073 - "GET /api/deen/prayer-times HTTP/1.1" 200 OK
[SCHEDULER] Cache miss for 2026-06-17. Fetching from API...
[DEEN API] Serving cached prayer times for 2026-06-17
INFO:     127.0.0.1:57075 - "GET /api/deen/prayer-times HTTP/1.1" 200 OK
[DEEN API] Serving cached prayer times for 2026-06-17
INFO:     127.0.0.1:57080 - "GET /api/deen/prayer-times HTTP/1.1" 200 OK
[SCHEDULER] Cache miss for 2026-06-17. Fetching from API...
[DEEN API] Serving cached prayer times for 2026-06-17
INFO:     127.0.0.1:57082 - "GET /api/deen/prayer-times HTTP/1.1" 200 OK
[DEEN API] Serving cached prayer times for 2026-06-17
INFO:     127.0.0.1:57084 - "GET /api/deen/prayer-times HTTP/1.1" 200 OK
[SCHEDULER] Cache miss for 2026-06-17. Fetching from API...
[DEEN API] Serving cached prayer times for 2026-06-17
INFO:     127.0.0.1:57086 - "GET /api/deen/prayer-times HTTP/1.1" 200 OK
[DEEN API] Serving cached prayer times for 2026-06-17
INFO:     127.0.0.1:57091 - "GET /api/deen/prayer-times HTTP/1.1" 200 OK
[SCHEDULER] Cache miss for 2026-06-17. Fetching from API...
[DEEN API] Serving cached prayer times for 2026-06-17
INFO:     127.0.0.1:57093 - "GET /api/deen/prayer-times HTTP/1.1" 200 OK
[DEEN API] Serving cached prayer times for 2026-06-17
INFO:     127.0.0.1:57101 - "GET /api/deen/prayer-times HTTP/1.1" 200 OK
INFO:     127.0.0.1:57106 - "GET /api/wellness/fast/today HTTP/1.1" 200 OK
[SCHEDULER] Cache miss for 2026-06-17. Fetching from API...
[DEEN API] Serving cached prayer times for 2026-06-17
INFO:     127.0.0.1:57108 - "GET /api/deen/prayer-times HTTP/1.1" 200 OK
[DEEN API] Serving cached prayer times for 2026-06-17
INFO:     127.0.0.1:57111 - "GET /api/deen/prayer-times HTTP/1.1" 200 OK
[SCHEDULER] Cache miss for 2026-06-17. Fetching from API...
[DEEN API] Serving cached prayer times for 2026-06-17
INFO:     127.0.0.1:57115 - "GET /api/deen/prayer-times HTTP/1.1" 200 OK
[DEEN API] Serving cached prayer times for 2026-06-17
INFO:     127.0.0.1:57120 - "GET /api/deen/prayer-times HTTP/1.1" 200 OK
[SCHEDULER] Cache miss for 2026-06-17. Fetching from API...
[DEEN API] Serving cached prayer times for 2026-06-17
INFO:     127.0.0.1:57122 - "GET /api/deen/prayer-times HTTP/1.1" 200 OK
[DEEN API] Serving cached prayer times for 2026-06-17
INFO:     127.0.0.1:57125 - "GET /api/deen/prayer-times HTTP/1.1" 200 OK
[SCHEDULER] Cache miss for 2026-06-17. Fetching from API...
[DEEN API] Serving cached prayer times for 2026-06-17
INFO:     127.0.0.1:57131 - "GET /api/deen/prayer-times HTTP/1.1" 200 OK
[DEEN API] Serving cached prayer times for 2026-06-17
INFO:     127.0.0.1:57133 - "GET /api/deen/prayer-times HTTP/1.1" 200 OK
[SCHEDULER] Cache miss for 2026-06-17. Fetching from API...
[DEEN API] Serving cached prayer times for 2026-06-17
INFO:     127.0.0.1:57139 - "GET /api/deen/prayer-times HTTP/1.1" 200 OK
[DEEN API] Serving cached prayer times for 2026-06-17
INFO:     127.0.0.1:57144 - "GET /api/deen/prayer-times HTTP/1.1" 200 OK
[SCHEDULER] Cache miss for 2026-06-17. Fetching from API...
[DEEN API] Serving cached prayer times for 2026-06-17
INFO:     127.0.0.1:57151 - "GET /api/deen/prayer-times HTTP/1.1" 200 OK
[DEEN API] Serving cached prayer times for 2026-06-17
INFO:     127.0.0.1:57169 - "GET /api/deen/prayer-times HTTP/1.1" 200 OK
[SCHEDULER] Cache miss for 2026-06-17. Fetching from API...
[DEEN API] Serving cached prayer times for 2026-06-17
INFO:     127.0.0.1:57174 - "GET /api/deen/prayer-times HTTP/1.1" 200 OK
[DEEN API] Serving cached prayer times for 2026-06-17
INFO:     127.0.0.1:57182 - "GET /api/deen/prayer-times HTTP/1.1" 200 OK
[SCHEDULER] Cache miss for 2026-06-17. Fetching from API...
[DEEN API] Serving cached prayer times for 2026-06-17
INFO:     127.0.0.1:57232 - "GET /api/deen/prayer-times HTTP/1.1" 200 OK
[DEEN API] Serving cached prayer times for 2026-06-17
INFO:     127.0.0.1:57240 - "GET /api/deen/prayer-times HTTP/1.1" 200 OK
[SCHEDULER] Cache miss for 2026-06-17. Fetching from API...
[DEEN API] Serving cached prayer times for 2026-06-17
INFO:     127.0.0.1:57244 - "GET /api/deen/prayer-times HTTP/1.1" 200 OK
[DEEN API] Serving cached prayer times for 2026-06-17
INFO:     127.0.0.1:57289 - "GET /api/deen/prayer-times HTTP/1.1" 200 OK
[SCHEDULER] Cache miss for 2026-06-17. Fetching from API...
[DEEN API] Serving cached prayer times for 2026-06-17
INFO:     127.0.0.1:57313 - "GET /api/deen/prayer-times HTTP/1.1" 200 OK
[DEEN API] Serving cached prayer times for 2026-06-17
INFO:     127.0.0.1:57317 - "GET /api/deen/prayer-times HTTP/1.1" 200 OK
[SCHEDULER] Cache miss for 2026-06-17. Fetching from API...
[DEEN API] Serving cached prayer times for 2026-06-17
INFO:     127.0.0.1:57330 - "GET /api/deen/prayer-times HTTP/1.1" 200 OK
[DEEN API] Serving cached prayer times for 2026-06-17
INFO:     127.0.0.1:57382 - "GET /api/deen/prayer-times HTTP/1.1" 200 OK
[SCHEDULER] Cache miss for 2026-06-17. Fetching from API...
[DEEN API] Serving cached prayer times for 2026-06-17
INFO:     127.0.0.1:57384 - "GET /api/deen/prayer-times HTTP/1.1" 200 OK
[DEEN API] Serving cached prayer times for 2026-06-17
INFO:     127.0.0.1:57389 - "GET /api/deen/prayer-times HTTP/1.1" 200 OK
[SCHEDULER] Cache miss for 2026-06-17. Fetching from API...
[DEEN API] Serving cached prayer times for 2026-06-17
INFO:     127.0.0.1:57409 - "GET /api/deen/prayer-times HTTP/1.1" 200 OK
[DEEN API] Serving cached prayer times for 2026-06-17
INFO:     127.0.0.1:57414 - "GET /api/deen/prayer-times HTTP/1.1" 200 OK
[SCHEDULER] Cache miss for 2026-06-17. Fetching from API...
[DEEN API] Serving cached prayer times for 2026-06-17
INFO:     127.0.0.1:57416 - "GET /api/deen/prayer-times HTTP/1.1" 200 OK
[DEEN API] Serving cached prayer times for 2026-06-17
INFO:     127.0.0.1:57418 - "GET /api/deen/prayer-times HTTP/1.1" 200 OK
[SCHEDULER] Cache miss for 2026-06-17. Fetching from API...
[DEEN API] Serving cached prayer times for 2026-06-17
INFO:     127.0.0.1:57420 - "GET /api/deen/prayer-times HTTP/1.1" 200 OK
[DEEN API] Serving cached prayer times for 2026-06-17
INFO:     127.0.0.1:57425 - "GET /api/deen/prayer-times HTTP/1.1" 200 OK
[SCHEDULER] Cache miss for 2026-06-17. Fetching from API...
[DEEN API] Serving cached prayer times for 2026-06-17
INFO:     127.0.0.1:57427 - "GET /api/deen/prayer-times HTTP/1.1" 200 OK
[DEEN API] Serving cached prayer times for 2026-06-17
INFO:     127.0.0.1:57442 - "GET /api/deen/prayer-times HTTP/1.1" 200 OK
[SCHEDULER] Cache miss for 2026-06-17. Fetching from API...
[DEEN API] Serving cached prayer times for 2026-06-17
INFO:     127.0.0.1:57449 - "GET /api/deen/prayer-times HTTP/1.1" 200 OK
INFO:     127.0.0.1:57452 - "GET /api/wellness/fast/today HTTP/1.1" 200 OK
[DEEN API] Serving cached prayer times for 2026-06-17
INFO:     127.0.0.1:57454 - "GET /api/deen/prayer-times HTTP/1.1" 200 OK
[SCHEDULER] Cache miss for 2026-06-17. Fetching from API...
[DEEN API] Serving cached prayer times for 2026-06-17
INFO:     127.0.0.1:57461 - "GET /api/deen/prayer-times HTTP/1.1" 200 OK
[DEEN API] Serving cached prayer times for 2026-06-17
INFO:     127.0.0.1:57463 - "GET /api/deen/prayer-times HTTP/1.1" 200 OK
[SCHEDULER] Cache miss for 2026-06-17. Fetching from API...
[DEEN API] Serving cached prayer times for 2026-06-17
INFO:     127.0.0.1:57465 - "GET /api/deen/prayer-times HTTP/1.1" 200 OK
[DEEN API] Serving cached prayer times for 2026-06-17
INFO:     127.0.0.1:57468 - "GET /api/deen/prayer-times HTTP/1.1" 200 OK
[SCHEDULER] Cache miss for 2026-06-17. Fetching from API...
[DEEN API] Serving cached prayer times for 2026-06-17
INFO:     127.0.0.1:57472 - "GET /api/deen/prayer-times HTTP/1.1" 200 OK
[DEEN API] Serving cached prayer times for 2026-06-17
INFO:     127.0.0.1:57484 - "GET /api/deen/prayer-times HTTP/1.1" 200 OK
[SCHEDULER] Cache miss for 2026-06-17. Fetching from API...
[DEEN API] Serving cached prayer times for 2026-06-17
INFO:     127.0.0.1:57494 - "GET /api/deen/prayer-times HTTP/1.1" 200 OK
[DEEN API] Serving cached prayer times for 2026-06-17
INFO:     127.0.0.1:57498 - "GET /api/deen/prayer-times HTTP/1.1" 200 OK
[SCHEDULER] Cache miss for 2026-06-17. Fetching from API...
[DEEN API] Serving cached prayer times for 2026-06-17
INFO:     127.0.0.1:57500 - "GET /api/deen/prayer-times HTTP/1.1" 200 OK
[DEEN API] Serving cached prayer times for 2026-06-17
INFO:     127.0.0.1:57503 - "GET /api/deen/prayer-times HTTP/1.1" 200 OK
[SCHEDULER] Cache miss for 2026-06-17. Fetching from API...
[DEEN API] Serving cached prayer times for 2026-06-17
INFO:     127.0.0.1:57505 - "GET /api/deen/prayer-times HTTP/1.1" 200 OK
[SCHEDULER] Cache miss for 2026-06-17. Fetching from API...
[SCHEDULER] Failed to load prayer timings from API: HTTPConnectionPool(host='localhost', port=8001): Read timed out. (read timeout=10)
INFO:     127.0.0.1:57507 - "GET /api/deen/prayer-times HTTP/1.1" 500 Internal Server Error
ERROR:    Exception in ASGI application
Traceback (most recent call last):
  File "/Users/syedchamansha/.gemini/antigravity/worktrees/Virtual-mind/explore-elesium-architecture-features/venv/lib/python3.12/site-packages/pymongo/synchronous/mongo_client.py", line 2811, in run
    res = self._read() if self._is_read else self._write()
          ^^^^^^^^^^^^
  File "/Users/syedchamansha/.gemini/antigravity/worktrees/Virtual-mind/explore-elesium-architecture-features/venv/lib/python3.12/site-packages/pymongo/synchronous/mongo_client.py", line 3027, in _read
    self._server = self._get_server()
                   ^^^^^^^^^^^^^^^^^^
  File "/Users/syedchamansha/.gemini/antigravity/worktrees/Virtual-mind/explore-elesium-architecture-features/venv/lib/python3.12/site-packages/pymongo/synchronous/mongo_client.py", line 2975, in _get_server
    return self._client._select_server(
           ^^^^^^^^^^^^^^^^^^^^^^^^^^^^
  File "/Users/syedchamansha/.gemini/antigravity/worktrees/Virtual-mind/explore-elesium-architecture-features/venv/lib/python3.12/site-packages/pymongo/synchronous/mongo_client.py", line 1851, in _select_server
    server = topology.select_server(
             ^^^^^^^^^^^^^^^^^^^^^^^
  File "/Users/syedchamansha/.gemini/antigravity/worktrees/Virtual-mind/explore-elesium-architecture-features/venv/lib/python3.12/site-packages/pymongo/synchronous/topology.py", line 428, in select_server
    server = self._select_server(
             ^^^^^^^^^^^^^^^^^^^^
  File "/Users/syedchamansha/.gemini/antigravity/worktrees/Virtual-mind/explore-elesium-architecture-features/venv/lib/python3.12/site-packages/pymongo/synchronous/topology.py", line 402, in _select_server
    servers = self.select_servers(
              ^^^^^^^^^^^^^^^^^^^^
  File "/Users/syedchamansha/.gemini/antigravity/worktrees/Virtual-mind/explore-elesium-architecture-features/venv/lib/python3.12/site-packages/pymongo/synchronous/topology.py", line 298, in select_servers
    server_descriptions = self._select_servers_loop(
                          ^^^^^^^^^^^^^^^^^^^^^^^^^^
  File "/Users/syedchamansha/.gemini/antigravity/worktrees/Virtual-mind/explore-elesium-architecture-features/venv/lib/python3.12/site-packages/pymongo/synchronous/topology.py", line 359, in _select_servers_loop
    raise ServerSelectionTimeoutError(
pymongo.errors.ServerSelectionTimeoutError: ac-zxvezvt-shard-00-02.eodnhtr.mongodb.net:27017: timed out (configured timeouts: socketTimeoutMS: 20000.0ms, connectTimeoutMS: 20000.0ms),ac-zxvezvt-shard-00-00.eodnhtr.mongodb.net:27017: timed out (configured timeouts: socketTimeoutMS: 20000.0ms, connectTimeoutMS: 20000.0ms),ac-zxvezvt-shard-00-01.eodnhtr.mongodb.net:27017: timed out (configured timeouts: socketTimeoutMS: 20000.0ms, connectTimeoutMS: 20000.0ms), Timeout: 30s, Topology Description: <TopologyDescription id: 6a3242dfbc355916d230dc94, topology_type: ReplicaSetNoPrimary, servers: [<ServerDescription ('ac-zxvezvt-shard-00-00.eodnhtr.mongodb.net', 27017) server_type: Unknown, rtt: None, error=NetworkTimeout('ac-zxvezvt-shard-00-00.eodnhtr.mongodb.net:27017: timed out (configured timeouts: socketTimeoutMS: 20000.0ms, connectTimeoutMS: 20000.0ms)')>, <ServerDescription ('ac-zxvezvt-shard-00-01.eodnhtr.mongodb.net', 27017) server_type: Unknown, rtt: None, error=NetworkTimeout('ac-zxvezvt-shard-00-01.eodnhtr.mongodb.net:27017: timed out (configured timeouts: socketTimeoutMS: 20000.0ms, connectTimeoutMS: 20000.0ms)')>, <ServerDescription ('ac-zxvezvt-shard-00-02.eodnhtr.mongodb.net', 27017) server_type: Unknown, rtt: None, error=NetworkTimeout('ac-zxvezvt-shard-00-02.eodnhtr.mongodb.net:27017: timed out (configured timeouts: socketTimeoutMS: 20000.0ms, connectTimeoutMS: 20000.0ms)')>]>

The above exception was the direct cause of the following exception:

Traceback (most recent call last):
  File "/Users/syedchamansha/.gemini/antigravity/worktrees/Virtual-mind/explore-elesium-architecture-features/venv/lib/python3.12/site-packages/uvicorn/protocols/http/h11_impl.py", line 415, in run_asgi
    result = await app(  # type: ignore[func-returns-value]
             ^^^^^^^^^^^^^^^^^^^^^^^^^^^^^^^^^^^^^^^^^^^^^^
  File "/Users/syedchamansha/.gemini/antigravity/worktrees/Virtual-mind/explore-elesium-architecture-features/venv/lib/python3.12/site-packages/uvicorn/middleware/proxy_headers.py", line 62, in __call__
    return await self.app(scope, receive, send)
           ^^^^^^^^^^^^^^^^^^^^^^^^^^^^^^^^^^^^
  File "/Users/syedchamansha/.gemini/antigravity/worktrees/Virtual-mind/explore-elesium-architecture-features/venv/lib/python3.12/site-packages/fastapi/applications.py", line 1162, in __call__
    await super().__call__(scope, receive, send)
  File "/Users/syedchamansha/.gemini/antigravity/worktrees/Virtual-mind/explore-elesium-architecture-features/venv/lib/python3.12/site-packages/starlette/applications.py", line 90, in __call__
    await self.middleware_stack(scope, receive, send)
  File "/Users/syedchamansha/.gemini/antigravity/worktrees/Virtual-mind/explore-elesium-architecture-features/venv/lib/python3.12/site-packages/starlette/middleware/errors.py", line 186, in __call__
    raise exc
  File "/Users/syedchamansha/.gemini/antigravity/worktrees/Virtual-mind/explore-elesium-architecture-features/venv/lib/python3.12/site-packages/starlette/middleware/errors.py", line 164, in __call__
    await self.app(scope, receive, _send)
  File "/Users/syedchamansha/.gemini/antigravity/worktrees/Virtual-mind/explore-elesium-architecture-features/venv/lib/python3.12/site-packages/starlette/middleware/base.py", line 193, in __call__
    response = await self.dispatch_func(request, call_next)
               ^^^^^^^^^^^^^^^^^^^^^^^^^^^^^^^^^^^^^^^^^^^^
  File "/Users/syedchamansha/.gemini/antigravity/worktrees/Virtual-mind/explore-elesium-architecture-features/api/main.py", line 58, in dynamic_cors_middleware
    response = await call_next(request)
               ^^^^^^^^^^^^^^^^^^^^^^^^
  File "/Users/syedchamansha/.gemini/antigravity/worktrees/Virtual-mind/explore-elesium-architecture-features/venv/lib/python3.12/site-packages/starlette/middleware/base.py", line 168, in call_next
    raise app_exc from app_exc.__cause__ or app_exc.__context__
  File "/Users/syedchamansha/.gemini/antigravity/worktrees/Virtual-mind/explore-elesium-architecture-features/venv/lib/python3.12/site-packages/starlette/middleware/base.py", line 144, in coro
    await self.app(scope, receive_or_disconnect, send_no_error)
  File "/Users/syedchamansha/.gemini/antigravity/worktrees/Virtual-mind/explore-elesium-architecture-features/venv/lib/python3.12/site-packages/starlette/middleware/exceptions.py", line 63, in __call__
    await wrap_app_handling_exceptions(self.app, conn)(scope, receive, send)
  File "/Users/syedchamansha/.gemini/antigravity/worktrees/Virtual-mind/explore-elesium-architecture-features/venv/lib/python3.12/site-packages/starlette/_exception_handler.py", line 53, in wrapped_app
    raise exc
  File "/Users/syedchamansha/.gemini/antigravity/worktrees/Virtual-mind/explore-elesium-architecture-features/venv/lib/python3.12/site-packages/starlette/_exception_handler.py", line 42, in wrapped_app
    await app(scope, receive, sender)
  File "/Users/syedchamansha/.gemini/antigravity/worktrees/Virtual-mind/explore-elesium-architecture-features/venv/lib/python3.12/site-packages/fastapi/middleware/asyncexitstack.py", line 18, in __call__
    await self.app(scope, receive, send)
  File "/Users/syedchamansha/.gemini/antigravity/worktrees/Virtual-mind/explore-elesium-architecture-features/venv/lib/python3.12/site-packages/starlette/routing.py", line 660, in __call__
    await self.middleware_stack(scope, receive, send)
  File "/Users/syedchamansha/.gemini/antigravity/worktrees/Virtual-mind/explore-elesium-architecture-features/venv/lib/python3.12/site-packages/starlette/routing.py", line 680, in app
    await route.handle(scope, receive, send)
  File "/Users/syedchamansha/.gemini/antigravity/worktrees/Virtual-mind/explore-elesium-architecture-features/venv/lib/python3.12/site-packages/fastapi/routing.py", line 1574, in handle
    await self.original_router.handle(scope, receive, send)
  File "/Users/syedchamansha/.gemini/antigravity/worktrees/Virtual-mind/explore-elesium-architecture-features/venv/lib/python3.12/site-packages/fastapi/routing.py", line 2012, in handle
    await included_router._handle_selected(scope, receive, send)
  File "/Users/syedchamansha/.gemini/antigravity/worktrees/Virtual-mind/explore-elesium-architecture-features/venv/lib/python3.12/site-packages/fastapi/routing.py", line 1594, in _handle_selected
    await original_route.handle(scope, receive, send)
  File "/Users/syedchamansha/.gemini/antigravity/worktrees/Virtual-mind/explore-elesium-architecture-features/venv/lib/python3.12/site-packages/fastapi/routing.py", line 1183, in handle
    await app(scope, receive, send)
  File "/Users/syedchamansha/.gemini/antigravity/worktrees/Virtual-mind/explore-elesium-architecture-features/venv/lib/python3.12/site-packages/fastapi/routing.py", line 143, in app
    await wrap_app_handling_exceptions(app, request)(scope, receive, send)
  File "/Users/syedchamansha/.gemini/antigravity/worktrees/Virtual-mind/explore-elesium-architecture-features/venv/lib/python3.12/site-packages/starlette/_exception_handler.py", line 53, in wrapped_app
    raise exc
  File "/Users/syedchamansha/.gemini/antigravity/worktrees/Virtual-mind/explore-elesium-architecture-features/venv/lib/python3.12/site-packages/starlette/_exception_handler.py", line 42, in wrapped_app
    await app(scope, receive, sender)
  File "/Users/syedchamansha/.gemini/antigravity/worktrees/Virtual-mind/explore-elesium-architecture-features/venv/lib/python3.12/site-packages/fastapi/routing.py", line 129, in app
    response = await f(request)
               ^^^^^^^^^^^^^^^^
  File "/Users/syedchamansha/.gemini/antigravity/worktrees/Virtual-mind/explore-elesium-architecture-features/venv/lib/python3.12/site-packages/fastapi/routing.py", line 683, in app
    raw_response = await run_endpoint_function(
                   ^^^^^^^^^^^^^^^^^^^^^^^^^^^^
  File "/Users/syedchamansha/.gemini/antigravity/worktrees/Virtual-mind/explore-elesium-architecture-features/venv/lib/python3.12/site-packages/fastapi/routing.py", line 337, in run_endpoint_function
    return await dependant.call(**values)
           ^^^^^^^^^^^^^^^^^^^^^^^^^^^^^^
  File "/Users/syedchamansha/.gemini/antigravity/worktrees/Virtual-mind/explore-elesium-architecture-features/api/routes/deen.py", line 31, in get_prayer_times
    cached = db.prayer_cache.find_one({"_id": cache_key})
             ^^^^^^^^^^^^^^^^^^^^^^^^^^^^^^^^^^^^^^^^^^^^
  File "/Users/syedchamansha/.gemini/antigravity/worktrees/Virtual-mind/explore-elesium-architecture-features/venv/lib/python3.12/site-packages/pymongo/synchronous/collection.py", line 1754, in find_one
    for result in cursor.limit(-1):
  File "/Users/syedchamansha/.gemini/antigravity/worktrees/Virtual-mind/explore-elesium-architecture-features/venv/lib/python3.12/site-packages/pymongo/synchronous/cursor.py", line 1166, in __next__
    return self.next()
           ^^^^^^^^^^^
  File "/Users/syedchamansha/.gemini/antigravity/worktrees/Virtual-mind/explore-elesium-architecture-features/venv/lib/python3.12/site-packages/pymongo/synchronous/cursor.py", line 1142, in next
    if len(self._data) or self._refresh():
                          ^^^^^^^^^^^^^^^
  File "/Users/syedchamansha/.gemini/antigravity/worktrees/Virtual-mind/explore-elesium-architecture-features/venv/lib/python3.12/site-packages/pymongo/synchronous/cursor.py", line 1090, in _refresh
    self._send_message(q)
  File "/Users/syedchamansha/.gemini/antigravity/worktrees/Virtual-mind/explore-elesium-architecture-features/venv/lib/python3.12/site-packages/pymongo/synchronous/cursor.py", line 985, in _send_message
    response = client._run_operation(
               ^^^^^^^^^^^^^^^^^^^^^^
  File "/Users/syedchamansha/.gemini/antigravity/worktrees/Virtual-mind/explore-elesium-architecture-features/venv/lib/python3.12/site-packages/pymongo/_csot.py", line 125, in csot_wrapper
    return func(self, *args, **kwargs)
           ^^^^^^^^^^^^^^^^^^^^^^^^^^^
  File "/Users/syedchamansha/.gemini/antigravity/worktrees/Virtual-mind/explore-elesium-architecture-features/venv/lib/python3.12/site-packages/pymongo/synchronous/mongo_client.py", line 1956, in _run_operation
    return self._retryable_read(
           ^^^^^^^^^^^^^^^^^^^^^
  File "/Users/syedchamansha/.gemini/antigravity/worktrees/Virtual-mind/explore-elesium-architecture-features/venv/lib/python3.12/site-packages/pymongo/synchronous/mongo_client.py", line 2076, in _retryable_read
    return self._retry_internal(
           ^^^^^^^^^^^^^^^^^^^^^
  File "/Users/syedchamansha/.gemini/antigravity/worktrees/Virtual-mind/explore-elesium-architecture-features/venv/lib/python3.12/site-packages/pymongo/_csot.py", line 125, in csot_wrapper
    return func(self, *args, **kwargs)
           ^^^^^^^^^^^^^^^^^^^^^^^^^^^
  File "/Users/syedchamansha/.gemini/antigravity/worktrees/Virtual-mind/explore-elesium-architecture-features/venv/lib/python3.12/site-packages/pymongo/synchronous/mongo_client.py", line 2038, in _retry_internal
    ).run()
      ^^^^^
  File "/Users/syedchamansha/.gemini/antigravity/worktrees/Virtual-mind/explore-elesium-architecture-features/venv/lib/python3.12/site-packages/pymongo/synchronous/mongo_client.py", line 2822, in run
    self._check_last_error()
  File "/Users/syedchamansha/.gemini/antigravity/worktrees/Virtual-mind/explore-elesium-architecture-features/venv/lib/python3.12/site-packages/pymongo/synchronous/mongo_client.py", line 2968, in _check_last_error
    raise self._last_error
  File "/Users/syedchamansha/.gemini/antigravity/worktrees/Virtual-mind/explore-elesium-architecture-features/venv/lib/python3.12/site-packages/pymongo/synchronous/mongo_client.py", line 2811, in run
    res = self._read() if self._is_read else self._write()
          ^^^^^^^^^^^^
  File "/Users/syedchamansha/.gemini/antigravity/worktrees/Virtual-mind/explore-elesium-architecture-features/venv/lib/python3.12/site-packages/pymongo/synchronous/mongo_client.py", line 3043, in _read
    return self._func(self._session, self._server, conn, read_pref)  # type: ignore
           ^^^^^^^^^^^^^^^^^^^^^^^^^^^^^^^^^^^^^^^^^^^^^^^^^^^^^^^^
  File "/Users/syedchamansha/.gemini/antigravity/worktrees/Virtual-mind/explore-elesium-architecture-features/venv/lib/python3.12/site-packages/pymongo/synchronous/mongo_client.py", line 1947, in _cmd
    return server.run_operation(
           ^^^^^^^^^^^^^^^^^^^^^
  File "/Users/syedchamansha/.gemini/antigravity/worktrees/Virtual-mind/explore-elesium-architecture-features/venv/lib/python3.12/site-packages/pymongo/synchronous/helpers.py", line 53, in inner
    return func(*args, **kwargs)
           ^^^^^^^^^^^^^^^^^^^^^
  File "/Users/syedchamansha/.gemini/antigravity/worktrees/Virtual-mind/explore-elesium-architecture-features/venv/lib/python3.12/site-packages/pymongo/synchronous/server.py", line 208, in run_operation
    reply = conn.receive_message(request_id)
            ^^^^^^^^^^^^^^^^^^^^^^^^^^^^^^^^
  File "/Users/syedchamansha/.gemini/antigravity/worktrees/Virtual-mind/explore-elesium-architecture-features/venv/lib/python3.12/site-packages/pymongo/synchronous/pool.py", line 459, in receive_message
    self._raise_connection_failure(error)
  File "/Users/syedchamansha/.gemini/antigravity/worktrees/Virtual-mind/explore-elesium-architecture-features/venv/lib/python3.12/site-packages/pymongo/synchronous/pool.py", line 456, in receive_message
    return receive_message(self, request_id, self.max_message_size)
           ^^^^^^^^^^^^^^^^^^^^^^^^^^^^^^^^^^^^^^^^^^^^^^^^^^^^^^^^
  File "/Users/syedchamansha/.gemini/antigravity/worktrees/Virtual-mind/explore-elesium-architecture-features/venv/lib/python3.12/site-packages/pymongo/network_layer.py", line 759, in receive_message
    length, _, response_to, op_code = _UNPACK_HEADER(receive_data(conn, 16, deadline))
                                                     ^^^^^^^^^^^^^^^^^^^^^^^^^^^^^^^^
  File "/Users/syedchamansha/.gemini/antigravity/worktrees/Virtual-mind/explore-elesium-architecture-features/venv/lib/python3.12/site-packages/pymongo/network_layer.py", line 361, in receive_data
    raise _OperationCancelled("operation cancelled") from None
pymongo.errors._OperationCancelled: operation cancelled
ERROR:    Exception in ASGI application
Traceback (most recent call last):
  File "/Users/syedchamansha/.gemini/antigravity/worktrees/Virtual-mind/explore-elesium-architecture-features/venv/lib/python3.12/site-packages/uvicorn/protocols/http/h11_impl.py", line 415, in run_asgi
    result = await app(  # type: ignore[func-returns-value]
             ^^^^^^^^^^^^^^^^^^^^^^^^^^^^^^^^^^^^^^^^^^^^^^
  File "/Users/syedchamansha/.gemini/antigravity/worktrees/Virtual-mind/explore-elesium-architecture-features/venv/lib/python3.12/site-packages/uvicorn/middleware/proxy_headers.py", line 62, in __call__
    return await self.app(scope, receive, send)
           ^^^^^^^^^^^^^^^^^^^^^^^^^^^^^^^^^^^^
  File "/Users/syedchamansha/.gemini/antigravity/worktrees/Virtual-mind/explore-elesium-architecture-features/venv/lib/python3.12/site-packages/fastapi/applications.py", line 1162, in __call__
    await super().__call__(scope, receive, send)
  File "/Users/syedchamansha/.gemini/antigravity/worktrees/Virtual-mind/explore-elesium-architecture-features/venv/lib/python3.12/site-packages/starlette/applications.py", line 90, in __call__
    await self.middleware_stack(scope, receive, send)
  File "/Users/syedchamansha/.gemini/antigravity/worktrees/Virtual-mind/explore-elesium-architecture-features/venv/lib/python3.12/site-packages/starlette/middleware/errors.py", line 186, in __call__
    raise exc
  File "/Users/syedchamansha/.gemini/antigravity/worktrees/Virtual-mind/explore-elesium-architecture-features/venv/lib/python3.12/site-packages/starlette/middleware/errors.py", line 164, in __call__
    await self.app(scope, receive, _send)
  File "/Users/syedchamansha/.gemini/antigravity/worktrees/Virtual-mind/explore-elesium-architecture-features/venv/lib/python3.12/site-packages/starlette/middleware/base.py", line 193, in __call__
    response = await self.dispatch_func(request, call_next)
               ^^^^^^^^^^^^^^^^^^^^^^^^^^^^^^^^^^^^^^^^^^^^
  File "/Users/syedchamansha/.gemini/antigravity/worktrees/Virtual-mind/explore-elesium-architecture-features/api/main.py", line 58, in dynamic_cors_middleware
    response = await call_next(request)
               ^^^^^^^^^^^^^^^^^^^^^^^^
  File "/Users/syedchamansha/.gemini/antigravity/worktrees/Virtual-mind/explore-elesium-architecture-features/venv/lib/python3.12/site-packages/starlette/middleware/base.py", line 168, in call_next
    raise app_exc from app_exc.__cause__ or app_exc.__context__
  File "/Users/syedchamansha/.gemini/antigravity/worktrees/Virtual-mind/explore-elesium-architecture-features/venv/lib/python3.12/site-packages/starlette/middleware/base.py", line 144, in coro
    await self.app(scope, receive_or_disconnect, send_no_error)
  File "/Users/syedchamansha/.gemini/antigravity/worktrees/Virtual-mind/explore-elesium-architecture-features/venv/lib/python3.12/site-packages/starlette/middleware/exceptions.py", line 63, in __call__
    await wrap_app_handling_exceptions(self.app, conn)(scope, receive, send)
  File "/Users/syedchamansha/.gemini/antigravity/worktrees/Virtual-mind/explore-elesium-architecture-features/venv/lib/python3.12/site-packages/starlette/_exception_handler.py", line 53, in wrapped_app
    raise exc
  File "/Users/syedchamansha/.gemini/antigravity/worktrees/Virtual-mind/explore-elesium-architecture-features/venv/lib/python3.12/site-packages/starlette/_exception_handler.py", line 42, in wrapped_app
    await app(scope, receive, sender)
  File "/Users/syedchamansha/.gemini/antigravity/worktrees/Virtual-mind/explore-elesium-architecture-features/venv/lib/python3.12/site-packages/fastapi/middleware/asyncexitstack.py", line 18, in __call__
    await self.app(scope, receive, send)
  File "/Users/syedchamansha/.gemini/antigravity/worktrees/Virtual-mind/explore-elesium-architecture-features/venv/lib/python3.12/site-packages/starlette/routing.py", line 660, in __call__
    await self.middleware_stack(scope, receive, send)
  File "/Users/syedchamansha/.gemini/antigravity/worktrees/Virtual-mind/explore-elesium-architecture-features/venv/lib/python3.12/site-packages/starlette/routing.py", line 680, in app
    await route.handle(scope, receive, send)
  File "/Users/syedchamansha/.gemini/antigravity/worktrees/Virtual-mind/explore-elesium-architecture-features/venv/lib/python3.12/site-packages/fastapi/routing.py", line 1574, in handle
    await self.original_router.handle(scope, receive, send)
  File "/Users/syedchamansha/.gemini/antigravity/worktrees/Virtual-mind/explore-elesium-architecture-features/venv/lib/python3.12/site-packages/fastapi/routing.py", line 2012, in handle
    await included_router._handle_selected(scope, receive, send)
  File "/Users/syedchamansha/.gemini/antigravity/worktrees/Virtual-mind/explore-elesium-architecture-features/venv/lib/python3.12/site-packages/fastapi/routing.py", line 1594, in _handle_selected
    await original_route.handle(scope, receive, send)
  File "/Users/syedchamansha/.gemini/antigravity/worktrees/Virtual-mind/explore-elesium-architecture-features/venv/lib/python3.12/site-packages/fastapi/routing.py", line 1183, in handle
    await app(scope, receive, send)
  File "/Users/syedchamansha/.gemini/antigravity/worktrees/Virtual-mind/explore-elesium-architecture-features/venv/lib/python3.12/site-packages/fastapi/routing.py", line 143, in app
    await wrap_app_handling_exceptions(app, request)(scope, receive, send)
  File "/Users/syedchamansha/.gemini/antigravity/worktrees/Virtual-mind/explore-elesium-architecture-features/venv/lib/python3.12/site-packages/starlette/_exception_handler.py", line 53, in wrapped_app
    raise exc
  File "/Users/syedchamansha/.gemini/antigravity/worktrees/Virtual-mind/explore-elesium-architecture-features/venv/lib/python3.12/site-packages/starlette/_exception_handler.py", line 42, in wrapped_app
    await app(scope, receive, sender)
  File "/Users/syedchamansha/.gemini/antigravity/worktrees/Virtual-mind/explore-elesium-architecture-features/venv/lib/python3.12/site-packages/fastapi/routing.py", line 129, in app
    response = await f(request)
               ^^^^^^^^^^^^^^^^
  File "/Users/syedchamansha/.gemini/antigravity/worktrees/Virtual-mind/explore-elesium-architecture-features/venv/lib/python3.12/site-packages/fastapi/routing.py", line 683, in app
    raw_response = await run_endpoint_function(
                   ^^^^^^^^^^^^^^^^^^^^^^^^^^^^
  File "/Users/syedchamansha/.gemini/antigravity/worktrees/Virtual-mind/explore-elesium-architecture-features/venv/lib/python3.12/site-packages/fastapi/routing.py", line 337, in run_endpoint_function
    return await dependant.call(**values)
           ^^^^^^^^^^^^^^^^^^^^^^^^^^^^^^
  File "/Users/syedchamansha/.gemini/antigravity/worktrees/Virtual-mind/explore-elesium-architecture-features/api/routes/deen.py", line 31, in get_prayer_times
    cached = db.prayer_cache.find_one({"_id": cache_key})
             ^^^^^^^^^^^^^^^^^^^^^^^^^^^^^^^^^^^^^^^^^^^^
  File "/Users/syedchamansha/.gemini/antigravity/worktrees/Virtual-mind/explore-elesium-architecture-features/venv/lib/python3.12/site-packages/pymongo/synchronous/collection.py", line 1754, in find_one
    for result in cursor.limit(-1):
  File "/Users/syedchamansha/.gemini/antigravity/worktrees/Virtual-mind/explore-elesium-architecture-features/venv/lib/python3.12/site-packages/pymongo/synchronous/cursor.py", line 1166, in __next__
    return self.next()
           ^^^^^^^^^^^
  File "/Users/syedchamansha/.gemini/antigravity/worktrees/Virtual-mind/explore-elesium-architecture-features/venv/lib/python3.12/site-packages/pymongo/synchronous/cursor.py", line 1142, in next
    if len(self._data) or self._refresh():
                          ^^^^^^^^^^^^^^^
  File "/Users/syedchamansha/.gemini/antigravity/worktrees/Virtual-mind/explore-elesium-architecture-features/venv/lib/python3.12/site-packages/pymongo/synchronous/cursor.py", line 1090, in _refresh
    self._send_message(q)
  File "/Users/syedchamansha/.gemini/antigravity/worktrees/Virtual-mind/explore-elesium-architecture-features/venv/lib/python3.12/site-packages/pymongo/synchronous/cursor.py", line 985, in _send_message
    response = client._run_operation(
               ^^^^^^^^^^^^^^^^^^^^^^
  File "/Users/syedchamansha/.gemini/antigravity/worktrees/Virtual-mind/explore-elesium-architecture-features/venv/lib/python3.12/site-packages/pymongo/_csot.py", line 125, in csot_wrapper
    return func(self, *args, **kwargs)
           ^^^^^^^^^^^^^^^^^^^^^^^^^^^
  File "/Users/syedchamansha/.gemini/antigravity/worktrees/Virtual-mind/explore-elesium-architecture-features/venv/lib/python3.12/site-packages/pymongo/synchronous/mongo_client.py", line 1956, in _run_operation
    return self._retryable_read(
           ^^^^^^^^^^^^^^^^^^^^^
  File "/Users/syedchamansha/.gemini/antigravity/worktrees/Virtual-mind/explore-elesium-architecture-features/venv/lib/python3.12/site-packages/pymongo/synchronous/mongo_client.py", line 2076, in _retryable_read
    return self._retry_internal(
           ^^^^^^^^^^^^^^^^^^^^^
  File "/Users/syedchamansha/.gemini/antigravity/worktrees/Virtual-mind/explore-elesium-architecture-features/venv/lib/python3.12/site-packages/pymongo/_csot.py", line 125, in csot_wrapper
    return func(self, *args, **kwargs)
           ^^^^^^^^^^^^^^^^^^^^^^^^^^^
  File "/Users/syedchamansha/.gemini/antigravity/worktrees/Virtual-mind/explore-elesium-architecture-features/venv/lib/python3.12/site-packages/pymongo/synchronous/mongo_client.py", line 2038, in _retry_internal
    ).run()
      ^^^^^
  File "/Users/syedchamansha/.gemini/antigravity/worktrees/Virtual-mind/explore-elesium-architecture-features/venv/lib/python3.12/site-packages/pymongo/synchronous/mongo_client.py", line 2811, in run
    res = self._read() if self._is_read else self._write()
          ^^^^^^^^^^^^
  File "/Users/syedchamansha/.gemini/antigravity/worktrees/Virtual-mind/explore-elesium-architecture-features/venv/lib/python3.12/site-packages/pymongo/synchronous/mongo_client.py", line 3027, in _read
    self._server = self._get_server()
                   ^^^^^^^^^^^^^^^^^^
  File "/Users/syedchamansha/.gemini/antigravity/worktrees/Virtual-mind/explore-elesium-architecture-features/venv/lib/python3.12/site-packages/pymongo/synchronous/mongo_client.py", line 2975, in _get_server
    return self._client._select_server(
           ^^^^^^^^^^^^^^^^^^^^^^^^^^^^
  File "/Users/syedchamansha/.gemini/antigravity/worktrees/Virtual-mind/explore-elesium-architecture-features/venv/lib/python3.12/site-packages/pymongo/synchronous/mongo_client.py", line 1851, in _select_server
    server = topology.select_server(
             ^^^^^^^^^^^^^^^^^^^^^^^
  File "/Users/syedchamansha/.gemini/antigravity/worktrees/Virtual-mind/explore-elesium-architecture-features/venv/lib/python3.12/site-packages/pymongo/synchronous/topology.py", line 428, in select_server
    server = self._select_server(
             ^^^^^^^^^^^^^^^^^^^^
  File "/Users/syedchamansha/.gemini/antigravity/worktrees/Virtual-mind/explore-elesium-architecture-features/venv/lib/python3.12/site-packages/pymongo/synchronous/topology.py", line 402, in _select_server
    servers = self.select_servers(
              ^^^^^^^^^^^^^^^^^^^^
  File "/Users/syedchamansha/.gemini/antigravity/worktrees/Virtual-mind/explore-elesium-architecture-features/venv/lib/python3.12/site-packages/pymongo/synchronous/topology.py", line 298, in select_servers
    server_descriptions = self._select_servers_loop(
                          ^^^^^^^^^^^^^^^^^^^^^^^^^^
  File "/Users/syedchamansha/.gemini/antigravity/worktrees/Virtual-mind/explore-elesium-architecture-features/venv/lib/python3.12/site-packages/pymongo/synchronous/topology.py", line 359, in _select_servers_loop
    raise ServerSelectionTimeoutError(
pymongo.errors.ServerSelectionTimeoutError: ac-zxvezvt-shard-00-02.eodnhtr.mongodb.net:27017: timed out (configured timeouts: socketTimeoutMS: 20000.0ms, connectTimeoutMS: 20000.0ms),SSL handshake failed: ac-zxvezvt-shard-00-00.eodnhtr.mongodb.net:27017: _ssl.c:983: The handshake operation timed out (configured timeouts: socketTimeoutMS: 20000.0ms, connectTimeoutMS: 20000.0ms),SSL handshake failed: ac-zxvezvt-shard-00-01.eodnhtr.mongodb.net:27017: _ssl.c:983: The handshake operation timed out (configured timeouts: socketTimeoutMS: 20000.0ms, connectTimeoutMS: 20000.0ms), Timeout: 30s, Topology Description: <TopologyDescription id: 6a3242dfbc355916d230dc94, topology_type: ReplicaSetNoPrimary, servers: [<ServerDescription ('ac-zxvezvt-shard-00-00.eodnhtr.mongodb.net', 27017) server_type: Unknown, rtt: None, error=NetworkTimeout('SSL handshake failed: ac-zxvezvt-shard-00-00.eodnhtr.mongodb.net:27017: _ssl.c:983: The handshake operation timed out (configured timeouts: socketTimeoutMS: 20000.0ms, connectTimeoutMS: 20000.0ms)')>, <ServerDescription ('ac-zxvezvt-shard-00-01.eodnhtr.mongodb.net', 27017) server_type: Unknown, rtt: None, error=NetworkTimeout('SSL handshake failed: ac-zxvezvt-shard-00-01.eodnhtr.mongodb.net:27017: _ssl.c:983: The handshake operation timed out (configured timeouts: socketTimeoutMS: 20000.0ms, connectTimeoutMS: 20000.0ms)')>, <ServerDescription ('ac-zxvezvt-shard-00-02.eodnhtr.mongodb.net', 27017) server_type: Unknown, rtt: None, error=NetworkTimeout('ac-zxvezvt-shard-00-02.eodnhtr.mongodb.net:27017: timed out (configured timeouts: socketTimeoutMS: 20000.0ms, connectTimeoutMS: 20000.0ms)')>]>
ERROR:    Exception in ASGI application
Traceback (most recent call last):
  File "/Users/syedchamansha/.gemini/antigravity/worktrees/Virtual-mind/explore-elesium-architecture-features/venv/lib/python3.12/site-packages/uvicorn/protocols/http/h11_impl.py", line 415, in run_asgi
    result = await app(  # type: ignore[func-returns-value]
             ^^^^^^^^^^^^^^^^^^^^^^^^^^^^^^^^^^^^^^^^^^^^^^
  File "/Users/syedchamansha/.gemini/antigravity/worktrees/Virtual-mind/explore-elesium-architecture-features/venv/lib/python3.12/site-packages/uvicorn/middleware/proxy_headers.py", line 62, in __call__
    return await self.app(scope, receive, send)
           ^^^^^^^^^^^^^^^^^^^^^^^^^^^^^^^^^^^^
  File "/Users/syedchamansha/.gemini/antigravity/worktrees/Virtual-mind/explore-elesium-architecture-features/venv/lib/python3.12/site-packages/fastapi/applications.py", line 1162, in __call__
    await super().__call__(scope, receive, send)
  File "/Users/syedchamansha/.gemini/antigravity/worktrees/Virtual-mind/explore-elesium-architecture-features/venv/lib/python3.12/site-packages/starlette/applications.py", line 90, in __call__
    await self.middleware_stack(scope, receive, send)
  File "/Users/syedchamansha/.gemini/antigravity/worktrees/Virtual-mind/explore-elesium-architecture-features/venv/lib/python3.12/site-packages/starlette/middleware/errors.py", line 186, in __call__
    raise exc
  File "/Users/syedchamansha/.gemini/antigravity/worktrees/Virtual-mind/explore-elesium-architecture-features/venv/lib/python3.12/site-packages/starlette/middleware/errors.py", line 164, in __call__
    await self.app(scope, receive, _send)
  File "/Users/syedchamansha/.gemini/antigravity/worktrees/Virtual-mind/explore-elesium-architecture-features/venv/lib/python3.12/site-packages/starlette/middleware/base.py", line 193, in __call__
    response = await self.dispatch_func(request, call_next)
               ^^^^^^^^^^^^^^^^^^^^^^^^^^^^^^^^^^^^^^^^^^^^
  File "/Users/syedchamansha/.gemini/antigravity/worktrees/Virtual-mind/explore-elesium-architecture-features/api/main.py", line 58, in dynamic_cors_middleware
    response = await call_next(request)
               ^^^^^^^^^^^^^^^^^^^^^^^^
  File "/Users/syedchamansha/.gemini/antigravity/worktrees/Virtual-mind/explore-elesium-architecture-features/venv/lib/python3.12/site-packages/starlette/middleware/base.py", line 168, in call_next
    raise app_exc from app_exc.__cause__ or app_exc.__context__
  File "/Users/syedchamansha/.gemini/antigravity/worktrees/Virtual-mind/explore-elesium-architecture-features/venv/lib/python3.12/site-packages/starlette/middleware/base.py", line 144, in coro
    await self.app(scope, receive_or_disconnect, send_no_error)
  File "/Users/syedchamansha/.gemini/antigravity/worktrees/Virtual-mind/explore-elesium-architecture-features/venv/lib/python3.12/site-packages/starlette/middleware/exceptions.py", line 63, in __call__
    await wrap_app_handling_exceptions(self.app, conn)(scope, receive, send)
  File "/Users/syedchamansha/.gemini/antigravity/worktrees/Virtual-mind/explore-elesium-architecture-features/venv/lib/python3.12/site-packages/starlette/_exception_handler.py", line 53, in wrapped_app
    raise exc
  File "/Users/syedchamansha/.gemini/antigravity/worktrees/Virtual-mind/explore-elesium-architecture-features/venv/lib/python3.12/site-packages/starlette/_exception_handler.py", line 42, in wrapped_app
    await app(scope, receive, sender)
  File "/Users/syedchamansha/.gemini/antigravity/worktrees/Virtual-mind/explore-elesium-architecture-features/venv/lib/python3.12/site-packages/fastapi/middleware/asyncexitstack.py", line 18, in __call__
    await self.app(scope, receive, send)
  File "/Users/syedchamansha/.gemini/antigravity/worktrees/Virtual-mind/explore-elesium-architecture-features/venv/lib/python3.12/site-packages/starlette/routing.py", line 660, in __call__
    await self.middleware_stack(scope, receive, send)
  File "/Users/syedchamansha/.gemini/antigravity/worktrees/Virtual-mind/explore-elesium-architecture-features/venv/lib/python3.12/site-packages/starlette/routing.py", line 680, in app
    await route.handle(scope, receive, send)
  File "/Users/syedchamansha/.gemini/antigravity/worktrees/Virtual-mind/explore-elesium-architecture-features/venv/lib/python3.12/site-packages/fastapi/routing.py", line 1574, in handle
    await self.original_router.handle(scope, receive, send)
  File "/Users/syedchamansha/.gemini/antigravity/worktrees/Virtual-mind/explore-elesium-architecture-features/venv/lib/python3.12/site-packages/fastapi/routing.py", line 2012, in handle
    await included_router._handle_selected(scope, receive, send)
  File "/Users/syedchamansha/.gemini/antigravity/worktrees/Virtual-mind/explore-elesium-architecture-features/venv/lib/python3.12/site-packages/fastapi/routing.py", line 1594, in _handle_selected
    await original_route.handle(scope, receive, send)
  File "/Users/syedchamansha/.gemini/antigravity/worktrees/Virtual-mind/explore-elesium-architecture-features/venv/lib/python3.12/site-packages/fastapi/routing.py", line 1183, in handle
    await app(scope, receive, send)
  File "/Users/syedchamansha/.gemini/antigravity/worktrees/Virtual-mind/explore-elesium-architecture-features/venv/lib/python3.12/site-packages/fastapi/routing.py", line 143, in app
    await wrap_app_handling_exceptions(app, request)(scope, receive, send)
  File "/Users/syedchamansha/.gemini/antigravity/worktrees/Virtual-mind/explore-elesium-architecture-features/venv/lib/python3.12/site-packages/starlette/_exception_handler.py", line 53, in wrapped_app
    raise exc
  File "/Users/syedchamansha/.gemini/antigravity/worktrees/Virtual-mind/explore-elesium-architecture-features/venv/lib/python3.12/site-packages/starlette/_exception_handler.py", line 42, in wrapped_app
    await app(scope, receive, sender)
  File "/Users/syedchamansha/.gemini/antigravity/worktrees/Virtual-mind/explore-elesium-architecture-features/venv/lib/python3.12/site-packages/fastapi/routing.py", line 129, in app
    response = await f(request)
               ^^^^^^^^^^^^^^^^
  File "/Users/syedchamansha/.gemini/antigravity/worktrees/Virtual-mind/explore-elesium-architecture-features/venv/lib/python3.12/site-packages/fastapi/routing.py", line 683, in app
    raw_response = await run_endpoint_function(
                   ^^^^^^^^^^^^^^^^^^^^^^^^^^^^
  File "/Users/syedchamansha/.gemini/antigravity/worktrees/Virtual-mind/explore-elesium-architecture-features/venv/lib/python3.12/site-packages/fastapi/routing.py", line 337, in run_endpoint_function
    return await dependant.call(**values)
           ^^^^^^^^^^^^^^^^^^^^^^^^^^^^^^
  File "/Users/syedchamansha/.gemini/antigravity/worktrees/Virtual-mind/explore-elesium-architecture-features/api/routes/deen.py", line 31, in get_prayer_times
    cached = db.prayer_cache.find_one({"_id": cache_key})
             ^^^^^^^^^^^^^^^^^^^^^^^^^^^^^^^^^^^^^^^^^^^^
  File "/Users/syedchamansha/.gemini/antigravity/worktrees/Virtual-mind/explore-elesium-architecture-features/venv/lib/python3.12/site-packages/pymongo/synchronous/collection.py", line 1754, in find_one
    for result in cursor.limit(-1):
  File "/Users/syedchamansha/.gemini/antigravity/worktrees/Virtual-mind/explore-elesium-architecture-features/venv/lib/python3.12/site-packages/pymongo/synchronous/cursor.py", line 1166, in __next__
    return self.next()
           ^^^^^^^^^^^
  File "/Users/syedchamansha/.gemini/antigravity/worktrees/Virtual-mind/explore-elesium-architecture-features/venv/lib/python3.12/site-packages/pymongo/synchronous/cursor.py", line 1142, in next
    if len(self._data) or self._refresh():
                          ^^^^^^^^^^^^^^^
  File "/Users/syedchamansha/.gemini/antigravity/worktrees/Virtual-mind/explore-elesium-architecture-features/venv/lib/python3.12/site-packages/pymongo/synchronous/cursor.py", line 1090, in _refresh
    self._send_message(q)
  File "/Users/syedchamansha/.gemini/antigravity/worktrees/Virtual-mind/explore-elesium-architecture-features/venv/lib/python3.12/site-packages/pymongo/synchronous/cursor.py", line 985, in _send_message
    response = client._run_operation(
               ^^^^^^^^^^^^^^^^^^^^^^
  File "/Users/syedchamansha/.gemini/antigravity/worktrees/Virtual-mind/explore-elesium-architecture-features/venv/lib/python3.12/site-packages/pymongo/_csot.py", line 125, in csot_wrapper
    return func(self, *args, **kwargs)
           ^^^^^^^^^^^^^^^^^^^^^^^^^^^
  File "/Users/syedchamansha/.gemini/antigravity/worktrees/Virtual-mind/explore-elesium-architecture-features/venv/lib/python3.12/site-packages/pymongo/synchronous/mongo_client.py", line 1956, in _run_operation
    return self._retryable_read(
           ^^^^^^^^^^^^^^^^^^^^^
  File "/Users/syedchamansha/.gemini/antigravity/worktrees/Virtual-mind/explore-elesium-architecture-features/venv/lib/python3.12/site-packages/pymongo/synchronous/mongo_client.py", line 2076, in _retryable_read
    return self._retry_internal(
           ^^^^^^^^^^^^^^^^^^^^^
  File "/Users/syedchamansha/.gemini/antigravity/worktrees/Virtual-mind/explore-elesium-architecture-features/venv/lib/python3.12/site-packages/pymongo/_csot.py", line 125, in csot_wrapper
    return func(self, *args, **kwargs)
           ^^^^^^^^^^^^^^^^^^^^^^^^^^^
  File "/Users/syedchamansha/.gemini/antigravity/worktrees/Virtual-mind/explore-elesium-architecture-features/venv/lib/python3.12/site-packages/pymongo/synchronous/mongo_client.py", line 2038, in _retry_internal
    ).run()
      ^^^^^
  File "/Users/syedchamansha/.gemini/antigravity/worktrees/Virtual-mind/explore-elesium-architecture-features/venv/lib/python3.12/site-packages/pymongo/synchronous/mongo_client.py", line 2811, in run
    res = self._read() if self._is_read else self._write()
          ^^^^^^^^^^^^
  File "/Users/syedchamansha/.gemini/antigravity/worktrees/Virtual-mind/explore-elesium-architecture-features/venv/lib/python3.12/site-packages/pymongo/synchronous/mongo_client.py", line 3027, in _read
    self._server = self._get_server()
                   ^^^^^^^^^^^^^^^^^^
  File "/Users/syedchamansha/.gemini/antigravity/worktrees/Virtual-mind/explore-elesium-architecture-features/venv/lib/python3.12/site-packages/pymongo/synchronous/mongo_client.py", line 2975, in _get_server
    return self._client._select_server(
           ^^^^^^^^^^^^^^^^^^^^^^^^^^^^
  File "/Users/syedchamansha/.gemini/antigravity/worktrees/Virtual-mind/explore-elesium-architecture-features/venv/lib/python3.12/site-packages/pymongo/synchronous/mongo_client.py", line 1851, in _select_server
    server = topology.select_server(
             ^^^^^^^^^^^^^^^^^^^^^^^
  File "/Users/syedchamansha/.gemini/antigravity/worktrees/Virtual-mind/explore-elesium-architecture-features/venv/lib/python3.12/site-packages/pymongo/synchronous/topology.py", line 428, in select_server
    server = self._select_server(
             ^^^^^^^^^^^^^^^^^^^^
  File "/Users/syedchamansha/.gemini/antigravity/worktrees/Virtual-mind/explore-elesium-architecture-features/venv/lib/python3.12/site-packages/pymongo/synchronous/topology.py", line 402, in _select_server
    servers = self.select_servers(
              ^^^^^^^^^^^^^^^^^^^^
  File "/Users/syedchamansha/.gemini/antigravity/worktrees/Virtual-mind/explore-elesium-architecture-features/venv/lib/python3.12/site-packages/pymongo/synchronous/topology.py", line 298, in select_servers
    server_descriptions = self._select_servers_loop(
                          ^^^^^^^^^^^^^^^^^^^^^^^^^^
  File "/Users/syedchamansha/.gemini/antigravity/worktrees/Virtual-mind/explore-elesium-architecture-features/venv/lib/python3.12/site-packages/pymongo/synchronous/topology.py", line 359, in _select_servers_loop
    raise ServerSelectionTimeoutError(
pymongo.errors.ServerSelectionTimeoutError: ac-zxvezvt-shard-00-02.eodnhtr.mongodb.net:27017: timed out (configured timeouts: socketTimeoutMS: 20000.0ms, connectTimeoutMS: 20000.0ms),SSL handshake failed: ac-zxvezvt-shard-00-00.eodnhtr.mongodb.net:27017: _ssl.c:983: The handshake operation timed out (configured timeouts: socketTimeoutMS: 20000.0ms, connectTimeoutMS: 20000.0ms),SSL handshake failed: ac-zxvezvt-shard-00-01.eodnhtr.mongodb.net:27017: _ssl.c:983: The handshake operation timed out (configured timeouts: socketTimeoutMS: 20000.0ms, connectTimeoutMS: 20000.0ms), Timeout: 30s, Topology Description: <TopologyDescription id: 6a3242dfbc355916d230dc94, topology_type: ReplicaSetNoPrimary, servers: [<ServerDescription ('ac-zxvezvt-shard-00-00.eodnhtr.mongodb.net', 27017) server_type: Unknown, rtt: None, error=NetworkTimeout('SSL handshake failed: ac-zxvezvt-shard-00-00.eodnhtr.mongodb.net:27017: _ssl.c:983: The handshake operation timed out (configured timeouts: socketTimeoutMS: 20000.0ms, connectTimeoutMS: 20000.0ms)')>, <ServerDescription ('ac-zxvezvt-shard-00-01.eodnhtr.mongodb.net', 27017) server_type: Unknown, rtt: None, error=NetworkTimeout('SSL handshake failed: ac-zxvezvt-shard-00-01.eodnhtr.mongodb.net:27017: _ssl.c:983: The handshake operation timed out (configured timeouts: socketTimeoutMS: 20000.0ms, connectTimeoutMS: 20000.0ms)')>, <ServerDescription ('ac-zxvezvt-shard-00-02.eodnhtr.mongodb.net', 27017) server_type: Unknown, rtt: None, error=NetworkTimeout('ac-zxvezvt-shard-00-02.eodnhtr.mongodb.net:27017: timed out (configured timeouts: socketTimeoutMS: 20000.0ms, connectTimeoutMS: 20000.0ms)')>]>
ERROR:    Exception in ASGI application
Traceback (most recent call last):
  File "/Users/syedchamansha/.gemini/antigravity/worktrees/Virtual-mind/explore-elesium-architecture-features/venv/lib/python3.12/site-packages/uvicorn/protocols/http/h11_impl.py", line 415, in run_asgi
    result = await app(  # type: ignore[func-returns-value]
             ^^^^^^^^^^^^^^^^^^^^^^^^^^^^^^^^^^^^^^^^^^^^^^
  File "/Users/syedchamansha/.gemini/antigravity/worktrees/Virtual-mind/explore-elesium-architecture-features/venv/lib/python3.12/site-packages/uvicorn/middleware/proxy_headers.py", line 62, in __call__
    return await self.app(scope, receive, send)
           ^^^^^^^^^^^^^^^^^^^^^^^^^^^^^^^^^^^^
  File "/Users/syedchamansha/.gemini/antigravity/worktrees/Virtual-mind/explore-elesium-architecture-features/venv/lib/python3.12/site-packages/fastapi/applications.py", line 1162, in __call__
    await super().__call__(scope, receive, send)
  File "/Users/syedchamansha/.gemini/antigravity/worktrees/Virtual-mind/explore-elesium-architecture-features/venv/lib/python3.12/site-packages/starlette/applications.py", line 90, in __call__
    await self.middleware_stack(scope, receive, send)
  File "/Users/syedchamansha/.gemini/antigravity/worktrees/Virtual-mind/explore-elesium-architecture-features/venv/lib/python3.12/site-packages/starlette/middleware/errors.py", line 186, in __call__
    raise exc
  File "/Users/syedchamansha/.gemini/antigravity/worktrees/Virtual-mind/explore-elesium-architecture-features/venv/lib/python3.12/site-packages/starlette/middleware/errors.py", line 164, in __call__
    await self.app(scope, receive, _send)
  File "/Users/syedchamansha/.gemini/antigravity/worktrees/Virtual-mind/explore-elesium-architecture-features/venv/lib/python3.12/site-packages/starlette/middleware/base.py", line 193, in __call__
    response = await self.dispatch_func(request, call_next)
               ^^^^^^^^^^^^^^^^^^^^^^^^^^^^^^^^^^^^^^^^^^^^
  File "/Users/syedchamansha/.gemini/antigravity/worktrees/Virtual-mind/explore-elesium-architecture-features/api/main.py", line 58, in dynamic_cors_middleware
    response = await call_next(request)
               ^^^^^^^^^^^^^^^^^^^^^^^^
  File "/Users/syedchamansha/.gemini/antigravity/worktrees/Virtual-mind/explore-elesium-architecture-features/venv/lib/python3.12/site-packages/starlette/middleware/base.py", line 168, in call_next
    raise app_exc from app_exc.__cause__ or app_exc.__context__
  File "/Users/syedchamansha/.gemini/antigravity/worktrees/Virtual-mind/explore-elesium-architecture-features/venv/lib/python3.12/site-packages/starlette/middleware/base.py", line 144, in coro
    await self.app(scope, receive_or_disconnect, send_no_error)
  File "/Users/syedchamansha/.gemini/antigravity/worktrees/Virtual-mind/explore-elesium-architecture-features/venv/lib/python3.12/site-packages/starlette/middleware/exceptions.py", line 63, in __call__
    await wrap_app_handling_exceptions(self.app, conn)(scope, receive, send)
  File "/Users/syedchamansha/.gemini/antigravity/worktrees/Virtual-mind/explore-elesium-architecture-features/venv/lib/python3.12/site-packages/starlette/_exception_handler.py", line 53, in wrapped_app
    raise exc
  File "/Users/syedchamansha/.gemini/antigravity/worktrees/Virtual-mind/explore-elesium-architecture-features/venv/lib/python3.12/site-packages/starlette/_exception_handler.py", line 42, in wrapped_app
    await app(scope, receive, sender)
  File "/Users/syedchamansha/.gemini/antigravity/worktrees/Virtual-mind/explore-elesium-architecture-features/venv/lib/python3.12/site-packages/fastapi/middleware/asyncexitstack.py", line 18, in __call__
    await self.app(scope, receive, send)
  File "/Users/syedchamansha/.gemini/antigravity/worktrees/Virtual-mind/explore-elesium-architecture-features/venv/lib/python3.12/site-packages/starlette/routing.py", line 660, in __call__
    await self.middleware_stack(scope, receive, send)
  File "/Users/syedchamansha/.gemini/antigravity/worktrees/Virtual-mind/explore-elesium-architecture-features/venv/lib/python3.12/site-packages/starlette/routing.py", line 680, in app
    await route.handle(scope, receive, send)
  File "/Users/syedchamansha/.gemini/antigravity/worktrees/Virtual-mind/explore-elesium-architecture-features/venv/lib/python3.12/site-packages/fastapi/routing.py", line 1574, in handle
    await self.original_router.handle(scope, receive, send)
  File "/Users/syedchamansha/.gemini/antigravity/worktrees/Virtual-mind/explore-elesium-architecture-features/venv/lib/python3.12/site-packages/fastapi/routing.py", line 2012, in handle
    await included_router._handle_selected(scope, receive, send)
  File "/Users/syedchamansha/.gemini/antigravity/worktrees/Virtual-mind/explore-elesium-architecture-features/venv/lib/python3.12/site-packages/fastapi/routing.py", line 1594, in _handle_selected
    await original_route.handle(scope, receive, send)
  File "/Users/syedchamansha/.gemini/antigravity/worktrees/Virtual-mind/explore-elesium-architecture-features/venv/lib/python3.12/site-packages/fastapi/routing.py", line 1183, in handle
    await app(scope, receive, send)
  File "/Users/syedchamansha/.gemini/antigravity/worktrees/Virtual-mind/explore-elesium-architecture-features/venv/lib/python3.12/site-packages/fastapi/routing.py", line 143, in app
    await wrap_app_handling_exceptions(app, request)(scope, receive, send)
  File "/Users/syedchamansha/.gemini/antigravity/worktrees/Virtual-mind/explore-elesium-architecture-features/venv/lib/python3.12/site-packages/starlette/_exception_handler.py", line 53, in wrapped_app
    raise exc
  File "/Users/syedchamansha/.gemini/antigravity/worktrees/Virtual-mind/explore-elesium-architecture-features/venv/lib/python3.12/site-packages/starlette/_exception_handler.py", line 42, in wrapped_app
    await app(scope, receive, sender)
  File "/Users/syedchamansha/.gemini/antigravity/worktrees/Virtual-mind/explore-elesium-architecture-features/venv/lib/python3.12/site-packages/fastapi/routing.py", line 129, in app
    response = await f(request)
               ^^^^^^^^^^^^^^^^
  File "/Users/syedchamansha/.gemini/antigravity/worktrees/Virtual-mind/explore-elesium-architecture-features/venv/lib/python3.12/site-packages/fastapi/routing.py", line 683, in app
    raw_response = await run_endpoint_function(
                   ^^^^^^^^^^^^^^^^^^^^^^^^^^^^
  File "/Users/syedchamansha/.gemini/antigravity/worktrees/Virtual-mind/explore-elesium-architecture-features/venv/lib/python3.12/site-packages/fastapi/routing.py", line 337, in run_endpoint_function
    return await dependant.call(**values)
           ^^^^^^^^^^^^^^^^^^^^^^^^^^^^^^
  File "/Users/syedchamansha/.gemini/antigravity/worktrees/Virtual-mind/explore-elesium-architecture-features/api/routes/deen.py", line 31, in get_prayer_times
    cached = db.prayer_cache.find_one({"_id": cache_key})
             ^^^^^^^^^^^^^^^^^^^^^^^^^^^^^^^^^^^^^^^^^^^^
  File "/Users/syedchamansha/.gemini/antigravity/worktrees/Virtual-mind/explore-elesium-architecture-features/venv/lib/python3.12/site-packages/pymongo/synchronous/collection.py", line 1754, in find_one
    for result in cursor.limit(-1):
  File "/Users/syedchamansha/.gemini/antigravity/worktrees/Virtual-mind/explore-elesium-architecture-features/venv/lib/python3.12/site-packages/pymongo/synchronous/cursor.py", line 1166, in __next__
    return self.next()
           ^^^^^^^^^^^
  File "/Users/syedchamansha/.gemini/antigravity/worktrees/Virtual-mind/explore-elesium-architecture-features/venv/lib/python3.12/site-packages/pymongo/synchronous/cursor.py", line 1142, in next
    if len(self._data) or self._refresh():
                          ^^^^^^^^^^^^^^^
  File "/Users/syedchamansha/.gemini/antigravity/worktrees/Virtual-mind/explore-elesium-architecture-features/venv/lib/python3.12/site-packages/pymongo/synchronous/cursor.py", line 1090, in _refresh
    self._send_message(q)
  File "/Users/syedchamansha/.gemini/antigravity/worktrees/Virtual-mind/explore-elesium-architecture-features/venv/lib/python3.12/site-packages/pymongo/synchronous/cursor.py", line 985, in _send_message
    response = client._run_operation(
               ^^^^^^^^^^^^^^^^^^^^^^
  File "/Users/syedchamansha/.gemini/antigravity/worktrees/Virtual-mind/explore-elesium-architecture-features/venv/lib/python3.12/site-packages/pymongo/_csot.py", line 125, in csot_wrapper
    return func(self, *args, **kwargs)
           ^^^^^^^^^^^^^^^^^^^^^^^^^^^
  File "/Users/syedchamansha/.gemini/antigravity/worktrees/Virtual-mind/explore-elesium-architecture-features/venv/lib/python3.12/site-packages/pymongo/synchronous/mongo_client.py", line 1956, in _run_operation
    return self._retryable_read(
           ^^^^^^^^^^^^^^^^^^^^^
  File "/Users/syedchamansha/.gemini/antigravity/worktrees/Virtual-mind/explore-elesium-architecture-features/venv/lib/python3.12/site-packages/pymongo/synchronous/mongo_client.py", line 2076, in _retryable_read
    return self._retry_internal(
           ^^^^^^^^^^^^^^^^^^^^^
  File "/Users/syedchamansha/.gemini/antigravity/worktrees/Virtual-mind/explore-elesium-architecture-features/venv/lib/python3.12/site-packages/pymongo/_csot.py", line 125, in csot_wrapper
    return func(self, *args, **kwargs)
           ^^^^^^^^^^^^^^^^^^^^^^^^^^^
  File "/Users/syedchamansha/.gemini/antigravity/worktrees/Virtual-mind/explore-elesium-architecture-features/venv/lib/python3.12/site-packages/pymongo/synchronous/mongo_client.py", line 2038, in _retry_internal
    ).run()
      ^^^^^
  File "/Users/syedchamansha/.gemini/antigravity/worktrees/Virtual-mind/explore-elesium-architecture-features/venv/lib/python3.12/site-packages/pymongo/synchronous/mongo_client.py", line 2811, in run
    res = self._read() if self._is_read else self._write()
          ^^^^^^^^^^^^
  File "/Users/syedchamansha/.gemini/antigravity/worktrees/Virtual-mind/explore-elesium-architecture-features/venv/lib/python3.12/site-packages/pymongo/synchronous/mongo_client.py", line 3027, in _read
    self._server = self._get_server()
                   ^^^^^^^^^^^^^^^^^^
  File "/Users/syedchamansha/.gemini/antigravity/worktrees/Virtual-mind/explore-elesium-architecture-features/venv/lib/python3.12/site-packages/pymongo/synchronous/mongo_client.py", line 2975, in _get_server
    return self._client._select_server(
           ^^^^^^^^^^^^^^^^^^^^^^^^^^^^
  File "/Users/syedchamansha/.gemini/antigravity/worktrees/Virtual-mind/explore-elesium-architecture-features/venv/lib/python3.12/site-packages/pymongo/synchronous/mongo_client.py", line 1851, in _select_server
    server = topology.select_server(
             ^^^^^^^^^^^^^^^^^^^^^^^
  File "/Users/syedchamansha/.gemini/antigravity/worktrees/Virtual-mind/explore-elesium-architecture-features/venv/lib/python3.12/site-packages/pymongo/synchronous/topology.py", line 428, in select_server
    server = self._select_server(
             ^^^^^^^^^^^^^^^^^^^^
  File "/Users/syedchamansha/.gemini/antigravity/worktrees/Virtual-mind/explore-elesium-architecture-features/venv/lib/python3.12/site-packages/pymongo/synchronous/topology.py", line 402, in _select_server
    servers = self.select_servers(
              ^^^^^^^^^^^^^^^^^^^^
  File "/Users/syedchamansha/.gemini/antigravity/worktrees/Virtual-mind/explore-elesium-architecture-features/venv/lib/python3.12/site-packages/pymongo/synchronous/topology.py", line 298, in select_servers
    server_descriptions = self._select_servers_loop(
                          ^^^^^^^^^^^^^^^^^^^^^^^^^^
  File "/Users/syedchamansha/.gemini/antigravity/worktrees/Virtual-mind/explore-elesium-architecture-features/venv/lib/python3.12/site-packages/pymongo/synchronous/topology.py", line 359, in _select_servers_loop
    raise ServerSelectionTimeoutError(
pymongo.errors.ServerSelectionTimeoutError: SSL handshake failed: ac-zxvezvt-shard-00-02.eodnhtr.mongodb.net:27017: [Errno 54] Connection reset by peer (configured timeouts: socketTimeoutMS: 20000.0ms, connectTimeoutMS: 20000.0ms),ac-zxvezvt-shard-00-00.eodnhtr.mongodb.net:27017: connection closed (configured timeouts: socketTimeoutMS: 20000.0ms, connectTimeoutMS: 20000.0ms),SSL handshake failed: ac-zxvezvt-shard-00-01.eodnhtr.mongodb.net:27017: _ssl.c:983: The handshake operation timed out (configured timeouts: socketTimeoutMS: 20000.0ms, connectTimeoutMS: 20000.0ms), Timeout: 30s, Topology Description: <TopologyDescription id: 6a3242dfbc355916d230dc94, topology_type: ReplicaSetNoPrimary, servers: [<ServerDescription ('ac-zxvezvt-shard-00-00.eodnhtr.mongodb.net', 27017) server_type: Unknown, rtt: None, error=AutoReconnect('ac-zxvezvt-shard-00-00.eodnhtr.mongodb.net:27017: connection closed (configured timeouts: socketTimeoutMS: 20000.0ms, connectTimeoutMS: 20000.0ms)')>, <ServerDescription ('ac-zxvezvt-shard-00-01.eodnhtr.mongodb.net', 27017) server_type: Unknown, rtt: None, error=NetworkTimeout('SSL handshake failed: ac-zxvezvt-shard-00-01.eodnhtr.mongodb.net:27017: _ssl.c:983: The handshake operation timed out (configured timeouts: socketTimeoutMS: 20000.0ms, connectTimeoutMS: 20000.0ms)')>, <ServerDescription ('ac-zxvezvt-shard-00-02.eodnhtr.mongodb.net', 27017) server_type: Unknown, rtt: None, error=AutoReconnect('SSL handshake failed: ac-zxvezvt-shard-00-02.eodnhtr.mongodb.net:27017: [Errno 54] Connection reset by peer (configured timeouts: socketTimeoutMS: 20000.0ms, connectTimeoutMS: 20000.0ms)')>]>
ERROR:    Exception in ASGI application
Traceback (most recent call last):
  File "/Users/syedchamansha/.gemini/antigravity/worktrees/Virtual-mind/explore-elesium-architecture-features/venv/lib/python3.12/site-packages/pymongo/synchronous/mongo_client.py", line 2811, in run
    res = self._read() if self._is_read else self._write()
          ^^^^^^^^^^^^
  File "/Users/syedchamansha/.gemini/antigravity/worktrees/Virtual-mind/explore-elesium-architecture-features/venv/lib/python3.12/site-packages/pymongo/synchronous/mongo_client.py", line 3027, in _read
    self._server = self._get_server()
                   ^^^^^^^^^^^^^^^^^^
  File "/Users/syedchamansha/.gemini/antigravity/worktrees/Virtual-mind/explore-elesium-architecture-features/venv/lib/python3.12/site-packages/pymongo/synchronous/mongo_client.py", line 2975, in _get_server
    return self._client._select_server(
           ^^^^^^^^^^^^^^^^^^^^^^^^^^^^
  File "/Users/syedchamansha/.gemini/antigravity/worktrees/Virtual-mind/explore-elesium-architecture-features/venv/lib/python3.12/site-packages/pymongo/synchronous/mongo_client.py", line 1851, in _select_server
    server = topology.select_server(
             ^^^^^^^^^^^^^^^^^^^^^^^
  File "/Users/syedchamansha/.gemini/antigravity/worktrees/Virtual-mind/explore-elesium-architecture-features/venv/lib/python3.12/site-packages/pymongo/synchronous/topology.py", line 428, in select_server
    server = self._select_server(
             ^^^^^^^^^^^^^^^^^^^^
  File "/Users/syedchamansha/.gemini/antigravity/worktrees/Virtual-mind/explore-elesium-architecture-features/venv/lib/python3.12/site-packages/pymongo/synchronous/topology.py", line 402, in _select_server
    servers = self.select_servers(
              ^^^^^^^^^^^^^^^^^^^^
  File "/Users/syedchamansha/.gemini/antigravity/worktrees/Virtual-mind/explore-elesium-architecture-features/venv/lib/python3.12/site-packages/pymongo/synchronous/topology.py", line 298, in select_servers
    server_descriptions = self._select_servers_loop(
                          ^^^^^^^^^^^^^^^^^^^^^^^^^^
  File "/Users/syedchamansha/.gemini/antigravity/worktrees/Virtual-mind/explore-elesium-architecture-features/venv/lib/python3.12/site-packages/pymongo/synchronous/topology.py", line 359, in _select_servers_loop
    raise ServerSelectionTimeoutError(
pymongo.errors.ServerSelectionTimeoutError: No replica set members match selector "Primary()", Timeout: 30s, Topology Description: <TopologyDescription id: 6a3242dfbc355916d230dc94, topology_type: ReplicaSetNoPrimary, servers: [<ServerDescription ('ac-zxvezvt-shard-00-00.eodnhtr.mongodb.net', 27017) server_type: RSSecondary, rtt: 0.09401358400646131>, <ServerDescription ('ac-zxvezvt-shard-00-01.eodnhtr.mongodb.net', 27017) server_type: Unknown, rtt: None, error=NetworkTimeout('SSL handshake failed: ac-zxvezvt-shard-00-01.eodnhtr.mongodb.net:27017: _ssl.c:983: The handshake operation timed out (configured timeouts: socketTimeoutMS: 20000.0ms, connectTimeoutMS: 20000.0ms)')>, <ServerDescription ('ac-zxvezvt-shard-00-02.eodnhtr.mongodb.net', 27017) server_type: Unknown, rtt: None, error=AutoReconnect('ac-zxvezvt-shard-00-02.eodnhtr.mongodb.net:27017: [Errno 8] nodename nor servname provided, or not known (configured timeouts: socketTimeoutMS: 20000.0ms, connectTimeoutMS: 20000.0ms)')>]>

The above exception was the direct cause of the following exception:

Traceback (most recent call last):
  File "/Users/syedchamansha/.gemini/antigravity/worktrees/Virtual-mind/explore-elesium-architecture-features/venv/lib/python3.12/site-packages/uvicorn/protocols/http/h11_impl.py", line 415, in run_asgi
    result = await app(  # type: ignore[func-returns-value]
             ^^^^^^^^^^^^^^^^^^^^^^^^^^^^^^^^^^^^^^^^^^^^^^
  File "/Users/syedchamansha/.gemini/antigravity/worktrees/Virtual-mind/explore-elesium-architecture-features/venv/lib/python3.12/site-packages/uvicorn/middleware/proxy_headers.py", line 62, in __call__
    return await self.app(scope, receive, send)
           ^^^^^^^^^^^^^^^^^^^^^^^^^^^^^^^^^^^^
  File "/Users/syedchamansha/.gemini/antigravity/worktrees/Virtual-mind/explore-elesium-architecture-features/venv/lib/python3.12/site-packages/fastapi/applications.py", line 1162, in __call__
    await super().__call__(scope, receive, send)
  File "/Users/syedchamansha/.gemini/antigravity/worktrees/Virtual-mind/explore-elesium-architecture-features/venv/lib/python3.12/site-packages/starlette/applications.py", line 90, in __call__
    await self.middleware_stack(scope, receive, send)
  File "/Users/syedchamansha/.gemini/antigravity/worktrees/Virtual-mind/explore-elesium-architecture-features/venv/lib/python3.12/site-packages/starlette/middleware/errors.py", line 186, in __call__
    raise exc
  File "/Users/syedchamansha/.gemini/antigravity/worktrees/Virtual-mind/explore-elesium-architecture-features/venv/lib/python3.12/site-packages/starlette/middleware/errors.py", line 164, in __call__
    await self.app(scope, receive, _send)
  File "/Users/syedchamansha/.gemini/antigravity/worktrees/Virtual-mind/explore-elesium-architecture-features/venv/lib/python3.12/site-packages/starlette/middleware/base.py", line 193, in __call__
    response = await self.dispatch_func(request, call_next)
               ^^^^^^^^^^^^^^^^^^^^^^^^^^^^^^^^^^^^^^^^^^^^
  File "/Users/syedchamansha/.gemini/antigravity/worktrees/Virtual-mind/explore-elesium-architecture-features/api/main.py", line 58, in dynamic_cors_middleware
    response = await call_next(request)
               ^^^^^^^^^^^^^^^^^^^^^^^^
  File "/Users/syedchamansha/.gemini/antigravity/worktrees/Virtual-mind/explore-elesium-architecture-features/venv/lib/python3.12/site-packages/starlette/middleware/base.py", line 168, in call_next
    raise app_exc from app_exc.__cause__ or app_exc.__context__
  File "/Users/syedchamansha/.gemini/antigravity/worktrees/Virtual-mind/explore-elesium-architecture-features/venv/lib/python3.12/site-packages/starlette/middleware/base.py", line 144, in coro
    await self.app(scope, receive_or_disconnect, send_no_error)
  File "/Users/syedchamansha/.gemini/antigravity/worktrees/Virtual-mind/explore-elesium-architecture-features/venv/lib/python3.12/site-packages/starlette/middleware/exceptions.py", line 63, in __call__
    await wrap_app_handling_exceptions(self.app, conn)(scope, receive, send)
  File "/Users/syedchamansha/.gemini/antigravity/worktrees/Virtual-mind/explore-elesium-architecture-features/venv/lib/python3.12/site-packages/starlette/_exception_handler.py", line 53, in wrapped_app
    raise exc
  File "/Users/syedchamansha/.gemini/antigravity/worktrees/Virtual-mind/explore-elesium-architecture-features/venv/lib/python3.12/site-packages/starlette/_exception_handler.py", line 42, in wrapped_app
    await app(scope, receive, sender)
  File "/Users/syedchamansha/.gemini/antigravity/worktrees/Virtual-mind/explore-elesium-architecture-features/venv/lib/python3.12/site-packages/fastapi/middleware/asyncexitstack.py", line 18, in __call__
    await self.app(scope, receive, send)
  File "/Users/syedchamansha/.gemini/antigravity/worktrees/Virtual-mind/explore-elesium-architecture-features/venv/lib/python3.12/site-packages/starlette/routing.py", line 660, in __call__
    await self.middleware_stack(scope, receive, send)
  File "/Users/syedchamansha/.gemini/antigravity/worktrees/Virtual-mind/explore-elesium-architecture-features/venv/lib/python3.12/site-packages/starlette/routing.py", line 680, in app
    await route.handle(scope, receive, send)
  File "/Users/syedchamansha/.gemini/antigravity/worktrees/Virtual-mind/explore-elesium-architecture-features/venv/lib/python3.12/site-packages/fastapi/routing.py", line 1574, in handle
    await self.original_router.handle(scope, receive, send)
  File "/Users/syedchamansha/.gemini/antigravity/worktrees/Virtual-mind/explore-elesium-architecture-features/venv/lib/python3.12/site-packages/fastapi/routing.py", line 2012, in handle
    await included_router._handle_selected(scope, receive, send)
  File "/Users/syedchamansha/.gemini/antigravity/worktrees/Virtual-mind/explore-elesium-architecture-features/venv/lib/python3.12/site-packages/fastapi/routing.py", line 1594, in _handle_selected
    await original_route.handle(scope, receive, send)
  File "/Users/syedchamansha/.gemini/antigravity/worktrees/Virtual-mind/explore-elesium-architecture-features/venv/lib/python3.12/site-packages/fastapi/routing.py", line 1183, in handle
    await app(scope, receive, send)
  File "/Users/syedchamansha/.gemini/antigravity/worktrees/Virtual-mind/explore-elesium-architecture-features/venv/lib/python3.12/site-packages/fastapi/routing.py", line 143, in app
    await wrap_app_handling_exceptions(app, request)(scope, receive, send)
  File "/Users/syedchamansha/.gemini/antigravity/worktrees/Virtual-mind/explore-elesium-architecture-features/venv/lib/python3.12/site-packages/starlette/_exception_handler.py", line 53, in wrapped_app
    raise exc
  File "/Users/syedchamansha/.gemini/antigravity/worktrees/Virtual-mind/explore-elesium-architecture-features/venv/lib/python3.12/site-packages/starlette/_exception_handler.py", line 42, in wrapped_app
    await app(scope, receive, sender)
  File "/Users/syedchamansha/.gemini/antigravity/worktrees/Virtual-mind/explore-elesium-architecture-features/venv/lib/python3.12/site-packages/fastapi/routing.py", line 129, in app
    response = await f(request)
               ^^^^^^^^^^^^^^^^
  File "/Users/syedchamansha/.gemini/antigravity/worktrees/Virtual-mind/explore-elesium-architecture-features/venv/lib/python3.12/site-packages/fastapi/routing.py", line 683, in app
    raw_response = await run_endpoint_function(
                   ^^^^^^^^^^^^^^^^^^^^^^^^^^^^
  File "/Users/syedchamansha/.gemini/antigravity/worktrees/Virtual-mind/explore-elesium-architecture-features/venv/lib/python3.12/site-packages/fastapi/routing.py", line 337, in run_endpoint_function
    return await dependant.call(**values)
           ^^^^^^^^^^^^^^^^^^^^^^^^^^^^^^
  File "/Users/syedchamansha/.gemini/antigravity/worktrees/Virtual-mind/explore-elesium-architecture-features/api/routes/deen.py", line 31, in get_prayer_times
    cached = db.prayer_cache.find_one({"_id": cache_key})
             ^^^^^^^^^^^^^^^^^^^^^^^^^^^^^^^^^^^^^^^^^^^^
  File "/Users/syedchamansha/.gemini/antigravity/worktrees/Virtual-mind/explore-elesium-architecture-features/venv/lib/python3.12/site-packages/pymongo/synchronous/collection.py", line 1754, in find_one
    for result in cursor.limit(-1):
  File "/Users/syedchamansha/.gemini/antigravity/worktrees/Virtual-mind/explore-elesium-architecture-features/venv/lib/python3.12/site-packages/pymongo/synchronous/cursor.py", line 1166, in __next__
    return self.next()
           ^^^^^^^^^^^
  File "/Users/syedchamansha/.gemini/antigravity/worktrees/Virtual-mind/explore-elesium-architecture-features/venv/lib/python3.12/site-packages/pymongo/synchronous/cursor.py", line 1142, in next
    if len(self._data) or self._refresh():
                          ^^^^^^^^^^^^^^^
  File "/Users/syedchamansha/.gemini/antigravity/worktrees/Virtual-mind/explore-elesium-architecture-features/venv/lib/python3.12/site-packages/pymongo/synchronous/cursor.py", line 1090, in _refresh
    self._send_message(q)
  File "/Users/syedchamansha/.gemini/antigravity/worktrees/Virtual-mind/explore-elesium-architecture-features/venv/lib/python3.12/site-packages/pymongo/synchronous/cursor.py", line 985, in _send_message
    response = client._run_operation(
               ^^^^^^^^^^^^^^^^^^^^^^
  File "/Users/syedchamansha/.gemini/antigravity/worktrees/Virtual-mind/explore-elesium-architecture-features/venv/lib/python3.12/site-packages/pymongo/_csot.py", line 125, in csot_wrapper
    return func(self, *args, **kwargs)
           ^^^^^^^^^^^^^^^^^^^^^^^^^^^
  File "/Users/syedchamansha/.gemini/antigravity/worktrees/Virtual-mind/explore-elesium-architecture-features/venv/lib/python3.12/site-packages/pymongo/synchronous/mongo_client.py", line 1956, in _run_operation
    return self._retryable_read(
           ^^^^^^^^^^^^^^^^^^^^^
  File "/Users/syedchamansha/.gemini/antigravity/worktrees/Virtual-mind/explore-elesium-architecture-features/venv/lib/python3.12/site-packages/pymongo/synchronous/mongo_client.py", line 2076, in _retryable_read
    return self._retry_internal(
           ^^^^^^^^^^^^^^^^^^^^^
  File "/Users/syedchamansha/.gemini/antigravity/worktrees/Virtual-mind/explore-elesium-architecture-features/venv/lib/python3.12/site-packages/pymongo/_csot.py", line 125, in csot_wrapper
    return func(self, *args, **kwargs)
           ^^^^^^^^^^^^^^^^^^^^^^^^^^^
  File "/Users/syedchamansha/.gemini/antigravity/worktrees/Virtual-mind/explore-elesium-architecture-features/venv/lib/python3.12/site-packages/pymongo/synchronous/mongo_client.py", line 2038, in _retry_internal
    ).run()
      ^^^^^
  File "/Users/syedchamansha/.gemini/antigravity/worktrees/Virtual-mind/explore-elesium-architecture-features/venv/lib/python3.12/site-packages/pymongo/synchronous/mongo_client.py", line 2822, in run
    self._check_last_error()
  File "/Users/syedchamansha/.gemini/antigravity/worktrees/Virtual-mind/explore-elesium-architecture-features/venv/lib/python3.12/site-packages/pymongo/synchronous/mongo_client.py", line 2968, in _check_last_error
    raise self._last_error
  File "/Users/syedchamansha/.gemini/antigravity/worktrees/Virtual-mind/explore-elesium-architecture-features/venv/lib/python3.12/site-packages/pymongo/synchronous/mongo_client.py", line 2811, in run
    res = self._read() if self._is_read else self._write()
          ^^^^^^^^^^^^
  File "/Users/syedchamansha/.gemini/antigravity/worktrees/Virtual-mind/explore-elesium-architecture-features/venv/lib/python3.12/site-packages/pymongo/synchronous/mongo_client.py", line 3043, in _read
    return self._func(self._session, self._server, conn, read_pref)  # type: ignore
           ^^^^^^^^^^^^^^^^^^^^^^^^^^^^^^^^^^^^^^^^^^^^^^^^^^^^^^^^
  File "/Users/syedchamansha/.gemini/antigravity/worktrees/Virtual-mind/explore-elesium-architecture-features/venv/lib/python3.12/site-packages/pymongo/synchronous/mongo_client.py", line 1947, in _cmd
    return server.run_operation(
           ^^^^^^^^^^^^^^^^^^^^^
  File "/Users/syedchamansha/.gemini/antigravity/worktrees/Virtual-mind/explore-elesium-architecture-features/venv/lib/python3.12/site-packages/pymongo/synchronous/helpers.py", line 53, in inner
    return func(*args, **kwargs)
           ^^^^^^^^^^^^^^^^^^^^^
  File "/Users/syedchamansha/.gemini/antigravity/worktrees/Virtual-mind/explore-elesium-architecture-features/venv/lib/python3.12/site-packages/pymongo/synchronous/server.py", line 208, in run_operation
    reply = conn.receive_message(request_id)
            ^^^^^^^^^^^^^^^^^^^^^^^^^^^^^^^^
  File "/Users/syedchamansha/.gemini/antigravity/worktrees/Virtual-mind/explore-elesium-architecture-features/venv/lib/python3.12/site-packages/pymongo/synchronous/pool.py", line 459, in receive_message
    self._raise_connection_failure(error)
  File "/Users/syedchamansha/.gemini/antigravity/worktrees/Virtual-mind/explore-elesium-architecture-features/venv/lib/python3.12/site-packages/pymongo/synchronous/pool.py", line 456, in receive_message
    return receive_message(self, request_id, self.max_message_size)
           ^^^^^^^^^^^^^^^^^^^^^^^^^^^^^^^^^^^^^^^^^^^^^^^^^^^^^^^^
  File "/Users/syedchamansha/.gemini/antigravity/worktrees/Virtual-mind/explore-elesium-architecture-features/venv/lib/python3.12/site-packages/pymongo/network_layer.py", line 759, in receive_message
    length, _, response_to, op_code = _UNPACK_HEADER(receive_data(conn, 16, deadline))
                                                     ^^^^^^^^^^^^^^^^^^^^^^^^^^^^^^^^
  File "/Users/syedchamansha/.gemini/antigravity/worktrees/Virtual-mind/explore-elesium-architecture-features/venv/lib/python3.12/site-packages/pymongo/network_layer.py", line 361, in receive_data
    raise _OperationCancelled("operation cancelled") from None
pymongo.errors._OperationCancelled: operation cancelled
ERROR:    Exception in ASGI application
Traceback (most recent call last):
  File "/Users/syedchamansha/.gemini/antigravity/worktrees/Virtual-mind/explore-elesium-architecture-features/venv/lib/python3.12/site-packages/uvicorn/protocols/http/h11_impl.py", line 415, in run_asgi
    result = await app(  # type: ignore[func-returns-value]
             ^^^^^^^^^^^^^^^^^^^^^^^^^^^^^^^^^^^^^^^^^^^^^^
  File "/Users/syedchamansha/.gemini/antigravity/worktrees/Virtual-mind/explore-elesium-architecture-features/venv/lib/python3.12/site-packages/uvicorn/middleware/proxy_headers.py", line 62, in __call__
    return await self.app(scope, receive, send)
           ^^^^^^^^^^^^^^^^^^^^^^^^^^^^^^^^^^^^
  File "/Users/syedchamansha/.gemini/antigravity/worktrees/Virtual-mind/explore-elesium-architecture-features/venv/lib/python3.12/site-packages/fastapi/applications.py", line 1162, in __call__
    await super().__call__(scope, receive, send)
  File "/Users/syedchamansha/.gemini/antigravity/worktrees/Virtual-mind/explore-elesium-architecture-features/venv/lib/python3.12/site-packages/starlette/applications.py", line 90, in __call__
    await self.middleware_stack(scope, receive, send)
  File "/Users/syedchamansha/.gemini/antigravity/worktrees/Virtual-mind/explore-elesium-architecture-features/venv/lib/python3.12/site-packages/starlette/middleware/errors.py", line 186, in __call__
    raise exc
  File "/Users/syedchamansha/.gemini/antigravity/worktrees/Virtual-mind/explore-elesium-architecture-features/venv/lib/python3.12/site-packages/starlette/middleware/errors.py", line 164, in __call__
    await self.app(scope, receive, _send)
  File "/Users/syedchamansha/.gemini/antigravity/worktrees/Virtual-mind/explore-elesium-architecture-features/venv/lib/python3.12/site-packages/starlette/middleware/base.py", line 193, in __call__
    response = await self.dispatch_func(request, call_next)
               ^^^^^^^^^^^^^^^^^^^^^^^^^^^^^^^^^^^^^^^^^^^^
  File "/Users/syedchamansha/.gemini/antigravity/worktrees/Virtual-mind/explore-elesium-architecture-features/api/main.py", line 58, in dynamic_cors_middleware
    response = await call_next(request)
               ^^^^^^^^^^^^^^^^^^^^^^^^
  File "/Users/syedchamansha/.gemini/antigravity/worktrees/Virtual-mind/explore-elesium-architecture-features/venv/lib/python3.12/site-packages/starlette/middleware/base.py", line 168, in call_next
    raise app_exc from app_exc.__cause__ or app_exc.__context__
  File "/Users/syedchamansha/.gemini/antigravity/worktrees/Virtual-mind/explore-elesium-architecture-features/venv/lib/python3.12/site-packages/starlette/middleware/base.py", line 144, in coro
    await self.app(scope, receive_or_disconnect, send_no_error)
  File "/Users/syedchamansha/.gemini/antigravity/worktrees/Virtual-mind/explore-elesium-architecture-features/venv/lib/python3.12/site-packages/starlette/middleware/exceptions.py", line 63, in __call__
    await wrap_app_handling_exceptions(self.app, conn)(scope, receive, send)
  File "/Users/syedchamansha/.gemini/antigravity/worktrees/Virtual-mind/explore-elesium-architecture-features/venv/lib/python3.12/site-packages/starlette/_exception_handler.py", line 53, in wrapped_app
    raise exc
  File "/Users/syedchamansha/.gemini/antigravity/worktrees/Virtual-mind/explore-elesium-architecture-features/venv/lib/python3.12/site-packages/starlette/_exception_handler.py", line 42, in wrapped_app
    await app(scope, receive, sender)
  File "/Users/syedchamansha/.gemini/antigravity/worktrees/Virtual-mind/explore-elesium-architecture-features/venv/lib/python3.12/site-packages/fastapi/middleware/asyncexitstack.py", line 18, in __call__
    await self.app(scope, receive, send)
  File "/Users/syedchamansha/.gemini/antigravity/worktrees/Virtual-mind/explore-elesium-architecture-features/venv/lib/python3.12/site-packages/starlette/routing.py", line 660, in __call__
    await self.middleware_stack(scope, receive, send)
  File "/Users/syedchamansha/.gemini/antigravity/worktrees/Virtual-mind/explore-elesium-architecture-features/venv/lib/python3.12/site-packages/starlette/routing.py", line 680, in app
    await route.handle(scope, receive, send)
  File "/Users/syedchamansha/.gemini/antigravity/worktrees/Virtual-mind/explore-elesium-architecture-features/venv/lib/python3.12/site-packages/fastapi/routing.py", line 1574, in handle
    await self.original_router.handle(scope, receive, send)
  File "/Users/syedchamansha/.gemini/antigravity/worktrees/Virtual-mind/explore-elesium-architecture-features/venv/lib/python3.12/site-packages/fastapi/routing.py", line 2012, in handle
    await included_router._handle_selected(scope, receive, send)
  File "/Users/syedchamansha/.gemini/antigravity/worktrees/Virtual-mind/explore-elesium-architecture-features/venv/lib/python3.12/site-packages/fastapi/routing.py", line 1594, in _handle_selected
    await original_route.handle(scope, receive, send)
  File "/Users/syedchamansha/.gemini/antigravity/worktrees/Virtual-mind/explore-elesium-architecture-features/venv/lib/python3.12/site-packages/fastapi/routing.py", line 1183, in handle
    await app(scope, receive, send)
  File "/Users/syedchamansha/.gemini/antigravity/worktrees/Virtual-mind/explore-elesium-architecture-features/venv/lib/python3.12/site-packages/fastapi/routing.py", line 143, in app
    await wrap_app_handling_exceptions(app, request)(scope, receive, send)
  File "/Users/syedchamansha/.gemini/antigravity/worktrees/Virtual-mind/explore-elesium-architecture-features/venv/lib/python3.12/site-packages/starlette/_exception_handler.py", line 53, in wrapped_app
    raise exc
  File "/Users/syedchamansha/.gemini/antigravity/worktrees/Virtual-mind/explore-elesium-architecture-features/venv/lib/python3.12/site-packages/starlette/_exception_handler.py", line 42, in wrapped_app
    await app(scope, receive, sender)
  File "/Users/syedchamansha/.gemini/antigravity/worktrees/Virtual-mind/explore-elesium-architecture-features/venv/lib/python3.12/site-packages/fastapi/routing.py", line 129, in app
    response = await f(request)
               ^^^^^^^^^^^^^^^^
  File "/Users/syedchamansha/.gemini/antigravity/worktrees/Virtual-mind/explore-elesium-architecture-features/venv/lib/python3.12/site-packages/fastapi/routing.py", line 683, in app
    raw_response = await run_endpoint_function(
                   ^^^^^^^^^^^^^^^^^^^^^^^^^^^^
  File "/Users/syedchamansha/.gemini/antigravity/worktrees/Virtual-mind/explore-elesium-architecture-features/venv/lib/python3.12/site-packages/fastapi/routing.py", line 337, in run_endpoint_function
    return await dependant.call(**values)
           ^^^^^^^^^^^^^^^^^^^^^^^^^^^^^^
  File "/Users/syedchamansha/.gemini/antigravity/worktrees/Virtual-mind/explore-elesium-architecture-features/api/routes/deen.py", line 31, in get_prayer_times
    cached = db.prayer_cache.find_one({"_id": cache_key})
             ^^^^^^^^^^^^^^^^^^^^^^^^^^^^^^^^^^^^^^^^^^^^
  File "/Users/syedchamansha/.gemini/antigravity/worktrees/Virtual-mind/explore-elesium-architecture-features/venv/lib/python3.12/site-packages/pymongo/synchronous/collection.py", line 1754, in find_one
    for result in cursor.limit(-1):
  File "/Users/syedchamansha/.gemini/antigravity/worktrees/Virtual-mind/explore-elesium-architecture-features/venv/lib/python3.12/site-packages/pymongo/synchronous/cursor.py", line 1166, in __next__
    return self.next()
           ^^^^^^^^^^^
  File "/Users/syedchamansha/.gemini/antigravity/worktrees/Virtual-mind/explore-elesium-architecture-features/venv/lib/python3.12/site-packages/pymongo/synchronous/cursor.py", line 1142, in next
    if len(self._data) or self._refresh():
                          ^^^^^^^^^^^^^^^
  File "/Users/syedchamansha/.gemini/antigravity/worktrees/Virtual-mind/explore-elesium-architecture-features/venv/lib/python3.12/site-packages/pymongo/synchronous/cursor.py", line 1090, in _refresh
    self._send_message(q)
  File "/Users/syedchamansha/.gemini/antigravity/worktrees/Virtual-mind/explore-elesium-architecture-features/venv/lib/python3.12/site-packages/pymongo/synchronous/cursor.py", line 985, in _send_message
    response = client._run_operation(
               ^^^^^^^^^^^^^^^^^^^^^^
  File "/Users/syedchamansha/.gemini/antigravity/worktrees/Virtual-mind/explore-elesium-architecture-features/venv/lib/python3.12/site-packages/pymongo/_csot.py", line 125, in csot_wrapper
    return func(self, *args, **kwargs)
           ^^^^^^^^^^^^^^^^^^^^^^^^^^^
  File "/Users/syedchamansha/.gemini/antigravity/worktrees/Virtual-mind/explore-elesium-architecture-features/venv/lib/python3.12/site-packages/pymongo/synchronous/mongo_client.py", line 1956, in _run_operation
    return self._retryable_read(
           ^^^^^^^^^^^^^^^^^^^^^
  File "/Users/syedchamansha/.gemini/antigravity/worktrees/Virtual-mind/explore-elesium-architecture-features/venv/lib/python3.12/site-packages/pymongo/synchronous/mongo_client.py", line 2076, in _retryable_read
    return self._retry_internal(
           ^^^^^^^^^^^^^^^^^^^^^
  File "/Users/syedchamansha/.gemini/antigravity/worktrees/Virtual-mind/explore-elesium-architecture-features/venv/lib/python3.12/site-packages/pymongo/_csot.py", line 125, in csot_wrapper
    return func(self, *args, **kwargs)
           ^^^^^^^^^^^^^^^^^^^^^^^^^^^
  File "/Users/syedchamansha/.gemini/antigravity/worktrees/Virtual-mind/explore-elesium-architecture-features/venv/lib/python3.12/site-packages/pymongo/synchronous/mongo_client.py", line 2038, in _retry_internal
    ).run()
      ^^^^^
  File "/Users/syedchamansha/.gemini/antigravity/worktrees/Virtual-mind/explore-elesium-architecture-features/venv/lib/python3.12/site-packages/pymongo/synchronous/mongo_client.py", line 2811, in run
    res = self._read() if self._is_read else self._write()
          ^^^^^^^^^^^^
  File "/Users/syedchamansha/.gemini/antigravity/worktrees/Virtual-mind/explore-elesium-architecture-features/venv/lib/python3.12/site-packages/pymongo/synchronous/mongo_client.py", line 3027, in _read
    self._server = self._get_server()
                   ^^^^^^^^^^^^^^^^^^
  File "/Users/syedchamansha/.gemini/antigravity/worktrees/Virtual-mind/explore-elesium-architecture-features/venv/lib/python3.12/site-packages/pymongo/synchronous/mongo_client.py", line 2975, in _get_server
    return self._client._select_server(
           ^^^^^^^^^^^^^^^^^^^^^^^^^^^^
  File "/Users/syedchamansha/.gemini/antigravity/worktrees/Virtual-mind/explore-elesium-architecture-features/venv/lib/python3.12/site-packages/pymongo/synchronous/mongo_client.py", line 1851, in _select_server
    server = topology.select_server(
             ^^^^^^^^^^^^^^^^^^^^^^^
  File "/Users/syedchamansha/.gemini/antigravity/worktrees/Virtual-mind/explore-elesium-architecture-features/venv/lib/python3.12/site-packages/pymongo/synchronous/topology.py", line 428, in select_server
    server = self._select_server(
             ^^^^^^^^^^^^^^^^^^^^
  File "/Users/syedchamansha/.gemini/antigravity/worktrees/Virtual-mind/explore-elesium-architecture-features/venv/lib/python3.12/site-packages/pymongo/synchronous/topology.py", line 402, in _select_server
    servers = self.select_servers(
              ^^^^^^^^^^^^^^^^^^^^
  File "/Users/syedchamansha/.gemini/antigravity/worktrees/Virtual-mind/explore-elesium-architecture-features/venv/lib/python3.12/site-packages/pymongo/synchronous/topology.py", line 298, in select_servers
    server_descriptions = self._select_servers_loop(
                          ^^^^^^^^^^^^^^^^^^^^^^^^^^
  File "/Users/syedchamansha/.gemini/antigravity/worktrees/Virtual-mind/explore-elesium-architecture-features/venv/lib/python3.12/site-packages/pymongo/synchronous/topology.py", line 359, in _select_servers_loop
    raise ServerSelectionTimeoutError(
pymongo.errors.ServerSelectionTimeoutError: ac-zxvezvt-shard-00-02.eodnhtr.mongodb.net:27017: timed out (configured timeouts: socketTimeoutMS: 20000.0ms, connectTimeoutMS: 20000.0ms),ac-zxvezvt-shard-00-00.eodnhtr.mongodb.net:27017: timed out (configured timeouts: socketTimeoutMS: 20000.0ms, connectTimeoutMS: 20000.0ms),ac-zxvezvt-shard-00-01.eodnhtr.mongodb.net:27017: timed out (configured timeouts: socketTimeoutMS: 20000.0ms, connectTimeoutMS: 20000.0ms), Timeout: 30s, Topology Description: <TopologyDescription id: 6a3242dfbc355916d230dc94, topology_type: ReplicaSetNoPrimary, servers: [<ServerDescription ('ac-zxvezvt-shard-00-00.eodnhtr.mongodb.net', 27017) server_type: Unknown, rtt: None, error=NetworkTimeout('ac-zxvezvt-shard-00-00.eodnhtr.mongodb.net:27017: timed out (configured timeouts: socketTimeoutMS: 20000.0ms, connectTimeoutMS: 20000.0ms)')>, <ServerDescription ('ac-zxvezvt-shard-00-01.eodnhtr.mongodb.net', 27017) server_type: Unknown, rtt: None, error=NetworkTimeout('ac-zxvezvt-shard-00-01.eodnhtr.mongodb.net:27017: timed out (configured timeouts: socketTimeoutMS: 20000.0ms, connectTimeoutMS: 20000.0ms)')>, <ServerDescription ('ac-zxvezvt-shard-00-02.eodnhtr.mongodb.net', 27017) server_type: Unknown, rtt: None, error=NetworkTimeout('ac-zxvezvt-shard-00-02.eodnhtr.mongodb.net:27017: timed out (configured timeouts: socketTimeoutMS: 20000.0ms, connectTimeoutMS: 20000.0ms)')>]>
ERROR:    Exception in ASGI application
Traceback (most recent call last):
  File "/Users/syedchamansha/.gemini/antigravity/worktrees/Virtual-mind/explore-elesium-architecture-features/venv/lib/python3.12/site-packages/uvicorn/protocols/http/h11_impl.py", line 415, in run_asgi
    result = await app(  # type: ignore[func-returns-value]
             ^^^^^^^^^^^^^^^^^^^^^^^^^^^^^^^^^^^^^^^^^^^^^^
  File "/Users/syedchamansha/.gemini/antigravity/worktrees/Virtual-mind/explore-elesium-architecture-features/venv/lib/python3.12/site-packages/uvicorn/middleware/proxy_headers.py", line 62, in __call__
    return await self.app(scope, receive, send)
           ^^^^^^^^^^^^^^^^^^^^^^^^^^^^^^^^^^^^
  File "/Users/syedchamansha/.gemini/antigravity/worktrees/Virtual-mind/explore-elesium-architecture-features/venv/lib/python3.12/site-packages/fastapi/applications.py", line 1162, in __call__
    await super().__call__(scope, receive, send)
  File "/Users/syedchamansha/.gemini/antigravity/worktrees/Virtual-mind/explore-elesium-architecture-features/venv/lib/python3.12/site-packages/starlette/applications.py", line 90, in __call__
    await self.middleware_stack(scope, receive, send)
  File "/Users/syedchamansha/.gemini/antigravity/worktrees/Virtual-mind/explore-elesium-architecture-features/venv/lib/python3.12/site-packages/starlette/middleware/errors.py", line 186, in __call__
    raise exc
  File "/Users/syedchamansha/.gemini/antigravity/worktrees/Virtual-mind/explore-elesium-architecture-features/venv/lib/python3.12/site-packages/starlette/middleware/errors.py", line 164, in __call__
    await self.app(scope, receive, _send)
  File "/Users/syedchamansha/.gemini/antigravity/worktrees/Virtual-mind/explore-elesium-architecture-features/venv/lib/python3.12/site-packages/starlette/middleware/base.py", line 193, in __call__
    response = await self.dispatch_func(request, call_next)
               ^^^^^^^^^^^^^^^^^^^^^^^^^^^^^^^^^^^^^^^^^^^^
  File "/Users/syedchamansha/.gemini/antigravity/worktrees/Virtual-mind/explore-elesium-architecture-features/api/main.py", line 58, in dynamic_cors_middleware
    response = await call_next(request)
               ^^^^^^^^^^^^^^^^^^^^^^^^
  File "/Users/syedchamansha/.gemini/antigravity/worktrees/Virtual-mind/explore-elesium-architecture-features/venv/lib/python3.12/site-packages/starlette/middleware/base.py", line 168, in call_next
    raise app_exc from app_exc.__cause__ or app_exc.__context__
  File "/Users/syedchamansha/.gemini/antigravity/worktrees/Virtual-mind/explore-elesium-architecture-features/venv/lib/python3.12/site-packages/starlette/middleware/base.py", line 144, in coro
    await self.app(scope, receive_or_disconnect, send_no_error)
  File "/Users/syedchamansha/.gemini/antigravity/worktrees/Virtual-mind/explore-elesium-architecture-features/venv/lib/python3.12/site-packages/starlette/middleware/exceptions.py", line 63, in __call__
    await wrap_app_handling_exceptions(self.app, conn)(scope, receive, send)
  File "/Users/syedchamansha/.gemini/antigravity/worktrees/Virtual-mind/explore-elesium-architecture-features/venv/lib/python3.12/site-packages/starlette/_exception_handler.py", line 53, in wrapped_app
    raise exc
  File "/Users/syedchamansha/.gemini/antigravity/worktrees/Virtual-mind/explore-elesium-architecture-features/venv/lib/python3.12/site-packages/starlette/_exception_handler.py", line 42, in wrapped_app
    await app(scope, receive, sender)
  File "/Users/syedchamansha/.gemini/antigravity/worktrees/Virtual-mind/explore-elesium-architecture-features/venv/lib/python3.12/site-packages/fastapi/middleware/asyncexitstack.py", line 18, in __call__
    await self.app(scope, receive, send)
  File "/Users/syedchamansha/.gemini/antigravity/worktrees/Virtual-mind/explore-elesium-architecture-features/venv/lib/python3.12/site-packages/starlette/routing.py", line 660, in __call__
    await self.middleware_stack(scope, receive, send)
  File "/Users/syedchamansha/.gemini/antigravity/worktrees/Virtual-mind/explore-elesium-architecture-features/venv/lib/python3.12/site-packages/starlette/routing.py", line 680, in app
    await route.handle(scope, receive, send)
  File "/Users/syedchamansha/.gemini/antigravity/worktrees/Virtual-mind/explore-elesium-architecture-features/venv/lib/python3.12/site-packages/fastapi/routing.py", line 1574, in handle
    await self.original_router.handle(scope, receive, send)
  File "/Users/syedchamansha/.gemini/antigravity/worktrees/Virtual-mind/explore-elesium-architecture-features/venv/lib/python3.12/site-packages/fastapi/routing.py", line 2012, in handle
    await included_router._handle_selected(scope, receive, send)
  File "/Users/syedchamansha/.gemini/antigravity/worktrees/Virtual-mind/explore-elesium-architecture-features/venv/lib/python3.12/site-packages/fastapi/routing.py", line 1594, in _handle_selected
    await original_route.handle(scope, receive, send)
  File "/Users/syedchamansha/.gemini/antigravity/worktrees/Virtual-mind/explore-elesium-architecture-features/venv/lib/python3.12/site-packages/fastapi/routing.py", line 1183, in handle
    await app(scope, receive, send)
  File "/Users/syedchamansha/.gemini/antigravity/worktrees/Virtual-mind/explore-elesium-architecture-features/venv/lib/python3.12/site-packages/fastapi/routing.py", line 143, in app
    await wrap_app_handling_exceptions(app, request)(scope, receive, send)
  File "/Users/syedchamansha/.gemini/antigravity/worktrees/Virtual-mind/explore-elesium-architecture-features/venv/lib/python3.12/site-packages/starlette/_exception_handler.py", line 53, in wrapped_app
    raise exc
  File "/Users/syedchamansha/.gemini/antigravity/worktrees/Virtual-mind/explore-elesium-architecture-features/venv/lib/python3.12/site-packages/starlette/_exception_handler.py", line 42, in wrapped_app
    await app(scope, receive, sender)
  File "/Users/syedchamansha/.gemini/antigravity/worktrees/Virtual-mind/explore-elesium-architecture-features/venv/lib/python3.12/site-packages/fastapi/routing.py", line 129, in app
    response = await f(request)
               ^^^^^^^^^^^^^^^^
  File "/Users/syedchamansha/.gemini/antigravity/worktrees/Virtual-mind/explore-elesium-architecture-features/venv/lib/python3.12/site-packages/fastapi/routing.py", line 683, in app
    raw_response = await run_endpoint_function(
                   ^^^^^^^^^^^^^^^^^^^^^^^^^^^^
  File "/Users/syedchamansha/.gemini/antigravity/worktrees/Virtual-mind/explore-elesium-architecture-features/venv/lib/python3.12/site-packages/fastapi/routing.py", line 337, in run_endpoint_function
    return await dependant.call(**values)
           ^^^^^^^^^^^^^^^^^^^^^^^^^^^^^^
  File "/Users/syedchamansha/.gemini/antigravity/worktrees/Virtual-mind/explore-elesium-architecture-features/api/routes/deen.py", line 31, in get_prayer_times
    cached = db.prayer_cache.find_one({"_id": cache_key})
             ^^^^^^^^^^^^^^^^^^^^^^^^^^^^^^^^^^^^^^^^^^^^
  File "/Users/syedchamansha/.gemini/antigravity/worktrees/Virtual-mind/explore-elesium-architecture-features/venv/lib/python3.12/site-packages/pymongo/synchronous/collection.py", line 1754, in find_one
    for result in cursor.limit(-1):
  File "/Users/syedchamansha/.gemini/antigravity/worktrees/Virtual-mind/explore-elesium-architecture-features/venv/lib/python3.12/site-packages/pymongo/synchronous/cursor.py", line 1166, in __next__
    return self.next()
           ^^^^^^^^^^^
  File "/Users/syedchamansha/.gemini/antigravity/worktrees/Virtual-mind/explore-elesium-architecture-features/venv/lib/python3.12/site-packages/pymongo/synchronous/cursor.py", line 1142, in next
    if len(self._data) or self._refresh():
                          ^^^^^^^^^^^^^^^
  File "/Users/syedchamansha/.gemini/antigravity/worktrees/Virtual-mind/explore-elesium-architecture-features/venv/lib/python3.12/site-packages/pymongo/synchronous/cursor.py", line 1090, in _refresh
    self._send_message(q)
  File "/Users/syedchamansha/.gemini/antigravity/worktrees/Virtual-mind/explore-elesium-architecture-features/venv/lib/python3.12/site-packages/pymongo/synchronous/cursor.py", line 985, in _send_message
    response = client._run_operation(
               ^^^^^^^^^^^^^^^^^^^^^^
  File "/Users/syedchamansha/.gemini/antigravity/worktrees/Virtual-mind/explore-elesium-architecture-features/venv/lib/python3.12/site-packages/pymongo/_csot.py", line 125, in csot_wrapper
    return func(self, *args, **kwargs)
           ^^^^^^^^^^^^^^^^^^^^^^^^^^^
  File "/Users/syedchamansha/.gemini/antigravity/worktrees/Virtual-mind/explore-elesium-architecture-features/venv/lib/python3.12/site-packages/pymongo/synchronous/mongo_client.py", line 1956, in _run_operation
    return self._retryable_read(
           ^^^^^^^^^^^^^^^^^^^^^
  File "/Users/syedchamansha/.gemini/antigravity/worktrees/Virtual-mind/explore-elesium-architecture-features/venv/lib/python3.12/site-packages/pymongo/synchronous/mongo_client.py", line 2076, in _retryable_read
    return self._retry_internal(
           ^^^^^^^^^^^^^^^^^^^^^
  File "/Users/syedchamansha/.gemini/antigravity/worktrees/Virtual-mind/explore-elesium-architecture-features/venv/lib/python3.12/site-packages/pymongo/_csot.py", line 125, in csot_wrapper
    return func(self, *args, **kwargs)
           ^^^^^^^^^^^^^^^^^^^^^^^^^^^
  File "/Users/syedchamansha/.gemini/antigravity/worktrees/Virtual-mind/explore-elesium-architecture-features/venv/lib/python3.12/site-packages/pymongo/synchronous/mongo_client.py", line 2038, in _retry_internal
    ).run()
      ^^^^^
  File "/Users/syedchamansha/.gemini/antigravity/worktrees/Virtual-mind/explore-elesium-architecture-features/venv/lib/python3.12/site-packages/pymongo/synchronous/mongo_client.py", line 2811, in run
    res = self._read() if self._is_read else self._write()
          ^^^^^^^^^^^^
  File "/Users/syedchamansha/.gemini/antigravity/worktrees/Virtual-mind/explore-elesium-architecture-features/venv/lib/python3.12/site-packages/pymongo/synchronous/mongo_client.py", line 3027, in _read
    self._server = self._get_server()
                   ^^^^^^^^^^^^^^^^^^
  File "/Users/syedchamansha/.gemini/antigravity/worktrees/Virtual-mind/explore-elesium-architecture-features/venv/lib/python3.12/site-packages/pymongo/synchronous/mongo_client.py", line 2975, in _get_server
    return self._client._select_server(
           ^^^^^^^^^^^^^^^^^^^^^^^^^^^^
  File "/Users/syedchamansha/.gemini/antigravity/worktrees/Virtual-mind/explore-elesium-architecture-features/venv/lib/python3.12/site-packages/pymongo/synchronous/mongo_client.py", line 1851, in _select_server
    server = topology.select_server(
             ^^^^^^^^^^^^^^^^^^^^^^^
  File "/Users/syedchamansha/.gemini/antigravity/worktrees/Virtual-mind/explore-elesium-architecture-features/venv/lib/python3.12/site-packages/pymongo/synchronous/topology.py", line 428, in select_server
    server = self._select_server(
             ^^^^^^^^^^^^^^^^^^^^
  File "/Users/syedchamansha/.gemini/antigravity/worktrees/Virtual-mind/explore-elesium-architecture-features/venv/lib/python3.12/site-packages/pymongo/synchronous/topology.py", line 402, in _select_server
    servers = self.select_servers(
              ^^^^^^^^^^^^^^^^^^^^
  File "/Users/syedchamansha/.gemini/antigravity/worktrees/Virtual-mind/explore-elesium-architecture-features/venv/lib/python3.12/site-packages/pymongo/synchronous/topology.py", line 298, in select_servers
    server_descriptions = self._select_servers_loop(
                          ^^^^^^^^^^^^^^^^^^^^^^^^^^
  File "/Users/syedchamansha/.gemini/antigravity/worktrees/Virtual-mind/explore-elesium-architecture-features/venv/lib/python3.12/site-packages/pymongo/synchronous/topology.py", line 359, in _select_servers_loop
    raise ServerSelectionTimeoutError(
pymongo.errors.ServerSelectionTimeoutError: ac-zxvezvt-shard-00-02.eodnhtr.mongodb.net:27017: timed out (configured timeouts: socketTimeoutMS: 20000.0ms, connectTimeoutMS: 20000.0ms),ac-zxvezvt-shard-00-00.eodnhtr.mongodb.net:27017: timed out (configured timeouts: socketTimeoutMS: 20000.0ms, connectTimeoutMS: 20000.0ms),ac-zxvezvt-shard-00-01.eodnhtr.mongodb.net:27017: timed out (configured timeouts: socketTimeoutMS: 20000.0ms, connectTimeoutMS: 20000.0ms), Timeout: 30s, Topology Description: <TopologyDescription id: 6a3242dfbc355916d230dc94, topology_type: ReplicaSetNoPrimary, servers: [<ServerDescription ('ac-zxvezvt-shard-00-00.eodnhtr.mongodb.net', 27017) server_type: Unknown, rtt: None, error=NetworkTimeout('ac-zxvezvt-shard-00-00.eodnhtr.mongodb.net:27017: timed out (configured timeouts: socketTimeoutMS: 20000.0ms, connectTimeoutMS: 20000.0ms)')>, <ServerDescription ('ac-zxvezvt-shard-00-01.eodnhtr.mongodb.net', 27017) server_type: Unknown, rtt: None, error=NetworkTimeout('ac-zxvezvt-shard-00-01.eodnhtr.mongodb.net:27017: timed out (configured timeouts: socketTimeoutMS: 20000.0ms, connectTimeoutMS: 20000.0ms)')>, <ServerDescription ('ac-zxvezvt-shard-00-02.eodnhtr.mongodb.net', 27017) server_type: Unknown, rtt: None, error=NetworkTimeout('ac-zxvezvt-shard-00-02.eodnhtr.mongodb.net:27017: timed out (configured timeouts: socketTimeoutMS: 20000.0ms, connectTimeoutMS: 20000.0ms)')>]>
[SCHEDULER] Cache miss for 2026-06-17. Fetching from API...
[SCHEDULER] Failed to load prayer timings from API: HTTPConnectionPool(host='localhost', port=8001): Read timed out. (read timeout=10)
[SCHEDULER] Cache miss for 2026-06-17. Fetching from API...
[SCHEDULER] Failed to load prayer timings from API: HTTPConnectionPool(host='localhost', port=8001): Read timed out. (read timeout=10)
[SCHEDULER] Cache miss for 2026-06-17. Fetching from API...
[SCHEDULER] Failed to load prayer timings from API: HTTPConnectionPool(host='localhost', port=8001): Read timed out. (read timeout=10)
[SCHEDULER] Cache miss for 2026-06-17. Fetching from API...
[SCHEDULER] Failed to load prayer timings from API: HTTPConnectionPool(host='localhost', port=8001): Read timed out. (read timeout=10)
INFO:     127.0.0.1:57591 - "GET /api/deen/prayer-times HTTP/1.1" 500 Internal Server Error
ERROR:    Exception in ASGI application
Traceback (most recent call last):
  File "/Users/syedchamansha/.gemini/antigravity/worktrees/Virtual-mind/explore-elesium-architecture-features/venv/lib/python3.12/site-packages/uvicorn/protocols/http/h11_impl.py", line 415, in run_asgi
    result = await app(  # type: ignore[func-returns-value]
             ^^^^^^^^^^^^^^^^^^^^^^^^^^^^^^^^^^^^^^^^^^^^^^
  File "/Users/syedchamansha/.gemini/antigravity/worktrees/Virtual-mind/explore-elesium-architecture-features/venv/lib/python3.12/site-packages/uvicorn/middleware/proxy_headers.py", line 62, in __call__
    return await self.app(scope, receive, send)
           ^^^^^^^^^^^^^^^^^^^^^^^^^^^^^^^^^^^^
  File "/Users/syedchamansha/.gemini/antigravity/worktrees/Virtual-mind/explore-elesium-architecture-features/venv/lib/python3.12/site-packages/fastapi/applications.py", line 1162, in __call__
    await super().__call__(scope, receive, send)
  File "/Users/syedchamansha/.gemini/antigravity/worktrees/Virtual-mind/explore-elesium-architecture-features/venv/lib/python3.12/site-packages/starlette/applications.py", line 90, in __call__
    await self.middleware_stack(scope, receive, send)
  File "/Users/syedchamansha/.gemini/antigravity/worktrees/Virtual-mind/explore-elesium-architecture-features/venv/lib/python3.12/site-packages/starlette/middleware/errors.py", line 186, in __call__
    raise exc
  File "/Users/syedchamansha/.gemini/antigravity/worktrees/Virtual-mind/explore-elesium-architecture-features/venv/lib/python3.12/site-packages/starlette/middleware/errors.py", line 164, in __call__
    await self.app(scope, receive, _send)
  File "/Users/syedchamansha/.gemini/antigravity/worktrees/Virtual-mind/explore-elesium-architecture-features/venv/lib/python3.12/site-packages/starlette/middleware/base.py", line 193, in __call__
    response = await self.dispatch_func(request, call_next)
               ^^^^^^^^^^^^^^^^^^^^^^^^^^^^^^^^^^^^^^^^^^^^
  File "/Users/syedchamansha/.gemini/antigravity/worktrees/Virtual-mind/explore-elesium-architecture-features/api/main.py", line 58, in dynamic_cors_middleware
    response = await call_next(request)
               ^^^^^^^^^^^^^^^^^^^^^^^^
  File "/Users/syedchamansha/.gemini/antigravity/worktrees/Virtual-mind/explore-elesium-architecture-features/venv/lib/python3.12/site-packages/starlette/middleware/base.py", line 168, in call_next
    raise app_exc from app_exc.__cause__ or app_exc.__context__
  File "/Users/syedchamansha/.gemini/antigravity/worktrees/Virtual-mind/explore-elesium-architecture-features/venv/lib/python3.12/site-packages/starlette/middleware/base.py", line 144, in coro
    await self.app(scope, receive_or_disconnect, send_no_error)
  File "/Users/syedchamansha/.gemini/antigravity/worktrees/Virtual-mind/explore-elesium-architecture-features/venv/lib/python3.12/site-packages/starlette/middleware/exceptions.py", line 63, in __call__
    await wrap_app_handling_exceptions(self.app, conn)(scope, receive, send)
  File "/Users/syedchamansha/.gemini/antigravity/worktrees/Virtual-mind/explore-elesium-architecture-features/venv/lib/python3.12/site-packages/starlette/_exception_handler.py", line 53, in wrapped_app
    raise exc
  File "/Users/syedchamansha/.gemini/antigravity/worktrees/Virtual-mind/explore-elesium-architecture-features/venv/lib/python3.12/site-packages/starlette/_exception_handler.py", line 42, in wrapped_app
    await app(scope, receive, sender)
  File "/Users/syedchamansha/.gemini/antigravity/worktrees/Virtual-mind/explore-elesium-architecture-features/venv/lib/python3.12/site-packages/fastapi/middleware/asyncexitstack.py", line 18, in __call__
    await self.app(scope, receive, send)
  File "/Users/syedchamansha/.gemini/antigravity/worktrees/Virtual-mind/explore-elesium-architecture-features/venv/lib/python3.12/site-packages/starlette/routing.py", line 660, in __call__
    await self.middleware_stack(scope, receive, send)
  File "/Users/syedchamansha/.gemini/antigravity/worktrees/Virtual-mind/explore-elesium-architecture-features/venv/lib/python3.12/site-packages/starlette/routing.py", line 680, in app
    await route.handle(scope, receive, send)
  File "/Users/syedchamansha/.gemini/antigravity/worktrees/Virtual-mind/explore-elesium-architecture-features/venv/lib/python3.12/site-packages/fastapi/routing.py", line 1574, in handle
    await self.original_router.handle(scope, receive, send)
  File "/Users/syedchamansha/.gemini/antigravity/worktrees/Virtual-mind/explore-elesium-architecture-features/venv/lib/python3.12/site-packages/fastapi/routing.py", line 2012, in handle
    await included_router._handle_selected(scope, receive, send)
  File "/Users/syedchamansha/.gemini/antigravity/worktrees/Virtual-mind/explore-elesium-architecture-features/venv/lib/python3.12/site-packages/fastapi/routing.py", line 1594, in _handle_selected
    await original_route.handle(scope, receive, send)
  File "/Users/syedchamansha/.gemini/antigravity/worktrees/Virtual-mind/explore-elesium-architecture-features/venv/lib/python3.12/site-packages/fastapi/routing.py", line 1183, in handle
    await app(scope, receive, send)
  File "/Users/syedchamansha/.gemini/antigravity/worktrees/Virtual-mind/explore-elesium-architecture-features/venv/lib/python3.12/site-packages/fastapi/routing.py", line 143, in app
    await wrap_app_handling_exceptions(app, request)(scope, receive, send)
  File "/Users/syedchamansha/.gemini/antigravity/worktrees/Virtual-mind/explore-elesium-architecture-features/venv/lib/python3.12/site-packages/starlette/_exception_handler.py", line 53, in wrapped_app
    raise exc
  File "/Users/syedchamansha/.gemini/antigravity/worktrees/Virtual-mind/explore-elesium-architecture-features/venv/lib/python3.12/site-packages/starlette/_exception_handler.py", line 42, in wrapped_app
    await app(scope, receive, sender)
  File "/Users/syedchamansha/.gemini/antigravity/worktrees/Virtual-mind/explore-elesium-architecture-features/venv/lib/python3.12/site-packages/fastapi/routing.py", line 129, in app
    response = await f(request)
               ^^^^^^^^^^^^^^^^
  File "/Users/syedchamansha/.gemini/antigravity/worktrees/Virtual-mind/explore-elesium-architecture-features/venv/lib/python3.12/site-packages/fastapi/routing.py", line 683, in app
    raw_response = await run_endpoint_function(
                   ^^^^^^^^^^^^^^^^^^^^^^^^^^^^
  File "/Users/syedchamansha/.gemini/antigravity/worktrees/Virtual-mind/explore-elesium-architecture-features/venv/lib/python3.12/site-packages/fastapi/routing.py", line 337, in run_endpoint_function
    return await dependant.call(**values)
           ^^^^^^^^^^^^^^^^^^^^^^^^^^^^^^
  File "/Users/syedchamansha/.gemini/antigravity/worktrees/Virtual-mind/explore-elesium-architecture-features/api/routes/deen.py", line 31, in get_prayer_times
    cached = db.prayer_cache.find_one({"_id": cache_key})
             ^^^^^^^^^^^^^^^^^^^^^^^^^^^^^^^^^^^^^^^^^^^^
  File "/Users/syedchamansha/.gemini/antigravity/worktrees/Virtual-mind/explore-elesium-architecture-features/venv/lib/python3.12/site-packages/pymongo/synchronous/collection.py", line 1754, in find_one
    for result in cursor.limit(-1):
  File "/Users/syedchamansha/.gemini/antigravity/worktrees/Virtual-mind/explore-elesium-architecture-features/venv/lib/python3.12/site-packages/pymongo/synchronous/cursor.py", line 1166, in __next__
    return self.next()
           ^^^^^^^^^^^
  File "/Users/syedchamansha/.gemini/antigravity/worktrees/Virtual-mind/explore-elesium-architecture-features/venv/lib/python3.12/site-packages/pymongo/synchronous/cursor.py", line 1142, in next
    if len(self._data) or self._refresh():
                          ^^^^^^^^^^^^^^^
  File "/Users/syedchamansha/.gemini/antigravity/worktrees/Virtual-mind/explore-elesium-architecture-features/venv/lib/python3.12/site-packages/pymongo/synchronous/cursor.py", line 1090, in _refresh
    self._send_message(q)
  File "/Users/syedchamansha/.gemini/antigravity/worktrees/Virtual-mind/explore-elesium-architecture-features/venv/lib/python3.12/site-packages/pymongo/synchronous/cursor.py", line 985, in _send_message
    response = client._run_operation(
               ^^^^^^^^^^^^^^^^^^^^^^
  File "/Users/syedchamansha/.gemini/antigravity/worktrees/Virtual-mind/explore-elesium-architecture-features/venv/lib/python3.12/site-packages/pymongo/_csot.py", line 125, in csot_wrapper
    return func(self, *args, **kwargs)
           ^^^^^^^^^^^^^^^^^^^^^^^^^^^
  File "/Users/syedchamansha/.gemini/antigravity/worktrees/Virtual-mind/explore-elesium-architecture-features/venv/lib/python3.12/site-packages/pymongo/synchronous/mongo_client.py", line 1956, in _run_operation
    return self._retryable_read(
           ^^^^^^^^^^^^^^^^^^^^^
  File "/Users/syedchamansha/.gemini/antigravity/worktrees/Virtual-mind/explore-elesium-architecture-features/venv/lib/python3.12/site-packages/pymongo/synchronous/mongo_client.py", line 2076, in _retryable_read
    return self._retry_internal(
           ^^^^^^^^^^^^^^^^^^^^^
  File "/Users/syedchamansha/.gemini/antigravity/worktrees/Virtual-mind/explore-elesium-architecture-features/venv/lib/python3.12/site-packages/pymongo/_csot.py", line 125, in csot_wrapper
    return func(self, *args, **kwargs)
           ^^^^^^^^^^^^^^^^^^^^^^^^^^^
  File "/Users/syedchamansha/.gemini/antigravity/worktrees/Virtual-mind/explore-elesium-architecture-features/venv/lib/python3.12/site-packages/pymongo/synchronous/mongo_client.py", line 2038, in _retry_internal
    ).run()
      ^^^^^
  File "/Users/syedchamansha/.gemini/antigravity/worktrees/Virtual-mind/explore-elesium-architecture-features/venv/lib/python3.12/site-packages/pymongo/synchronous/mongo_client.py", line 2811, in run
    res = self._read() if self._is_read else self._write()
          ^^^^^^^^^^^^
  File "/Users/syedchamansha/.gemini/antigravity/worktrees/Virtual-mind/explore-elesium-architecture-features/venv/lib/python3.12/site-packages/pymongo/synchronous/mongo_client.py", line 3027, in _read
    self._server = self._get_server()
                   ^^^^^^^^^^^^^^^^^^
  File "/Users/syedchamansha/.gemini/antigravity/worktrees/Virtual-mind/explore-elesium-architecture-features/venv/lib/python3.12/site-packages/pymongo/synchronous/mongo_client.py", line 2975, in _get_server
    return self._client._select_server(
           ^^^^^^^^^^^^^^^^^^^^^^^^^^^^
  File "/Users/syedchamansha/.gemini/antigravity/worktrees/Virtual-mind/explore-elesium-architecture-features/venv/lib/python3.12/site-packages/pymongo/synchronous/mongo_client.py", line 1851, in _select_server
    server = topology.select_server(
             ^^^^^^^^^^^^^^^^^^^^^^^
  File "/Users/syedchamansha/.gemini/antigravity/worktrees/Virtual-mind/explore-elesium-architecture-features/venv/lib/python3.12/site-packages/pymongo/synchronous/topology.py", line 428, in select_server
    server = self._select_server(
             ^^^^^^^^^^^^^^^^^^^^
  File "/Users/syedchamansha/.gemini/antigravity/worktrees/Virtual-mind/explore-elesium-architecture-features/venv/lib/python3.12/site-packages/pymongo/synchronous/topology.py", line 402, in _select_server
    servers = self.select_servers(
              ^^^^^^^^^^^^^^^^^^^^
  File "/Users/syedchamansha/.gemini/antigravity/worktrees/Virtual-mind/explore-elesium-architecture-features/venv/lib/python3.12/site-packages/pymongo/synchronous/topology.py", line 298, in select_servers
    server_descriptions = self._select_servers_loop(
                          ^^^^^^^^^^^^^^^^^^^^^^^^^^
  File "/Users/syedchamansha/.gemini/antigravity/worktrees/Virtual-mind/explore-elesium-architecture-features/venv/lib/python3.12/site-packages/pymongo/synchronous/topology.py", line 359, in _select_servers_loop
    raise ServerSelectionTimeoutError(
pymongo.errors.ServerSelectionTimeoutError: ac-zxvezvt-shard-00-02.eodnhtr.mongodb.net:27017: timed out (configured timeouts: socketTimeoutMS: 20000.0ms, connectTimeoutMS: 20000.0ms),ac-zxvezvt-shard-00-00.eodnhtr.mongodb.net:27017: timed out (configured timeouts: socketTimeoutMS: 20000.0ms, connectTimeoutMS: 20000.0ms),ac-zxvezvt-shard-00-01.eodnhtr.mongodb.net:27017: timed out (configured timeouts: socketTimeoutMS: 20000.0ms, connectTimeoutMS: 20000.0ms), Timeout: 30s, Topology Description: <TopologyDescription id: 6a3242dfbc355916d230dc94, topology_type: ReplicaSetNoPrimary, servers: [<ServerDescription ('ac-zxvezvt-shard-00-00.eodnhtr.mongodb.net', 27017) server_type: Unknown, rtt: None, error=NetworkTimeout('ac-zxvezvt-shard-00-00.eodnhtr.mongodb.net:27017: timed out (configured timeouts: socketTimeoutMS: 20000.0ms, connectTimeoutMS: 20000.0ms)')>, <ServerDescription ('ac-zxvezvt-shard-00-01.eodnhtr.mongodb.net', 27017) server_type: Unknown, rtt: None, error=NetworkTimeout('ac-zxvezvt-shard-00-01.eodnhtr.mongodb.net:27017: timed out (configured timeouts: socketTimeoutMS: 20000.0ms, connectTimeoutMS: 20000.0ms)')>, <ServerDescription ('ac-zxvezvt-shard-00-02.eodnhtr.mongodb.net', 27017) server_type: Unknown, rtt: None, error=NetworkTimeout('ac-zxvezvt-shard-00-02.eodnhtr.mongodb.net:27017: timed out (configured timeouts: socketTimeoutMS: 20000.0ms, connectTimeoutMS: 20000.0ms)')>]>
ERROR:    Exception in ASGI application
Traceback (most recent call last):
  File "/Users/syedchamansha/.gemini/antigravity/worktrees/Virtual-mind/explore-elesium-architecture-features/venv/lib/python3.12/site-packages/uvicorn/protocols/http/h11_impl.py", line 415, in run_asgi
    result = await app(  # type: ignore[func-returns-value]
             ^^^^^^^^^^^^^^^^^^^^^^^^^^^^^^^^^^^^^^^^^^^^^^
  File "/Users/syedchamansha/.gemini/antigravity/worktrees/Virtual-mind/explore-elesium-architecture-features/venv/lib/python3.12/site-packages/uvicorn/middleware/proxy_headers.py", line 62, in __call__
    return await self.app(scope, receive, send)
           ^^^^^^^^^^^^^^^^^^^^^^^^^^^^^^^^^^^^
  File "/Users/syedchamansha/.gemini/antigravity/worktrees/Virtual-mind/explore-elesium-architecture-features/venv/lib/python3.12/site-packages/fastapi/applications.py", line 1162, in __call__
    await super().__call__(scope, receive, send)
  File "/Users/syedchamansha/.gemini/antigravity/worktrees/Virtual-mind/explore-elesium-architecture-features/venv/lib/python3.12/site-packages/starlette/applications.py", line 90, in __call__
    await self.middleware_stack(scope, receive, send)
  File "/Users/syedchamansha/.gemini/antigravity/worktrees/Virtual-mind/explore-elesium-architecture-features/venv/lib/python3.12/site-packages/starlette/middleware/errors.py", line 186, in __call__
    raise exc
  File "/Users/syedchamansha/.gemini/antigravity/worktrees/Virtual-mind/explore-elesium-architecture-features/venv/lib/python3.12/site-packages/starlette/middleware/errors.py", line 164, in __call__
    await self.app(scope, receive, _send)
  File "/Users/syedchamansha/.gemini/antigravity/worktrees/Virtual-mind/explore-elesium-architecture-features/venv/lib/python3.12/site-packages/starlette/middleware/base.py", line 193, in __call__
    response = await self.dispatch_func(request, call_next)
               ^^^^^^^^^^^^^^^^^^^^^^^^^^^^^^^^^^^^^^^^^^^^
  File "/Users/syedchamansha/.gemini/antigravity/worktrees/Virtual-mind/explore-elesium-architecture-features/api/main.py", line 58, in dynamic_cors_middleware
    response = await call_next(request)
               ^^^^^^^^^^^^^^^^^^^^^^^^
  File "/Users/syedchamansha/.gemini/antigravity/worktrees/Virtual-mind/explore-elesium-architecture-features/venv/lib/python3.12/site-packages/starlette/middleware/base.py", line 168, in call_next
    raise app_exc from app_exc.__cause__ or app_exc.__context__
  File "/Users/syedchamansha/.gemini/antigravity/worktrees/Virtual-mind/explore-elesium-architecture-features/venv/lib/python3.12/site-packages/starlette/middleware/base.py", line 144, in coro
    await self.app(scope, receive_or_disconnect, send_no_error)
  File "/Users/syedchamansha/.gemini/antigravity/worktrees/Virtual-mind/explore-elesium-architecture-features/venv/lib/python3.12/site-packages/starlette/middleware/exceptions.py", line 63, in __call__
    await wrap_app_handling_exceptions(self.app, conn)(scope, receive, send)
  File "/Users/syedchamansha/.gemini/antigravity/worktrees/Virtual-mind/explore-elesium-architecture-features/venv/lib/python3.12/site-packages/starlette/_exception_handler.py", line 53, in wrapped_app
    raise exc
  File "/Users/syedchamansha/.gemini/antigravity/worktrees/Virtual-mind/explore-elesium-architecture-features/venv/lib/python3.12/site-packages/starlette/_exception_handler.py", line 42, in wrapped_app
    await app(scope, receive, sender)
  File "/Users/syedchamansha/.gemini/antigravity/worktrees/Virtual-mind/explore-elesium-architecture-features/venv/lib/python3.12/site-packages/fastapi/middleware/asyncexitstack.py", line 18, in __call__
    await self.app(scope, receive, send)
  File "/Users/syedchamansha/.gemini/antigravity/worktrees/Virtual-mind/explore-elesium-architecture-features/venv/lib/python3.12/site-packages/starlette/routing.py", line 660, in __call__
    await self.middleware_stack(scope, receive, send)
  File "/Users/syedchamansha/.gemini/antigravity/worktrees/Virtual-mind/explore-elesium-architecture-features/venv/lib/python3.12/site-packages/starlette/routing.py", line 680, in app
    await route.handle(scope, receive, send)
  File "/Users/syedchamansha/.gemini/antigravity/worktrees/Virtual-mind/explore-elesium-architecture-features/venv/lib/python3.12/site-packages/fastapi/routing.py", line 1574, in handle
    await self.original_router.handle(scope, receive, send)
  File "/Users/syedchamansha/.gemini/antigravity/worktrees/Virtual-mind/explore-elesium-architecture-features/venv/lib/python3.12/site-packages/fastapi/routing.py", line 2012, in handle
    await included_router._handle_selected(scope, receive, send)
  File "/Users/syedchamansha/.gemini/antigravity/worktrees/Virtual-mind/explore-elesium-architecture-features/venv/lib/python3.12/site-packages/fastapi/routing.py", line 1594, in _handle_selected
    await original_route.handle(scope, receive, send)
  File "/Users/syedchamansha/.gemini/antigravity/worktrees/Virtual-mind/explore-elesium-architecture-features/venv/lib/python3.12/site-packages/fastapi/routing.py", line 1183, in handle
    await app(scope, receive, send)
  File "/Users/syedchamansha/.gemini/antigravity/worktrees/Virtual-mind/explore-elesium-architecture-features/venv/lib/python3.12/site-packages/fastapi/routing.py", line 143, in app
    await wrap_app_handling_exceptions(app, request)(scope, receive, send)
  File "/Users/syedchamansha/.gemini/antigravity/worktrees/Virtual-mind/explore-elesium-architecture-features/venv/lib/python3.12/site-packages/starlette/_exception_handler.py", line 53, in wrapped_app
    raise exc
  File "/Users/syedchamansha/.gemini/antigravity/worktrees/Virtual-mind/explore-elesium-architecture-features/venv/lib/python3.12/site-packages/starlette/_exception_handler.py", line 42, in wrapped_app
    await app(scope, receive, sender)
  File "/Users/syedchamansha/.gemini/antigravity/worktrees/Virtual-mind/explore-elesium-architecture-features/venv/lib/python3.12/site-packages/fastapi/routing.py", line 129, in app
    response = await f(request)
               ^^^^^^^^^^^^^^^^
  File "/Users/syedchamansha/.gemini/antigravity/worktrees/Virtual-mind/explore-elesium-architecture-features/venv/lib/python3.12/site-packages/fastapi/routing.py", line 683, in app
    raw_response = await run_endpoint_function(
                   ^^^^^^^^^^^^^^^^^^^^^^^^^^^^
  File "/Users/syedchamansha/.gemini/antigravity/worktrees/Virtual-mind/explore-elesium-architecture-features/venv/lib/python3.12/site-packages/fastapi/routing.py", line 337, in run_endpoint_function
    return await dependant.call(**values)
           ^^^^^^^^^^^^^^^^^^^^^^^^^^^^^^
  File "/Users/syedchamansha/.gemini/antigravity/worktrees/Virtual-mind/explore-elesium-architecture-features/api/routes/deen.py", line 31, in get_prayer_times
    cached = db.prayer_cache.find_one({"_id": cache_key})
             ^^^^^^^^^^^^^^^^^^^^^^^^^^^^^^^^^^^^^^^^^^^^
  File "/Users/syedchamansha/.gemini/antigravity/worktrees/Virtual-mind/explore-elesium-architecture-features/venv/lib/python3.12/site-packages/pymongo/synchronous/collection.py", line 1754, in find_one
    for result in cursor.limit(-1):
  File "/Users/syedchamansha/.gemini/antigravity/worktrees/Virtual-mind/explore-elesium-architecture-features/venv/lib/python3.12/site-packages/pymongo/synchronous/cursor.py", line 1166, in __next__
    return self.next()
           ^^^^^^^^^^^
  File "/Users/syedchamansha/.gemini/antigravity/worktrees/Virtual-mind/explore-elesium-architecture-features/venv/lib/python3.12/site-packages/pymongo/synchronous/cursor.py", line 1142, in next
    if len(self._data) or self._refresh():
                          ^^^^^^^^^^^^^^^
  File "/Users/syedchamansha/.gemini/antigravity/worktrees/Virtual-mind/explore-elesium-architecture-features/venv/lib/python3.12/site-packages/pymongo/synchronous/cursor.py", line 1090, in _refresh
    self._send_message(q)
  File "/Users/syedchamansha/.gemini/antigravity/worktrees/Virtual-mind/explore-elesium-architecture-features/venv/lib/python3.12/site-packages/pymongo/synchronous/cursor.py", line 985, in _send_message
    response = client._run_operation(
               ^^^^^^^^^^^^^^^^^^^^^^
  File "/Users/syedchamansha/.gemini/antigravity/worktrees/Virtual-mind/explore-elesium-architecture-features/venv/lib/python3.12/site-packages/pymongo/_csot.py", line 125, in csot_wrapper
    return func(self, *args, **kwargs)
           ^^^^^^^^^^^^^^^^^^^^^^^^^^^
  File "/Users/syedchamansha/.gemini/antigravity/worktrees/Virtual-mind/explore-elesium-architecture-features/venv/lib/python3.12/site-packages/pymongo/synchronous/mongo_client.py", line 1956, in _run_operation
    return self._retryable_read(
           ^^^^^^^^^^^^^^^^^^^^^
  File "/Users/syedchamansha/.gemini/antigravity/worktrees/Virtual-mind/explore-elesium-architecture-features/venv/lib/python3.12/site-packages/pymongo/synchronous/mongo_client.py", line 2076, in _retryable_read
    return self._retry_internal(
           ^^^^^^^^^^^^^^^^^^^^^
  File "/Users/syedchamansha/.gemini/antigravity/worktrees/Virtual-mind/explore-elesium-architecture-features/venv/lib/python3.12/site-packages/pymongo/_csot.py", line 125, in csot_wrapper
    return func(self, *args, **kwargs)
           ^^^^^^^^^^^^^^^^^^^^^^^^^^^
  File "/Users/syedchamansha/.gemini/antigravity/worktrees/Virtual-mind/explore-elesium-architecture-features/venv/lib/python3.12/site-packages/pymongo/synchronous/mongo_client.py", line 2038, in _retry_internal
    ).run()
      ^^^^^
  File "/Users/syedchamansha/.gemini/antigravity/worktrees/Virtual-mind/explore-elesium-architecture-features/venv/lib/python3.12/site-packages/pymongo/synchronous/mongo_client.py", line 2811, in run
    res = self._read() if self._is_read else self._write()
          ^^^^^^^^^^^^
  File "/Users/syedchamansha/.gemini/antigravity/worktrees/Virtual-mind/explore-elesium-architecture-features/venv/lib/python3.12/site-packages/pymongo/synchronous/mongo_client.py", line 3027, in _read
    self._server = self._get_server()
                   ^^^^^^^^^^^^^^^^^^
  File "/Users/syedchamansha/.gemini/antigravity/worktrees/Virtual-mind/explore-elesium-architecture-features/venv/lib/python3.12/site-packages/pymongo/synchronous/mongo_client.py", line 2975, in _get_server
    return self._client._select_server(
           ^^^^^^^^^^^^^^^^^^^^^^^^^^^^
  File "/Users/syedchamansha/.gemini/antigravity/worktrees/Virtual-mind/explore-elesium-architecture-features/venv/lib/python3.12/site-packages/pymongo/synchronous/mongo_client.py", line 1851, in _select_server
    server = topology.select_server(
             ^^^^^^^^^^^^^^^^^^^^^^^
  File "/Users/syedchamansha/.gemini/antigravity/worktrees/Virtual-mind/explore-elesium-architecture-features/venv/lib/python3.12/site-packages/pymongo/synchronous/topology.py", line 428, in select_server
    server = self._select_server(
             ^^^^^^^^^^^^^^^^^^^^
  File "/Users/syedchamansha/.gemini/antigravity/worktrees/Virtual-mind/explore-elesium-architecture-features/venv/lib/python3.12/site-packages/pymongo/synchronous/topology.py", line 402, in _select_server
    servers = self.select_servers(
              ^^^^^^^^^^^^^^^^^^^^
  File "/Users/syedchamansha/.gemini/antigravity/worktrees/Virtual-mind/explore-elesium-architecture-features/venv/lib/python3.12/site-packages/pymongo/synchronous/topology.py", line 298, in select_servers
    server_descriptions = self._select_servers_loop(
                          ^^^^^^^^^^^^^^^^^^^^^^^^^^
  File "/Users/syedchamansha/.gemini/antigravity/worktrees/Virtual-mind/explore-elesium-architecture-features/venv/lib/python3.12/site-packages/pymongo/synchronous/topology.py", line 359, in _select_servers_loop
    raise ServerSelectionTimeoutError(
pymongo.errors.ServerSelectionTimeoutError: ac-zxvezvt-shard-00-02.eodnhtr.mongodb.net:27017: timed out (configured timeouts: socketTimeoutMS: 20000.0ms, connectTimeoutMS: 20000.0ms),ac-zxvezvt-shard-00-00.eodnhtr.mongodb.net:27017: timed out (configured timeouts: socketTimeoutMS: 20000.0ms, connectTimeoutMS: 20000.0ms),ac-zxvezvt-shard-00-01.eodnhtr.mongodb.net:27017: timed out (configured timeouts: socketTimeoutMS: 20000.0ms, connectTimeoutMS: 20000.0ms), Timeout: 30s, Topology Description: <TopologyDescription id: 6a3242dfbc355916d230dc94, topology_type: ReplicaSetNoPrimary, servers: [<ServerDescription ('ac-zxvezvt-shard-00-00.eodnhtr.mongodb.net', 27017) server_type: Unknown, rtt: None, error=NetworkTimeout('ac-zxvezvt-shard-00-00.eodnhtr.mongodb.net:27017: timed out (configured timeouts: socketTimeoutMS: 20000.0ms, connectTimeoutMS: 20000.0ms)')>, <ServerDescription ('ac-zxvezvt-shard-00-01.eodnhtr.mongodb.net', 27017) server_type: Unknown, rtt: None, error=NetworkTimeout('ac-zxvezvt-shard-00-01.eodnhtr.mongodb.net:27017: timed out (configured timeouts: socketTimeoutMS: 20000.0ms, connectTimeoutMS: 20000.0ms)')>, <ServerDescription ('ac-zxvezvt-shard-00-02.eodnhtr.mongodb.net', 27017) server_type: Unknown, rtt: None, error=NetworkTimeout('ac-zxvezvt-shard-00-02.eodnhtr.mongodb.net:27017: timed out (configured timeouts: socketTimeoutMS: 20000.0ms, connectTimeoutMS: 20000.0ms)')>]>
ERROR:    Exception in ASGI application
Traceback (most recent call last):
  File "/Users/syedchamansha/.gemini/antigravity/worktrees/Virtual-mind/explore-elesium-architecture-features/venv/lib/python3.12/site-packages/uvicorn/protocols/http/h11_impl.py", line 415, in run_asgi
    result = await app(  # type: ignore[func-returns-value]
             ^^^^^^^^^^^^^^^^^^^^^^^^^^^^^^^^^^^^^^^^^^^^^^
  File "/Users/syedchamansha/.gemini/antigravity/worktrees/Virtual-mind/explore-elesium-architecture-features/venv/lib/python3.12/site-packages/uvicorn/middleware/proxy_headers.py", line 62, in __call__
    return await self.app(scope, receive, send)
           ^^^^^^^^^^^^^^^^^^^^^^^^^^^^^^^^^^^^
  File "/Users/syedchamansha/.gemini/antigravity/worktrees/Virtual-mind/explore-elesium-architecture-features/venv/lib/python3.12/site-packages/fastapi/applications.py", line 1162, in __call__
    await super().__call__(scope, receive, send)
  File "/Users/syedchamansha/.gemini/antigravity/worktrees/Virtual-mind/explore-elesium-architecture-features/venv/lib/python3.12/site-packages/starlette/applications.py", line 90, in __call__
    await self.middleware_stack(scope, receive, send)
  File "/Users/syedchamansha/.gemini/antigravity/worktrees/Virtual-mind/explore-elesium-architecture-features/venv/lib/python3.12/site-packages/starlette/middleware/errors.py", line 186, in __call__
    raise exc
  File "/Users/syedchamansha/.gemini/antigravity/worktrees/Virtual-mind/explore-elesium-architecture-features/venv/lib/python3.12/site-packages/starlette/middleware/errors.py", line 164, in __call__
    await self.app(scope, receive, _send)
  File "/Users/syedchamansha/.gemini/antigravity/worktrees/Virtual-mind/explore-elesium-architecture-features/venv/lib/python3.12/site-packages/starlette/middleware/base.py", line 193, in __call__
    response = await self.dispatch_func(request, call_next)
               ^^^^^^^^^^^^^^^^^^^^^^^^^^^^^^^^^^^^^^^^^^^^
  File "/Users/syedchamansha/.gemini/antigravity/worktrees/Virtual-mind/explore-elesium-architecture-features/api/main.py", line 58, in dynamic_cors_middleware
    response = await call_next(request)
               ^^^^^^^^^^^^^^^^^^^^^^^^
  File "/Users/syedchamansha/.gemini/antigravity/worktrees/Virtual-mind/explore-elesium-architecture-features/venv/lib/python3.12/site-packages/starlette/middleware/base.py", line 168, in call_next
    raise app_exc from app_exc.__cause__ or app_exc.__context__
  File "/Users/syedchamansha/.gemini/antigravity/worktrees/Virtual-mind/explore-elesium-architecture-features/venv/lib/python3.12/site-packages/starlette/middleware/base.py", line 144, in coro
    await self.app(scope, receive_or_disconnect, send_no_error)
  File "/Users/syedchamansha/.gemini/antigravity/worktrees/Virtual-mind/explore-elesium-architecture-features/venv/lib/python3.12/site-packages/starlette/middleware/exceptions.py", line 63, in __call__
    await wrap_app_handling_exceptions(self.app, conn)(scope, receive, send)
  File "/Users/syedchamansha/.gemini/antigravity/worktrees/Virtual-mind/explore-elesium-architecture-features/venv/lib/python3.12/site-packages/starlette/_exception_handler.py", line 53, in wrapped_app
    raise exc
  File "/Users/syedchamansha/.gemini/antigravity/worktrees/Virtual-mind/explore-elesium-architecture-features/venv/lib/python3.12/site-packages/starlette/_exception_handler.py", line 42, in wrapped_app
    await app(scope, receive, sender)
  File "/Users/syedchamansha/.gemini/antigravity/worktrees/Virtual-mind/explore-elesium-architecture-features/venv/lib/python3.12/site-packages/fastapi/middleware/asyncexitstack.py", line 18, in __call__
    await self.app(scope, receive, send)
  File "/Users/syedchamansha/.gemini/antigravity/worktrees/Virtual-mind/explore-elesium-architecture-features/venv/lib/python3.12/site-packages/starlette/routing.py", line 660, in __call__
    await self.middleware_stack(scope, receive, send)
  File "/Users/syedchamansha/.gemini/antigravity/worktrees/Virtual-mind/explore-elesium-architecture-features/venv/lib/python3.12/site-packages/starlette/routing.py", line 680, in app
    await route.handle(scope, receive, send)
  File "/Users/syedchamansha/.gemini/antigravity/worktrees/Virtual-mind/explore-elesium-architecture-features/venv/lib/python3.12/site-packages/fastapi/routing.py", line 1574, in handle
    await self.original_router.handle(scope, receive, send)
  File "/Users/syedchamansha/.gemini/antigravity/worktrees/Virtual-mind/explore-elesium-architecture-features/venv/lib/python3.12/site-packages/fastapi/routing.py", line 2012, in handle
    await included_router._handle_selected(scope, receive, send)
  File "/Users/syedchamansha/.gemini/antigravity/worktrees/Virtual-mind/explore-elesium-architecture-features/venv/lib/python3.12/site-packages/fastapi/routing.py", line 1594, in _handle_selected
    await original_route.handle(scope, receive, send)
  File "/Users/syedchamansha/.gemini/antigravity/worktrees/Virtual-mind/explore-elesium-architecture-features/venv/lib/python3.12/site-packages/fastapi/routing.py", line 1183, in handle
    await app(scope, receive, send)
  File "/Users/syedchamansha/.gemini/antigravity/worktrees/Virtual-mind/explore-elesium-architecture-features/venv/lib/python3.12/site-packages/fastapi/routing.py", line 143, in app
    await wrap_app_handling_exceptions(app, request)(scope, receive, send)
  File "/Users/syedchamansha/.gemini/antigravity/worktrees/Virtual-mind/explore-elesium-architecture-features/venv/lib/python3.12/site-packages/starlette/_exception_handler.py", line 53, in wrapped_app
    raise exc
  File "/Users/syedchamansha/.gemini/antigravity/worktrees/Virtual-mind/explore-elesium-architecture-features/venv/lib/python3.12/site-packages/starlette/_exception_handler.py", line 42, in wrapped_app
    await app(scope, receive, sender)
  File "/Users/syedchamansha/.gemini/antigravity/worktrees/Virtual-mind/explore-elesium-architecture-features/venv/lib/python3.12/site-packages/fastapi/routing.py", line 129, in app
    response = await f(request)
               ^^^^^^^^^^^^^^^^
  File "/Users/syedchamansha/.gemini/antigravity/worktrees/Virtual-mind/explore-elesium-architecture-features/venv/lib/python3.12/site-packages/fastapi/routing.py", line 683, in app
    raw_response = await run_endpoint_function(
                   ^^^^^^^^^^^^^^^^^^^^^^^^^^^^
  File "/Users/syedchamansha/.gemini/antigravity/worktrees/Virtual-mind/explore-elesium-architecture-features/venv/lib/python3.12/site-packages/fastapi/routing.py", line 337, in run_endpoint_function
    return await dependant.call(**values)
           ^^^^^^^^^^^^^^^^^^^^^^^^^^^^^^
  File "/Users/syedchamansha/.gemini/antigravity/worktrees/Virtual-mind/explore-elesium-architecture-features/api/routes/deen.py", line 31, in get_prayer_times
    cached = db.prayer_cache.find_one({"_id": cache_key})
             ^^^^^^^^^^^^^^^^^^^^^^^^^^^^^^^^^^^^^^^^^^^^
  File "/Users/syedchamansha/.gemini/antigravity/worktrees/Virtual-mind/explore-elesium-architecture-features/venv/lib/python3.12/site-packages/pymongo/synchronous/collection.py", line 1754, in find_one
    for result in cursor.limit(-1):
  File "/Users/syedchamansha/.gemini/antigravity/worktrees/Virtual-mind/explore-elesium-architecture-features/venv/lib/python3.12/site-packages/pymongo/synchronous/cursor.py", line 1166, in __next__
    return self.next()
           ^^^^^^^^^^^
  File "/Users/syedchamansha/.gemini/antigravity/worktrees/Virtual-mind/explore-elesium-architecture-features/venv/lib/python3.12/site-packages/pymongo/synchronous/cursor.py", line 1142, in next
    if len(self._data) or self._refresh():
                          ^^^^^^^^^^^^^^^
  File "/Users/syedchamansha/.gemini/antigravity/worktrees/Virtual-mind/explore-elesium-architecture-features/venv/lib/python3.12/site-packages/pymongo/synchronous/cursor.py", line 1090, in _refresh
    self._send_message(q)
  File "/Users/syedchamansha/.gemini/antigravity/worktrees/Virtual-mind/explore-elesium-architecture-features/venv/lib/python3.12/site-packages/pymongo/synchronous/cursor.py", line 985, in _send_message
    response = client._run_operation(
               ^^^^^^^^^^^^^^^^^^^^^^
  File "/Users/syedchamansha/.gemini/antigravity/worktrees/Virtual-mind/explore-elesium-architecture-features/venv/lib/python3.12/site-packages/pymongo/_csot.py", line 125, in csot_wrapper
    return func(self, *args, **kwargs)
           ^^^^^^^^^^^^^^^^^^^^^^^^^^^
  File "/Users/syedchamansha/.gemini/antigravity/worktrees/Virtual-mind/explore-elesium-architecture-features/venv/lib/python3.12/site-packages/pymongo/synchronous/mongo_client.py", line 1956, in _run_operation
    return self._retryable_read(
           ^^^^^^^^^^^^^^^^^^^^^
  File "/Users/syedchamansha/.gemini/antigravity/worktrees/Virtual-mind/explore-elesium-architecture-features/venv/lib/python3.12/site-packages/pymongo/synchronous/mongo_client.py", line 2076, in _retryable_read
    return self._retry_internal(
           ^^^^^^^^^^^^^^^^^^^^^
  File "/Users/syedchamansha/.gemini/antigravity/worktrees/Virtual-mind/explore-elesium-architecture-features/venv/lib/python3.12/site-packages/pymongo/_csot.py", line 125, in csot_wrapper
    return func(self, *args, **kwargs)
           ^^^^^^^^^^^^^^^^^^^^^^^^^^^
  File "/Users/syedchamansha/.gemini/antigravity/worktrees/Virtual-mind/explore-elesium-architecture-features/venv/lib/python3.12/site-packages/pymongo/synchronous/mongo_client.py", line 2038, in _retry_internal
    ).run()
      ^^^^^
  File "/Users/syedchamansha/.gemini/antigravity/worktrees/Virtual-mind/explore-elesium-architecture-features/venv/lib/python3.12/site-packages/pymongo/synchronous/mongo_client.py", line 2811, in run
    res = self._read() if self._is_read else self._write()
          ^^^^^^^^^^^^
  File "/Users/syedchamansha/.gemini/antigravity/worktrees/Virtual-mind/explore-elesium-architecture-features/venv/lib/python3.12/site-packages/pymongo/synchronous/mongo_client.py", line 3027, in _read
    self._server = self._get_server()
                   ^^^^^^^^^^^^^^^^^^
  File "/Users/syedchamansha/.gemini/antigravity/worktrees/Virtual-mind/explore-elesium-architecture-features/venv/lib/python3.12/site-packages/pymongo/synchronous/mongo_client.py", line 2975, in _get_server
    return self._client._select_server(
           ^^^^^^^^^^^^^^^^^^^^^^^^^^^^
  File "/Users/syedchamansha/.gemini/antigravity/worktrees/Virtual-mind/explore-elesium-architecture-features/venv/lib/python3.12/site-packages/pymongo/synchronous/mongo_client.py", line 1851, in _select_server
    server = topology.select_server(
             ^^^^^^^^^^^^^^^^^^^^^^^
  File "/Users/syedchamansha/.gemini/antigravity/worktrees/Virtual-mind/explore-elesium-architecture-features/venv/lib/python3.12/site-packages/pymongo/synchronous/topology.py", line 428, in select_server
    server = self._select_server(
             ^^^^^^^^^^^^^^^^^^^^
  File "/Users/syedchamansha/.gemini/antigravity/worktrees/Virtual-mind/explore-elesium-architecture-features/venv/lib/python3.12/site-packages/pymongo/synchronous/topology.py", line 402, in _select_server
    servers = self.select_servers(
              ^^^^^^^^^^^^^^^^^^^^
  File "/Users/syedchamansha/.gemini/antigravity/worktrees/Virtual-mind/explore-elesium-architecture-features/venv/lib/python3.12/site-packages/pymongo/synchronous/topology.py", line 298, in select_servers
    server_descriptions = self._select_servers_loop(
                          ^^^^^^^^^^^^^^^^^^^^^^^^^^
  File "/Users/syedchamansha/.gemini/antigravity/worktrees/Virtual-mind/explore-elesium-architecture-features/venv/lib/python3.12/site-packages/pymongo/synchronous/topology.py", line 359, in _select_servers_loop
    raise ServerSelectionTimeoutError(
pymongo.errors.ServerSelectionTimeoutError: ac-zxvezvt-shard-00-02.eodnhtr.mongodb.net:27017: timed out (configured timeouts: socketTimeoutMS: 20000.0ms, connectTimeoutMS: 20000.0ms),ac-zxvezvt-shard-00-00.eodnhtr.mongodb.net:27017: timed out (configured timeouts: socketTimeoutMS: 20000.0ms, connectTimeoutMS: 20000.0ms),ac-zxvezvt-shard-00-01.eodnhtr.mongodb.net:27017: timed out (configured timeouts: socketTimeoutMS: 20000.0ms, connectTimeoutMS: 20000.0ms), Timeout: 30s, Topology Description: <TopologyDescription id: 6a3242dfbc355916d230dc94, topology_type: ReplicaSetNoPrimary, servers: [<ServerDescription ('ac-zxvezvt-shard-00-00.eodnhtr.mongodb.net', 27017) server_type: Unknown, rtt: None, error=NetworkTimeout('ac-zxvezvt-shard-00-00.eodnhtr.mongodb.net:27017: timed out (configured timeouts: socketTimeoutMS: 20000.0ms, connectTimeoutMS: 20000.0ms)')>, <ServerDescription ('ac-zxvezvt-shard-00-01.eodnhtr.mongodb.net', 27017) server_type: Unknown, rtt: None, error=NetworkTimeout('ac-zxvezvt-shard-00-01.eodnhtr.mongodb.net:27017: timed out (configured timeouts: socketTimeoutMS: 20000.0ms, connectTimeoutMS: 20000.0ms)')>, <ServerDescription ('ac-zxvezvt-shard-00-02.eodnhtr.mongodb.net', 27017) server_type: Unknown, rtt: None, error=NetworkTimeout('ac-zxvezvt-shard-00-02.eodnhtr.mongodb.net:27017: timed out (configured timeouts: socketTimeoutMS: 20000.0ms, connectTimeoutMS: 20000.0ms)')>]>
ERROR:    Exception in ASGI application
Traceback (most recent call last):
  File "/Users/syedchamansha/.gemini/antigravity/worktrees/Virtual-mind/explore-elesium-architecture-features/venv/lib/python3.12/site-packages/uvicorn/protocols/http/h11_impl.py", line 415, in run_asgi
    result = await app(  # type: ignore[func-returns-value]
             ^^^^^^^^^^^^^^^^^^^^^^^^^^^^^^^^^^^^^^^^^^^^^^
  File "/Users/syedchamansha/.gemini/antigravity/worktrees/Virtual-mind/explore-elesium-architecture-features/venv/lib/python3.12/site-packages/uvicorn/middleware/proxy_headers.py", line 62, in __call__
    return await self.app(scope, receive, send)
           ^^^^^^^^^^^^^^^^^^^^^^^^^^^^^^^^^^^^
  File "/Users/syedchamansha/.gemini/antigravity/worktrees/Virtual-mind/explore-elesium-architecture-features/venv/lib/python3.12/site-packages/fastapi/applications.py", line 1162, in __call__
    await super().__call__(scope, receive, send)
  File "/Users/syedchamansha/.gemini/antigravity/worktrees/Virtual-mind/explore-elesium-architecture-features/venv/lib/python3.12/site-packages/starlette/applications.py", line 90, in __call__
    await self.middleware_stack(scope, receive, send)
  File "/Users/syedchamansha/.gemini/antigravity/worktrees/Virtual-mind/explore-elesium-architecture-features/venv/lib/python3.12/site-packages/starlette/middleware/errors.py", line 186, in __call__
    raise exc
  File "/Users/syedchamansha/.gemini/antigravity/worktrees/Virtual-mind/explore-elesium-architecture-features/venv/lib/python3.12/site-packages/starlette/middleware/errors.py", line 164, in __call__
    await self.app(scope, receive, _send)
  File "/Users/syedchamansha/.gemini/antigravity/worktrees/Virtual-mind/explore-elesium-architecture-features/venv/lib/python3.12/site-packages/starlette/middleware/base.py", line 193, in __call__
    response = await self.dispatch_func(request, call_next)
               ^^^^^^^^^^^^^^^^^^^^^^^^^^^^^^^^^^^^^^^^^^^^
  File "/Users/syedchamansha/.gemini/antigravity/worktrees/Virtual-mind/explore-elesium-architecture-features/api/main.py", line 58, in dynamic_cors_middleware
    response = await call_next(request)
               ^^^^^^^^^^^^^^^^^^^^^^^^
  File "/Users/syedchamansha/.gemini/antigravity/worktrees/Virtual-mind/explore-elesium-architecture-features/venv/lib/python3.12/site-packages/starlette/middleware/base.py", line 168, in call_next
    raise app_exc from app_exc.__cause__ or app_exc.__context__
  File "/Users/syedchamansha/.gemini/antigravity/worktrees/Virtual-mind/explore-elesium-architecture-features/venv/lib/python3.12/site-packages/starlette/middleware/base.py", line 144, in coro
    await self.app(scope, receive_or_disconnect, send_no_error)
  File "/Users/syedchamansha/.gemini/antigravity/worktrees/Virtual-mind/explore-elesium-architecture-features/venv/lib/python3.12/site-packages/starlette/middleware/exceptions.py", line 63, in __call__
    await wrap_app_handling_exceptions(self.app, conn)(scope, receive, send)
  File "/Users/syedchamansha/.gemini/antigravity/worktrees/Virtual-mind/explore-elesium-architecture-features/venv/lib/python3.12/site-packages/starlette/_exception_handler.py", line 53, in wrapped_app
    raise exc
  File "/Users/syedchamansha/.gemini/antigravity/worktrees/Virtual-mind/explore-elesium-architecture-features/venv/lib/python3.12/site-packages/starlette/_exception_handler.py", line 42, in wrapped_app
    await app(scope, receive, sender)
  File "/Users/syedchamansha/.gemini/antigravity/worktrees/Virtual-mind/explore-elesium-architecture-features/venv/lib/python3.12/site-packages/fastapi/middleware/asyncexitstack.py", line 18, in __call__
    await self.app(scope, receive, send)
  File "/Users/syedchamansha/.gemini/antigravity/worktrees/Virtual-mind/explore-elesium-architecture-features/venv/lib/python3.12/site-packages/starlette/routing.py", line 660, in __call__
    await self.middleware_stack(scope, receive, send)
  File "/Users/syedchamansha/.gemini/antigravity/worktrees/Virtual-mind/explore-elesium-architecture-features/venv/lib/python3.12/site-packages/starlette/routing.py", line 680, in app
    await route.handle(scope, receive, send)
  File "/Users/syedchamansha/.gemini/antigravity/worktrees/Virtual-mind/explore-elesium-architecture-features/venv/lib/python3.12/site-packages/fastapi/routing.py", line 1574, in handle
    await self.original_router.handle(scope, receive, send)
  File "/Users/syedchamansha/.gemini/antigravity/worktrees/Virtual-mind/explore-elesium-architecture-features/venv/lib/python3.12/site-packages/fastapi/routing.py", line 2012, in handle
    await included_router._handle_selected(scope, receive, send)
  File "/Users/syedchamansha/.gemini/antigravity/worktrees/Virtual-mind/explore-elesium-architecture-features/venv/lib/python3.12/site-packages/fastapi/routing.py", line 1594, in _handle_selected
    await original_route.handle(scope, receive, send)
  File "/Users/syedchamansha/.gemini/antigravity/worktrees/Virtual-mind/explore-elesium-architecture-features/venv/lib/python3.12/site-packages/fastapi/routing.py", line 1183, in handle
    await app(scope, receive, send)
  File "/Users/syedchamansha/.gemini/antigravity/worktrees/Virtual-mind/explore-elesium-architecture-features/venv/lib/python3.12/site-packages/fastapi/routing.py", line 143, in app
    await wrap_app_handling_exceptions(app, request)(scope, receive, send)
  File "/Users/syedchamansha/.gemini/antigravity/worktrees/Virtual-mind/explore-elesium-architecture-features/venv/lib/python3.12/site-packages/starlette/_exception_handler.py", line 53, in wrapped_app
    raise exc
  File "/Users/syedchamansha/.gemini/antigravity/worktrees/Virtual-mind/explore-elesium-architecture-features/venv/lib/python3.12/site-packages/starlette/_exception_handler.py", line 42, in wrapped_app
    await app(scope, receive, sender)
  File "/Users/syedchamansha/.gemini/antigravity/worktrees/Virtual-mind/explore-elesium-architecture-features/venv/lib/python3.12/site-packages/fastapi/routing.py", line 129, in app
    response = await f(request)
               ^^^^^^^^^^^^^^^^
  File "/Users/syedchamansha/.gemini/antigravity/worktrees/Virtual-mind/explore-elesium-architecture-features/venv/lib/python3.12/site-packages/fastapi/routing.py", line 683, in app
    raw_response = await run_endpoint_function(
                   ^^^^^^^^^^^^^^^^^^^^^^^^^^^^
  File "/Users/syedchamansha/.gemini/antigravity/worktrees/Virtual-mind/explore-elesium-architecture-features/venv/lib/python3.12/site-packages/fastapi/routing.py", line 337, in run_endpoint_function
    return await dependant.call(**values)
           ^^^^^^^^^^^^^^^^^^^^^^^^^^^^^^
  File "/Users/syedchamansha/.gemini/antigravity/worktrees/Virtual-mind/explore-elesium-architecture-features/api/routes/deen.py", line 31, in get_prayer_times
    cached = db.prayer_cache.find_one({"_id": cache_key})
             ^^^^^^^^^^^^^^^^^^^^^^^^^^^^^^^^^^^^^^^^^^^^
  File "/Users/syedchamansha/.gemini/antigravity/worktrees/Virtual-mind/explore-elesium-architecture-features/venv/lib/python3.12/site-packages/pymongo/synchronous/collection.py", line 1754, in find_one
    for result in cursor.limit(-1):
  File "/Users/syedchamansha/.gemini/antigravity/worktrees/Virtual-mind/explore-elesium-architecture-features/venv/lib/python3.12/site-packages/pymongo/synchronous/cursor.py", line 1166, in __next__
    return self.next()
           ^^^^^^^^^^^
  File "/Users/syedchamansha/.gemini/antigravity/worktrees/Virtual-mind/explore-elesium-architecture-features/venv/lib/python3.12/site-packages/pymongo/synchronous/cursor.py", line 1142, in next
    if len(self._data) or self._refresh():
                          ^^^^^^^^^^^^^^^
  File "/Users/syedchamansha/.gemini/antigravity/worktrees/Virtual-mind/explore-elesium-architecture-features/venv/lib/python3.12/site-packages/pymongo/synchronous/cursor.py", line 1090, in _refresh
    self._send_message(q)
  File "/Users/syedchamansha/.gemini/antigravity/worktrees/Virtual-mind/explore-elesium-architecture-features/venv/lib/python3.12/site-packages/pymongo/synchronous/cursor.py", line 985, in _send_message
    response = client._run_operation(
               ^^^^^^^^^^^^^^^^^^^^^^
  File "/Users/syedchamansha/.gemini/antigravity/worktrees/Virtual-mind/explore-elesium-architecture-features/venv/lib/python3.12/site-packages/pymongo/_csot.py", line 125, in csot_wrapper
    return func(self, *args, **kwargs)
           ^^^^^^^^^^^^^^^^^^^^^^^^^^^
  File "/Users/syedchamansha/.gemini/antigravity/worktrees/Virtual-mind/explore-elesium-architecture-features/venv/lib/python3.12/site-packages/pymongo/synchronous/mongo_client.py", line 1956, in _run_operation
    return self._retryable_read(
           ^^^^^^^^^^^^^^^^^^^^^
  File "/Users/syedchamansha/.gemini/antigravity/worktrees/Virtual-mind/explore-elesium-architecture-features/venv/lib/python3.12/site-packages/pymongo/synchronous/mongo_client.py", line 2076, in _retryable_read
    return self._retry_internal(
           ^^^^^^^^^^^^^^^^^^^^^
  File "/Users/syedchamansha/.gemini/antigravity/worktrees/Virtual-mind/explore-elesium-architecture-features/venv/lib/python3.12/site-packages/pymongo/_csot.py", line 125, in csot_wrapper
    return func(self, *args, **kwargs)
           ^^^^^^^^^^^^^^^^^^^^^^^^^^^
  File "/Users/syedchamansha/.gemini/antigravity/worktrees/Virtual-mind/explore-elesium-architecture-features/venv/lib/python3.12/site-packages/pymongo/synchronous/mongo_client.py", line 2038, in _retry_internal
    ).run()
      ^^^^^
  File "/Users/syedchamansha/.gemini/antigravity/worktrees/Virtual-mind/explore-elesium-architecture-features/venv/lib/python3.12/site-packages/pymongo/synchronous/mongo_client.py", line 2811, in run
    res = self._read() if self._is_read else self._write()
          ^^^^^^^^^^^^
  File "/Users/syedchamansha/.gemini/antigravity/worktrees/Virtual-mind/explore-elesium-architecture-features/venv/lib/python3.12/site-packages/pymongo/synchronous/mongo_client.py", line 3027, in _read
    self._server = self._get_server()
                   ^^^^^^^^^^^^^^^^^^
  File "/Users/syedchamansha/.gemini/antigravity/worktrees/Virtual-mind/explore-elesium-architecture-features/venv/lib/python3.12/site-packages/pymongo/synchronous/mongo_client.py", line 2975, in _get_server
    return self._client._select_server(
           ^^^^^^^^^^^^^^^^^^^^^^^^^^^^
  File "/Users/syedchamansha/.gemini/antigravity/worktrees/Virtual-mind/explore-elesium-architecture-features/venv/lib/python3.12/site-packages/pymongo/synchronous/mongo_client.py", line 1851, in _select_server
    server = topology.select_server(
             ^^^^^^^^^^^^^^^^^^^^^^^
  File "/Users/syedchamansha/.gemini/antigravity/worktrees/Virtual-mind/explore-elesium-architecture-features/venv/lib/python3.12/site-packages/pymongo/synchronous/topology.py", line 428, in select_server
    server = self._select_server(
             ^^^^^^^^^^^^^^^^^^^^
  File "/Users/syedchamansha/.gemini/antigravity/worktrees/Virtual-mind/explore-elesium-architecture-features/venv/lib/python3.12/site-packages/pymongo/synchronous/topology.py", line 402, in _select_server
    servers = self.select_servers(
              ^^^^^^^^^^^^^^^^^^^^
  File "/Users/syedchamansha/.gemini/antigravity/worktrees/Virtual-mind/explore-elesium-architecture-features/venv/lib/python3.12/site-packages/pymongo/synchronous/topology.py", line 298, in select_servers
    server_descriptions = self._select_servers_loop(
                          ^^^^^^^^^^^^^^^^^^^^^^^^^^
  File "/Users/syedchamansha/.gemini/antigravity/worktrees/Virtual-mind/explore-elesium-architecture-features/venv/lib/python3.12/site-packages/pymongo/synchronous/topology.py", line 359, in _select_servers_loop
    raise ServerSelectionTimeoutError(
pymongo.errors.ServerSelectionTimeoutError: ac-zxvezvt-shard-00-02.eodnhtr.mongodb.net:27017: timed out (configured timeouts: socketTimeoutMS: 20000.0ms, connectTimeoutMS: 20000.0ms),ac-zxvezvt-shard-00-00.eodnhtr.mongodb.net:27017: timed out (configured timeouts: socketTimeoutMS: 20000.0ms, connectTimeoutMS: 20000.0ms),ac-zxvezvt-shard-00-01.eodnhtr.mongodb.net:27017: timed out (configured timeouts: socketTimeoutMS: 20000.0ms, connectTimeoutMS: 20000.0ms), Timeout: 30s, Topology Description: <TopologyDescription id: 6a3242dfbc355916d230dc94, topology_type: ReplicaSetNoPrimary, servers: [<ServerDescription ('ac-zxvezvt-shard-00-00.eodnhtr.mongodb.net', 27017) server_type: Unknown, rtt: None, error=NetworkTimeout('ac-zxvezvt-shard-00-00.eodnhtr.mongodb.net:27017: timed out (configured timeouts: socketTimeoutMS: 20000.0ms, connectTimeoutMS: 20000.0ms)')>, <ServerDescription ('ac-zxvezvt-shard-00-01.eodnhtr.mongodb.net', 27017) server_type: Unknown, rtt: None, error=NetworkTimeout('ac-zxvezvt-shard-00-01.eodnhtr.mongodb.net:27017: timed out (configured timeouts: socketTimeoutMS: 20000.0ms, connectTimeoutMS: 20000.0ms)')>, <ServerDescription ('ac-zxvezvt-shard-00-02.eodnhtr.mongodb.net', 27017) server_type: Unknown, rtt: None, error=NetworkTimeout('ac-zxvezvt-shard-00-02.eodnhtr.mongodb.net:27017: timed out (configured timeouts: socketTimeoutMS: 20000.0ms, connectTimeoutMS: 20000.0ms)')>]>
ERROR:    Exception in ASGI application
Traceback (most recent call last):
  File "/Users/syedchamansha/.gemini/antigravity/worktrees/Virtual-mind/explore-elesium-architecture-features/venv/lib/python3.12/site-packages/uvicorn/protocols/http/h11_impl.py", line 415, in run_asgi
    result = await app(  # type: ignore[func-returns-value]
             ^^^^^^^^^^^^^^^^^^^^^^^^^^^^^^^^^^^^^^^^^^^^^^
  File "/Users/syedchamansha/.gemini/antigravity/worktrees/Virtual-mind/explore-elesium-architecture-features/venv/lib/python3.12/site-packages/uvicorn/middleware/proxy_headers.py", line 62, in __call__
    return await self.app(scope, receive, send)
           ^^^^^^^^^^^^^^^^^^^^^^^^^^^^^^^^^^^^
  File "/Users/syedchamansha/.gemini/antigravity/worktrees/Virtual-mind/explore-elesium-architecture-features/venv/lib/python3.12/site-packages/fastapi/applications.py", line 1162, in __call__
    await super().__call__(scope, receive, send)
  File "/Users/syedchamansha/.gemini/antigravity/worktrees/Virtual-mind/explore-elesium-architecture-features/venv/lib/python3.12/site-packages/starlette/applications.py", line 90, in __call__
    await self.middleware_stack(scope, receive, send)
  File "/Users/syedchamansha/.gemini/antigravity/worktrees/Virtual-mind/explore-elesium-architecture-features/venv/lib/python3.12/site-packages/starlette/middleware/errors.py", line 186, in __call__
    raise exc
  File "/Users/syedchamansha/.gemini/antigravity/worktrees/Virtual-mind/explore-elesium-architecture-features/venv/lib/python3.12/site-packages/starlette/middleware/errors.py", line 164, in __call__
    await self.app(scope, receive, _send)
  File "/Users/syedchamansha/.gemini/antigravity/worktrees/Virtual-mind/explore-elesium-architecture-features/venv/lib/python3.12/site-packages/starlette/middleware/base.py", line 193, in __call__
    response = await self.dispatch_func(request, call_next)
               ^^^^^^^^^^^^^^^^^^^^^^^^^^^^^^^^^^^^^^^^^^^^
  File "/Users/syedchamansha/.gemini/antigravity/worktrees/Virtual-mind/explore-elesium-architecture-features/api/main.py", line 58, in dynamic_cors_middleware
    response = await call_next(request)
               ^^^^^^^^^^^^^^^^^^^^^^^^
  File "/Users/syedchamansha/.gemini/antigravity/worktrees/Virtual-mind/explore-elesium-architecture-features/venv/lib/python3.12/site-packages/starlette/middleware/base.py", line 168, in call_next
    raise app_exc from app_exc.__cause__ or app_exc.__context__
  File "/Users/syedchamansha/.gemini/antigravity/worktrees/Virtual-mind/explore-elesium-architecture-features/venv/lib/python3.12/site-packages/starlette/middleware/base.py", line 144, in coro
    await self.app(scope, receive_or_disconnect, send_no_error)
  File "/Users/syedchamansha/.gemini/antigravity/worktrees/Virtual-mind/explore-elesium-architecture-features/venv/lib/python3.12/site-packages/starlette/middleware/exceptions.py", line 63, in __call__
    await wrap_app_handling_exceptions(self.app, conn)(scope, receive, send)
  File "/Users/syedchamansha/.gemini/antigravity/worktrees/Virtual-mind/explore-elesium-architecture-features/venv/lib/python3.12/site-packages/starlette/_exception_handler.py", line 53, in wrapped_app
    raise exc
  File "/Users/syedchamansha/.gemini/antigravity/worktrees/Virtual-mind/explore-elesium-architecture-features/venv/lib/python3.12/site-packages/starlette/_exception_handler.py", line 42, in wrapped_app
    await app(scope, receive, sender)
  File "/Users/syedchamansha/.gemini/antigravity/worktrees/Virtual-mind/explore-elesium-architecture-features/venv/lib/python3.12/site-packages/fastapi/middleware/asyncexitstack.py", line 18, in __call__
    await self.app(scope, receive, send)
  File "/Users/syedchamansha/.gemini/antigravity/worktrees/Virtual-mind/explore-elesium-architecture-features/venv/lib/python3.12/site-packages/starlette/routing.py", line 660, in __call__
    await self.middleware_stack(scope, receive, send)
  File "/Users/syedchamansha/.gemini/antigravity/worktrees/Virtual-mind/explore-elesium-architecture-features/venv/lib/python3.12/site-packages/starlette/routing.py", line 680, in app
    await route.handle(scope, receive, send)
  File "/Users/syedchamansha/.gemini/antigravity/worktrees/Virtual-mind/explore-elesium-architecture-features/venv/lib/python3.12/site-packages/fastapi/routing.py", line 1574, in handle
    await self.original_router.handle(scope, receive, send)
  File "/Users/syedchamansha/.gemini/antigravity/worktrees/Virtual-mind/explore-elesium-architecture-features/venv/lib/python3.12/site-packages/fastapi/routing.py", line 2012, in handle
    await included_router._handle_selected(scope, receive, send)
  File "/Users/syedchamansha/.gemini/antigravity/worktrees/Virtual-mind/explore-elesium-architecture-features/venv/lib/python3.12/site-packages/fastapi/routing.py", line 1594, in _handle_selected
    await original_route.handle(scope, receive, send)
  File "/Users/syedchamansha/.gemini/antigravity/worktrees/Virtual-mind/explore-elesium-architecture-features/venv/lib/python3.12/site-packages/fastapi/routing.py", line 1183, in handle
    await app(scope, receive, send)
  File "/Users/syedchamansha/.gemini/antigravity/worktrees/Virtual-mind/explore-elesium-architecture-features/venv/lib/python3.12/site-packages/fastapi/routing.py", line 143, in app
    await wrap_app_handling_exceptions(app, request)(scope, receive, send)
  File "/Users/syedchamansha/.gemini/antigravity/worktrees/Virtual-mind/explore-elesium-architecture-features/venv/lib/python3.12/site-packages/starlette/_exception_handler.py", line 53, in wrapped_app
    raise exc
  File "/Users/syedchamansha/.gemini/antigravity/worktrees/Virtual-mind/explore-elesium-architecture-features/venv/lib/python3.12/site-packages/starlette/_exception_handler.py", line 42, in wrapped_app
    await app(scope, receive, sender)
  File "/Users/syedchamansha/.gemini/antigravity/worktrees/Virtual-mind/explore-elesium-architecture-features/venv/lib/python3.12/site-packages/fastapi/routing.py", line 129, in app
    response = await f(request)
               ^^^^^^^^^^^^^^^^
  File "/Users/syedchamansha/.gemini/antigravity/worktrees/Virtual-mind/explore-elesium-architecture-features/venv/lib/python3.12/site-packages/fastapi/routing.py", line 683, in app
    raw_response = await run_endpoint_function(
                   ^^^^^^^^^^^^^^^^^^^^^^^^^^^^
  File "/Users/syedchamansha/.gemini/antigravity/worktrees/Virtual-mind/explore-elesium-architecture-features/venv/lib/python3.12/site-packages/fastapi/routing.py", line 337, in run_endpoint_function
    return await dependant.call(**values)
           ^^^^^^^^^^^^^^^^^^^^^^^^^^^^^^
  File "/Users/syedchamansha/.gemini/antigravity/worktrees/Virtual-mind/explore-elesium-architecture-features/api/routes/deen.py", line 31, in get_prayer_times
    cached = db.prayer_cache.find_one({"_id": cache_key})
             ^^^^^^^^^^^^^^^^^^^^^^^^^^^^^^^^^^^^^^^^^^^^
  File "/Users/syedchamansha/.gemini/antigravity/worktrees/Virtual-mind/explore-elesium-architecture-features/venv/lib/python3.12/site-packages/pymongo/synchronous/collection.py", line 1754, in find_one
    for result in cursor.limit(-1):
  File "/Users/syedchamansha/.gemini/antigravity/worktrees/Virtual-mind/explore-elesium-architecture-features/venv/lib/python3.12/site-packages/pymongo/synchronous/cursor.py", line 1166, in __next__
    return self.next()
           ^^^^^^^^^^^
  File "/Users/syedchamansha/.gemini/antigravity/worktrees/Virtual-mind/explore-elesium-architecture-features/venv/lib/python3.12/site-packages/pymongo/synchronous/cursor.py", line 1142, in next
    if len(self._data) or self._refresh():
                          ^^^^^^^^^^^^^^^
  File "/Users/syedchamansha/.gemini/antigravity/worktrees/Virtual-mind/explore-elesium-architecture-features/venv/lib/python3.12/site-packages/pymongo/synchronous/cursor.py", line 1090, in _refresh
    self._send_message(q)
  File "/Users/syedchamansha/.gemini/antigravity/worktrees/Virtual-mind/explore-elesium-architecture-features/venv/lib/python3.12/site-packages/pymongo/synchronous/cursor.py", line 985, in _send_message
    response = client._run_operation(
               ^^^^^^^^^^^^^^^^^^^^^^
  File "/Users/syedchamansha/.gemini/antigravity/worktrees/Virtual-mind/explore-elesium-architecture-features/venv/lib/python3.12/site-packages/pymongo/_csot.py", line 125, in csot_wrapper
    return func(self, *args, **kwargs)
           ^^^^^^^^^^^^^^^^^^^^^^^^^^^
  File "/Users/syedchamansha/.gemini/antigravity/worktrees/Virtual-mind/explore-elesium-architecture-features/venv/lib/python3.12/site-packages/pymongo/synchronous/mongo_client.py", line 1956, in _run_operation
    return self._retryable_read(
           ^^^^^^^^^^^^^^^^^^^^^
  File "/Users/syedchamansha/.gemini/antigravity/worktrees/Virtual-mind/explore-elesium-architecture-features/venv/lib/python3.12/site-packages/pymongo/synchronous/mongo_client.py", line 2076, in _retryable_read
    return self._retry_internal(
           ^^^^^^^^^^^^^^^^^^^^^
  File "/Users/syedchamansha/.gemini/antigravity/worktrees/Virtual-mind/explore-elesium-architecture-features/venv/lib/python3.12/site-packages/pymongo/_csot.py", line 125, in csot_wrapper
    return func(self, *args, **kwargs)
           ^^^^^^^^^^^^^^^^^^^^^^^^^^^
  File "/Users/syedchamansha/.gemini/antigravity/worktrees/Virtual-mind/explore-elesium-architecture-features/venv/lib/python3.12/site-packages/pymongo/synchronous/mongo_client.py", line 2038, in _retry_internal
    ).run()
      ^^^^^
  File "/Users/syedchamansha/.gemini/antigravity/worktrees/Virtual-mind/explore-elesium-architecture-features/venv/lib/python3.12/site-packages/pymongo/synchronous/mongo_client.py", line 2811, in run
    res = self._read() if self._is_read else self._write()
          ^^^^^^^^^^^^
  File "/Users/syedchamansha/.gemini/antigravity/worktrees/Virtual-mind/explore-elesium-architecture-features/venv/lib/python3.12/site-packages/pymongo/synchronous/mongo_client.py", line 3027, in _read
    self._server = self._get_server()
                   ^^^^^^^^^^^^^^^^^^
  File "/Users/syedchamansha/.gemini/antigravity/worktrees/Virtual-mind/explore-elesium-architecture-features/venv/lib/python3.12/site-packages/pymongo/synchronous/mongo_client.py", line 2975, in _get_server
    return self._client._select_server(
           ^^^^^^^^^^^^^^^^^^^^^^^^^^^^
  File "/Users/syedchamansha/.gemini/antigravity/worktrees/Virtual-mind/explore-elesium-architecture-features/venv/lib/python3.12/site-packages/pymongo/synchronous/mongo_client.py", line 1851, in _select_server
    server = topology.select_server(
             ^^^^^^^^^^^^^^^^^^^^^^^
  File "/Users/syedchamansha/.gemini/antigravity/worktrees/Virtual-mind/explore-elesium-architecture-features/venv/lib/python3.12/site-packages/pymongo/synchronous/topology.py", line 428, in select_server
    server = self._select_server(
             ^^^^^^^^^^^^^^^^^^^^
  File "/Users/syedchamansha/.gemini/antigravity/worktrees/Virtual-mind/explore-elesium-architecture-features/venv/lib/python3.12/site-packages/pymongo/synchronous/topology.py", line 402, in _select_server
    servers = self.select_servers(
              ^^^^^^^^^^^^^^^^^^^^
  File "/Users/syedchamansha/.gemini/antigravity/worktrees/Virtual-mind/explore-elesium-architecture-features/venv/lib/python3.12/site-packages/pymongo/synchronous/topology.py", line 298, in select_servers
    server_descriptions = self._select_servers_loop(
                          ^^^^^^^^^^^^^^^^^^^^^^^^^^
  File "/Users/syedchamansha/.gemini/antigravity/worktrees/Virtual-mind/explore-elesium-architecture-features/venv/lib/python3.12/site-packages/pymongo/synchronous/topology.py", line 359, in _select_servers_loop
    raise ServerSelectionTimeoutError(
pymongo.errors.ServerSelectionTimeoutError: ac-zxvezvt-shard-00-02.eodnhtr.mongodb.net:27017: timed out (configured timeouts: socketTimeoutMS: 20000.0ms, connectTimeoutMS: 20000.0ms),ac-zxvezvt-shard-00-00.eodnhtr.mongodb.net:27017: timed out (configured timeouts: socketTimeoutMS: 20000.0ms, connectTimeoutMS: 20000.0ms),ac-zxvezvt-shard-00-01.eodnhtr.mongodb.net:27017: timed out (configured timeouts: socketTimeoutMS: 20000.0ms, connectTimeoutMS: 20000.0ms), Timeout: 30s, Topology Description: <TopologyDescription id: 6a3242dfbc355916d230dc94, topology_type: ReplicaSetNoPrimary, servers: [<ServerDescription ('ac-zxvezvt-shard-00-00.eodnhtr.mongodb.net', 27017) server_type: Unknown, rtt: None, error=NetworkTimeout('ac-zxvezvt-shard-00-00.eodnhtr.mongodb.net:27017: timed out (configured timeouts: socketTimeoutMS: 20000.0ms, connectTimeoutMS: 20000.0ms)')>, <ServerDescription ('ac-zxvezvt-shard-00-01.eodnhtr.mongodb.net', 27017) server_type: Unknown, rtt: None, error=NetworkTimeout('ac-zxvezvt-shard-00-01.eodnhtr.mongodb.net:27017: timed out (configured timeouts: socketTimeoutMS: 20000.0ms, connectTimeoutMS: 20000.0ms)')>, <ServerDescription ('ac-zxvezvt-shard-00-02.eodnhtr.mongodb.net', 27017) server_type: Unknown, rtt: None, error=NetworkTimeout('ac-zxvezvt-shard-00-02.eodnhtr.mongodb.net:27017: timed out (configured timeouts: socketTimeoutMS: 20000.0ms, connectTimeoutMS: 20000.0ms)')>]>
ERROR:    Exception in ASGI application
Traceback (most recent call last):
  File "/Users/syedchamansha/.gemini/antigravity/worktrees/Virtual-mind/explore-elesium-architecture-features/venv/lib/python3.12/site-packages/uvicorn/protocols/http/h11_impl.py", line 415, in run_asgi
    result = await app(  # type: ignore[func-returns-value]
             ^^^^^^^^^^^^^^^^^^^^^^^^^^^^^^^^^^^^^^^^^^^^^^
  File "/Users/syedchamansha/.gemini/antigravity/worktrees/Virtual-mind/explore-elesium-architecture-features/venv/lib/python3.12/site-packages/uvicorn/middleware/proxy_headers.py", line 62, in __call__
    return await self.app(scope, receive, send)
           ^^^^^^^^^^^^^^^^^^^^^^^^^^^^^^^^^^^^
  File "/Users/syedchamansha/.gemini/antigravity/worktrees/Virtual-mind/explore-elesium-architecture-features/venv/lib/python3.12/site-packages/fastapi/applications.py", line 1162, in __call__
    await super().__call__(scope, receive, send)
  File "/Users/syedchamansha/.gemini/antigravity/worktrees/Virtual-mind/explore-elesium-architecture-features/venv/lib/python3.12/site-packages/starlette/applications.py", line 90, in __call__
    await self.middleware_stack(scope, receive, send)
  File "/Users/syedchamansha/.gemini/antigravity/worktrees/Virtual-mind/explore-elesium-architecture-features/venv/lib/python3.12/site-packages/starlette/middleware/errors.py", line 186, in __call__
    raise exc
  File "/Users/syedchamansha/.gemini/antigravity/worktrees/Virtual-mind/explore-elesium-architecture-features/venv/lib/python3.12/site-packages/starlette/middleware/errors.py", line 164, in __call__
    await self.app(scope, receive, _send)
  File "/Users/syedchamansha/.gemini/antigravity/worktrees/Virtual-mind/explore-elesium-architecture-features/venv/lib/python3.12/site-packages/starlette/middleware/base.py", line 193, in __call__
    response = await self.dispatch_func(request, call_next)
               ^^^^^^^^^^^^^^^^^^^^^^^^^^^^^^^^^^^^^^^^^^^^
  File "/Users/syedchamansha/.gemini/antigravity/worktrees/Virtual-mind/explore-elesium-architecture-features/api/main.py", line 58, in dynamic_cors_middleware
    response = await call_next(request)
               ^^^^^^^^^^^^^^^^^^^^^^^^
  File "/Users/syedchamansha/.gemini/antigravity/worktrees/Virtual-mind/explore-elesium-architecture-features/venv/lib/python3.12/site-packages/starlette/middleware/base.py", line 168, in call_next
    raise app_exc from app_exc.__cause__ or app_exc.__context__
  File "/Users/syedchamansha/.gemini/antigravity/worktrees/Virtual-mind/explore-elesium-architecture-features/venv/lib/python3.12/site-packages/starlette/middleware/base.py", line 144, in coro
    await self.app(scope, receive_or_disconnect, send_no_error)
  File "/Users/syedchamansha/.gemini/antigravity/worktrees/Virtual-mind/explore-elesium-architecture-features/venv/lib/python3.12/site-packages/starlette/middleware/exceptions.py", line 63, in __call__
    await wrap_app_handling_exceptions(self.app, conn)(scope, receive, send)
  File "/Users/syedchamansha/.gemini/antigravity/worktrees/Virtual-mind/explore-elesium-architecture-features/venv/lib/python3.12/site-packages/starlette/_exception_handler.py", line 53, in wrapped_app
    raise exc
  File "/Users/syedchamansha/.gemini/antigravity/worktrees/Virtual-mind/explore-elesium-architecture-features/venv/lib/python3.12/site-packages/starlette/_exception_handler.py", line 42, in wrapped_app
    await app(scope, receive, sender)
  File "/Users/syedchamansha/.gemini/antigravity/worktrees/Virtual-mind/explore-elesium-architecture-features/venv/lib/python3.12/site-packages/fastapi/middleware/asyncexitstack.py", line 18, in __call__
    await self.app(scope, receive, send)
  File "/Users/syedchamansha/.gemini/antigravity/worktrees/Virtual-mind/explore-elesium-architecture-features/venv/lib/python3.12/site-packages/starlette/routing.py", line 660, in __call__
    await self.middleware_stack(scope, receive, send)
  File "/Users/syedchamansha/.gemini/antigravity/worktrees/Virtual-mind/explore-elesium-architecture-features/venv/lib/python3.12/site-packages/starlette/routing.py", line 680, in app
    await route.handle(scope, receive, send)
  File "/Users/syedchamansha/.gemini/antigravity/worktrees/Virtual-mind/explore-elesium-architecture-features/venv/lib/python3.12/site-packages/fastapi/routing.py", line 1574, in handle
    await self.original_router.handle(scope, receive, send)
  File "/Users/syedchamansha/.gemini/antigravity/worktrees/Virtual-mind/explore-elesium-architecture-features/venv/lib/python3.12/site-packages/fastapi/routing.py", line 2012, in handle
    await included_router._handle_selected(scope, receive, send)
  File "/Users/syedchamansha/.gemini/antigravity/worktrees/Virtual-mind/explore-elesium-architecture-features/venv/lib/python3.12/site-packages/fastapi/routing.py", line 1594, in _handle_selected
    await original_route.handle(scope, receive, send)
  File "/Users/syedchamansha/.gemini/antigravity/worktrees/Virtual-mind/explore-elesium-architecture-features/venv/lib/python3.12/site-packages/fastapi/routing.py", line 1183, in handle
    await app(scope, receive, send)
  File "/Users/syedchamansha/.gemini/antigravity/worktrees/Virtual-mind/explore-elesium-architecture-features/venv/lib/python3.12/site-packages/fastapi/routing.py", line 143, in app
    await wrap_app_handling_exceptions(app, request)(scope, receive, send)
  File "/Users/syedchamansha/.gemini/antigravity/worktrees/Virtual-mind/explore-elesium-architecture-features/venv/lib/python3.12/site-packages/starlette/_exception_handler.py", line 53, in wrapped_app
    raise exc
  File "/Users/syedchamansha/.gemini/antigravity/worktrees/Virtual-mind/explore-elesium-architecture-features/venv/lib/python3.12/site-packages/starlette/_exception_handler.py", line 42, in wrapped_app
    await app(scope, receive, sender)
  File "/Users/syedchamansha/.gemini/antigravity/worktrees/Virtual-mind/explore-elesium-architecture-features/venv/lib/python3.12/site-packages/fastapi/routing.py", line 129, in app
    response = await f(request)
               ^^^^^^^^^^^^^^^^
  File "/Users/syedchamansha/.gemini/antigravity/worktrees/Virtual-mind/explore-elesium-architecture-features/venv/lib/python3.12/site-packages/fastapi/routing.py", line 683, in app
    raw_response = await run_endpoint_function(
                   ^^^^^^^^^^^^^^^^^^^^^^^^^^^^
  File "/Users/syedchamansha/.gemini/antigravity/worktrees/Virtual-mind/explore-elesium-architecture-features/venv/lib/python3.12/site-packages/fastapi/routing.py", line 337, in run_endpoint_function
    return await dependant.call(**values)
           ^^^^^^^^^^^^^^^^^^^^^^^^^^^^^^
  File "/Users/syedchamansha/.gemini/antigravity/worktrees/Virtual-mind/explore-elesium-architecture-features/api/routes/deen.py", line 31, in get_prayer_times
    cached = db.prayer_cache.find_one({"_id": cache_key})
             ^^^^^^^^^^^^^^^^^^^^^^^^^^^^^^^^^^^^^^^^^^^^
  File "/Users/syedchamansha/.gemini/antigravity/worktrees/Virtual-mind/explore-elesium-architecture-features/venv/lib/python3.12/site-packages/pymongo/synchronous/collection.py", line 1754, in find_one
    for result in cursor.limit(-1):
  File "/Users/syedchamansha/.gemini/antigravity/worktrees/Virtual-mind/explore-elesium-architecture-features/venv/lib/python3.12/site-packages/pymongo/synchronous/cursor.py", line 1166, in __next__
    return self.next()
           ^^^^^^^^^^^
  File "/Users/syedchamansha/.gemini/antigravity/worktrees/Virtual-mind/explore-elesium-architecture-features/venv/lib/python3.12/site-packages/pymongo/synchronous/cursor.py", line 1142, in next
    if len(self._data) or self._refresh():
                          ^^^^^^^^^^^^^^^
  File "/Users/syedchamansha/.gemini/antigravity/worktrees/Virtual-mind/explore-elesium-architecture-features/venv/lib/python3.12/site-packages/pymongo/synchronous/cursor.py", line 1090, in _refresh
    self._send_message(q)
  File "/Users/syedchamansha/.gemini/antigravity/worktrees/Virtual-mind/explore-elesium-architecture-features/venv/lib/python3.12/site-packages/pymongo/synchronous/cursor.py", line 985, in _send_message
    response = client._run_operation(
               ^^^^^^^^^^^^^^^^^^^^^^
  File "/Users/syedchamansha/.gemini/antigravity/worktrees/Virtual-mind/explore-elesium-architecture-features/venv/lib/python3.12/site-packages/pymongo/_csot.py", line 125, in csot_wrapper
    return func(self, *args, **kwargs)
           ^^^^^^^^^^^^^^^^^^^^^^^^^^^
  File "/Users/syedchamansha/.gemini/antigravity/worktrees/Virtual-mind/explore-elesium-architecture-features/venv/lib/python3.12/site-packages/pymongo/synchronous/mongo_client.py", line 1956, in _run_operation
    return self._retryable_read(
           ^^^^^^^^^^^^^^^^^^^^^
  File "/Users/syedchamansha/.gemini/antigravity/worktrees/Virtual-mind/explore-elesium-architecture-features/venv/lib/python3.12/site-packages/pymongo/synchronous/mongo_client.py", line 2076, in _retryable_read
    return self._retry_internal(
           ^^^^^^^^^^^^^^^^^^^^^
  File "/Users/syedchamansha/.gemini/antigravity/worktrees/Virtual-mind/explore-elesium-architecture-features/venv/lib/python3.12/site-packages/pymongo/_csot.py", line 125, in csot_wrapper
    return func(self, *args, **kwargs)
           ^^^^^^^^^^^^^^^^^^^^^^^^^^^
  File "/Users/syedchamansha/.gemini/antigravity/worktrees/Virtual-mind/explore-elesium-architecture-features/venv/lib/python3.12/site-packages/pymongo/synchronous/mongo_client.py", line 2038, in _retry_internal
    ).run()
      ^^^^^
  File "/Users/syedchamansha/.gemini/antigravity/worktrees/Virtual-mind/explore-elesium-architecture-features/venv/lib/python3.12/site-packages/pymongo/synchronous/mongo_client.py", line 2811, in run
    res = self._read() if self._is_read else self._write()
          ^^^^^^^^^^^^
  File "/Users/syedchamansha/.gemini/antigravity/worktrees/Virtual-mind/explore-elesium-architecture-features/venv/lib/python3.12/site-packages/pymongo/synchronous/mongo_client.py", line 3027, in _read
    self._server = self._get_server()
                   ^^^^^^^^^^^^^^^^^^
  File "/Users/syedchamansha/.gemini/antigravity/worktrees/Virtual-mind/explore-elesium-architecture-features/venv/lib/python3.12/site-packages/pymongo/synchronous/mongo_client.py", line 2975, in _get_server
    return self._client._select_server(
           ^^^^^^^^^^^^^^^^^^^^^^^^^^^^
  File "/Users/syedchamansha/.gemini/antigravity/worktrees/Virtual-mind/explore-elesium-architecture-features/venv/lib/python3.12/site-packages/pymongo/synchronous/mongo_client.py", line 1851, in _select_server
    server = topology.select_server(
             ^^^^^^^^^^^^^^^^^^^^^^^
  File "/Users/syedchamansha/.gemini/antigravity/worktrees/Virtual-mind/explore-elesium-architecture-features/venv/lib/python3.12/site-packages/pymongo/synchronous/topology.py", line 428, in select_server
    server = self._select_server(
             ^^^^^^^^^^^^^^^^^^^^
  File "/Users/syedchamansha/.gemini/antigravity/worktrees/Virtual-mind/explore-elesium-architecture-features/venv/lib/python3.12/site-packages/pymongo/synchronous/topology.py", line 402, in _select_server
    servers = self.select_servers(
              ^^^^^^^^^^^^^^^^^^^^
  File "/Users/syedchamansha/.gemini/antigravity/worktrees/Virtual-mind/explore-elesium-architecture-features/venv/lib/python3.12/site-packages/pymongo/synchronous/topology.py", line 298, in select_servers
    server_descriptions = self._select_servers_loop(
                          ^^^^^^^^^^^^^^^^^^^^^^^^^^
  File "/Users/syedchamansha/.gemini/antigravity/worktrees/Virtual-mind/explore-elesium-architecture-features/venv/lib/python3.12/site-packages/pymongo/synchronous/topology.py", line 359, in _select_servers_loop
    raise ServerSelectionTimeoutError(
pymongo.errors.ServerSelectionTimeoutError: ac-zxvezvt-shard-00-02.eodnhtr.mongodb.net:27017: [Errno 8] nodename nor servname provided, or not known (configured timeouts: socketTimeoutMS: 20000.0ms, connectTimeoutMS: 20000.0ms),ac-zxvezvt-shard-00-00.eodnhtr.mongodb.net:27017: [Errno 8] nodename nor servname provided, or not known (configured timeouts: socketTimeoutMS: 20000.0ms, connectTimeoutMS: 20000.0ms),ac-zxvezvt-shard-00-01.eodnhtr.mongodb.net:27017: [Errno 8] nodename nor servname provided, or not known (configured timeouts: socketTimeoutMS: 20000.0ms, connectTimeoutMS: 20000.0ms), Timeout: 30s, Topology Description: <TopologyDescription id: 6a3242dfbc355916d230dc94, topology_type: ReplicaSetNoPrimary, servers: [<ServerDescription ('ac-zxvezvt-shard-00-00.eodnhtr.mongodb.net', 27017) server_type: Unknown, rtt: None, error=AutoReconnect('ac-zxvezvt-shard-00-00.eodnhtr.mongodb.net:27017: [Errno 8] nodename nor servname provided, or not known (configured timeouts: socketTimeoutMS: 20000.0ms, connectTimeoutMS: 20000.0ms)')>, <ServerDescription ('ac-zxvezvt-shard-00-01.eodnhtr.mongodb.net', 27017) server_type: Unknown, rtt: None, error=AutoReconnect('ac-zxvezvt-shard-00-01.eodnhtr.mongodb.net:27017: [Errno 8] nodename nor servname provided, or not known (configured timeouts: socketTimeoutMS: 20000.0ms, connectTimeoutMS: 20000.0ms)')>, <ServerDescription ('ac-zxvezvt-shard-00-02.eodnhtr.mongodb.net', 27017) server_type: Unknown, rtt: None, error=AutoReconnect('ac-zxvezvt-shard-00-02.eodnhtr.mongodb.net:27017: [Errno 8] nodename nor servname provided, or not known (configured timeouts: socketTimeoutMS: 20000.0ms, connectTimeoutMS: 20000.0ms)')>]>
[SCHEDULER] Cache miss for 2026-06-17. Fetching from API...
[SCHEDULER] Failed to load prayer timings from API: HTTPConnectionPool(host='localhost', port=8001): Read timed out. (read timeout=10)
[SCHEDULER] Cache miss for 2026-06-17. Fetching from API...
[SCHEDULER] Failed to load prayer timings from API: HTTPConnectionPool(host='localhost', port=8001): Read timed out. (read timeout=10)
[DEEN API] Serving cached prayer times for 2026-06-17
INFO:     127.0.0.1:57695 - "GET /api/deen/prayer-times HTTP/1.1" 200 OK
[DEEN API] Serving cached prayer times for 2026-06-17
INFO:     127.0.0.1:57723 - "GET /api/deen/prayer-times HTTP/1.1" 200 OK
[SCHEDULER] Cache miss for 2026-06-17. Fetching from API...
[DEEN API] Serving cached prayer times for 2026-06-17
INFO:     127.0.0.1:57735 - "GET /api/deen/prayer-times HTTP/1.1" 200 OK
[DEEN API] Serving cached prayer times for 2026-06-17
INFO:     127.0.0.1:57743 - "GET /api/deen/prayer-times HTTP/1.1" 200 OK
[SCHEDULER] Cache miss for 2026-06-17. Fetching from API...
[DEEN API] Serving cached prayer times for 2026-06-17
INFO:     127.0.0.1:57748 - "GET /api/deen/prayer-times HTTP/1.1" 200 OK
[DEEN API] Serving cached prayer times for 2026-06-17
INFO:     127.0.0.1:57750 - "GET /api/deen/prayer-times HTTP/1.1" 200 OK
[SCHEDULER] Cache miss for 2026-06-17. Fetching from API...
[DEEN API] Serving cached prayer times for 2026-06-17
INFO:     127.0.0.1:57752 - "GET /api/deen/prayer-times HTTP/1.1" 200 OK
[DEEN API] Serving cached prayer times for 2026-06-17
INFO:     127.0.0.1:57756 - "GET /api/deen/prayer-times HTTP/1.1" 200 OK
[SCHEDULER] Cache miss for 2026-06-17. Fetching from API...
[DEEN API] Serving cached prayer times for 2026-06-17
INFO:     127.0.0.1:57759 - "GET /api/deen/prayer-times HTTP/1.1" 200 OK
[DEEN API] Serving cached prayer times for 2026-06-17
INFO:     127.0.0.1:57761 - "GET /api/deen/prayer-times HTTP/1.1" 200 OK
[SCHEDULER] Cache miss for 2026-06-17. Fetching from API...
[DEEN API] Serving cached prayer times for 2026-06-17
INFO:     127.0.0.1:57763 - "GET /api/deen/prayer-times HTTP/1.1" 200 OK
[DEEN API] Serving cached prayer times for 2026-06-17
INFO:     127.0.0.1:57765 - "GET /api/deen/prayer-times HTTP/1.1" 200 OK
[SCHEDULER] Cache miss for 2026-06-17. Fetching from API...
[DEEN API] Serving cached prayer times for 2026-06-17
INFO:     127.0.0.1:57767 - "GET /api/deen/prayer-times HTTP/1.1" 200 OK
[DEEN API] Serving cached prayer times for 2026-06-17
INFO:     127.0.0.1:57772 - "GET /api/deen/prayer-times HTTP/1.1" 200 OK
[SCHEDULER] Cache miss for 2026-06-17. Fetching from API...
[DEEN API] Serving cached prayer times for 2026-06-17
INFO:     127.0.0.1:57774 - "GET /api/deen/prayer-times HTTP/1.1" 200 OK
[DEEN API] Serving cached prayer times for 2026-06-17
INFO:     127.0.0.1:57779 - "GET /api/deen/prayer-times HTTP/1.1" 200 OK
[SCHEDULER] Cache miss for 2026-06-17. Fetching from API...
[DEEN API] Serving cached prayer times for 2026-06-17
INFO:     127.0.0.1:57781 - "GET /api/deen/prayer-times HTTP/1.1" 200 OK
[DEEN API] Serving cached prayer times for 2026-06-17
INFO:     127.0.0.1:57785 - "GET /api/deen/prayer-times HTTP/1.1" 200 OK
[SCHEDULER] Cache miss for 2026-06-17. Fetching from API...
[DEEN API] Serving cached prayer times for 2026-06-17
INFO:     127.0.0.1:57788 - "GET /api/deen/prayer-times HTTP/1.1" 200 OK
[DEEN API] Serving cached prayer times for 2026-06-17
INFO:     127.0.0.1:57790 - "GET /api/deen/prayer-times HTTP/1.1" 200 OK
[SCHEDULER] Cache miss for 2026-06-17. Fetching from API...
[DEEN API] Serving cached prayer times for 2026-06-17
INFO:     127.0.0.1:57792 - "GET /api/deen/prayer-times HTTP/1.1" 200 OK
[DEEN API] Serving cached prayer times for 2026-06-17
INFO:     127.0.0.1:57802 - "GET /api/deen/prayer-times HTTP/1.1" 200 OK
[SCHEDULER] Cache miss for 2026-06-17. Fetching from API...
[DEEN API] Serving cached prayer times for 2026-06-17
INFO:     127.0.0.1:57805 - "GET /api/deen/prayer-times HTTP/1.1" 200 OK
[DEEN API] Serving cached prayer times for 2026-06-17
INFO:     127.0.0.1:57807 - "GET /api/deen/prayer-times HTTP/1.1" 200 OK
[SCHEDULER] Cache miss for 2026-06-17. Fetching from API...
[DEEN API] Serving cached prayer times for 2026-06-17
INFO:     127.0.0.1:57811 - "GET /api/deen/prayer-times HTTP/1.1" 200 OK
[DEEN API] Serving cached prayer times for 2026-06-17
INFO:     127.0.0.1:57813 - "GET /api/deen/prayer-times HTTP/1.1" 200 OK
[SCHEDULER] Cache miss for 2026-06-17. Fetching from API...
[DEEN API] Serving cached prayer times for 2026-06-17
INFO:     127.0.0.1:57815 - "GET /api/deen/prayer-times HTTP/1.1" 200 OK
[DEEN API] Serving cached prayer times for 2026-06-17
INFO:     127.0.0.1:57821 - "GET /api/deen/prayer-times HTTP/1.1" 200 OK
[SCHEDULER] Cache miss for 2026-06-17. Fetching from API...
[DEEN API] Serving cached prayer times for 2026-06-17
INFO:     127.0.0.1:57823 - "GET /api/deen/prayer-times HTTP/1.1" 200 OK
[DEEN API] Serving cached prayer times for 2026-06-17
INFO:     127.0.0.1:57826 - "GET /api/deen/prayer-times HTTP/1.1" 200 OK
[SCHEDULER] Cache miss for 2026-06-17. Fetching from API...
[DEEN API] Serving cached prayer times for 2026-06-17
INFO:     127.0.0.1:57828 - "GET /api/deen/prayer-times HTTP/1.1" 200 OK
[DEEN API] Serving cached prayer times for 2026-06-17
INFO:     127.0.0.1:57831 - "GET /api/deen/prayer-times HTTP/1.1" 200 OK
[SCHEDULER] Cache miss for 2026-06-17. Fetching from API...
[DEEN API] Serving cached prayer times for 2026-06-17
INFO:     127.0.0.1:57833 - "GET /api/deen/prayer-times HTTP/1.1" 200 OK
[DEEN API] Serving cached prayer times for 2026-06-17
INFO:     127.0.0.1:57835 - "GET /api/deen/prayer-times HTTP/1.1" 200 OK
[SCHEDULER] Cache miss for 2026-06-17. Fetching from API...
[DEEN API] Serving cached prayer times for 2026-06-17
INFO:     127.0.0.1:57838 - "GET /api/deen/prayer-times HTTP/1.1" 200 OK
[DEEN API] Serving cached prayer times for 2026-06-17
INFO:     127.0.0.1:57845 - "GET /api/deen/prayer-times HTTP/1.1" 200 OK
[SCHEDULER] Cache miss for 2026-06-17. Fetching from API...
[DEEN API] Serving cached prayer times for 2026-06-17
INFO:     127.0.0.1:57847 - "GET /api/deen/prayer-times HTTP/1.1" 200 OK
[DEEN API] Serving cached prayer times for 2026-06-17
INFO:     127.0.0.1:57849 - "GET /api/deen/prayer-times HTTP/1.1" 200 OK
[SCHEDULER] Cache miss for 2026-06-17. Fetching from API...
[DEEN API] Serving cached prayer times for 2026-06-17
INFO:     127.0.0.1:57852 - "GET /api/deen/prayer-times HTTP/1.1" 200 OK
[DEEN API] Serving cached prayer times for 2026-06-17
INFO:     127.0.0.1:57854 - "GET /api/deen/prayer-times HTTP/1.1" 200 OK
[SCHEDULER] Cache miss for 2026-06-17. Fetching from API...
[DEEN API] Serving cached prayer times for 2026-06-17
INFO:     127.0.0.1:57856 - "GET /api/deen/prayer-times HTTP/1.1" 200 OK
[DEEN API] Serving cached prayer times for 2026-06-17
INFO:     127.0.0.1:57859 - "GET /api/deen/prayer-times HTTP/1.1" 200 OK
[SCHEDULER] Cache miss for 2026-06-17. Fetching from API...
[DEEN API] Serving cached prayer times for 2026-06-17
INFO:     127.0.0.1:57861 - "GET /api/deen/prayer-times HTTP/1.1" 200 OK
[DEEN API] Serving cached prayer times for 2026-06-17
INFO:     127.0.0.1:57864 - "GET /api/deen/prayer-times HTTP/1.1" 200 OK
[SCHEDULER] Cache miss for 2026-06-17. Fetching from API...
[DEEN API] Serving cached prayer times for 2026-06-17
INFO:     127.0.0.1:57866 - "GET /api/deen/prayer-times HTTP/1.1" 200 OK
[DEEN API] Serving cached prayer times for 2026-06-17
INFO:     127.0.0.1:57875 - "GET /api/deen/prayer-times HTTP/1.1" 200 OK
[SCHEDULER] Cache miss for 2026-06-17. Fetching from API...
[DEEN API] Serving cached prayer times for 2026-06-17
INFO:     127.0.0.1:57877 - "GET /api/deen/prayer-times HTTP/1.1" 200 OK
[DEEN API] Serving cached prayer times for 2026-06-17
INFO:     127.0.0.1:57879 - "GET /api/deen/prayer-times HTTP/1.1" 200 OK
[SCHEDULER] Cache miss for 2026-06-17. Fetching from API...
[DEEN API] Serving cached prayer times for 2026-06-17
INFO:     127.0.0.1:57881 - "GET /api/deen/prayer-times HTTP/1.1" 200 OK
[DEEN API] Serving cached prayer times for 2026-06-17
INFO:     127.0.0.1:57883 - "GET /api/deen/prayer-times HTTP/1.1" 200 OK
[SCHEDULER] Cache miss for 2026-06-17. Fetching from API...
[DEEN API] Serving cached prayer times for 2026-06-17
INFO:     127.0.0.1:57888 - "GET /api/deen/prayer-times HTTP/1.1" 200 OK
[DEEN API] Serving cached prayer times for 2026-06-17
INFO:     127.0.0.1:57891 - "GET /api/deen/prayer-times HTTP/1.1" 200 OK
[SCHEDULER] Cache miss for 2026-06-17. Fetching from API...
[DEEN API] Serving cached prayer times for 2026-06-17
INFO:     127.0.0.1:57893 - "GET /api/deen/prayer-times HTTP/1.1" 200 OK
[DEEN API] Serving cached prayer times for 2026-06-17
INFO:     127.0.0.1:57895 - "GET /api/deen/prayer-times HTTP/1.1" 200 OK
[SCHEDULER] Cache miss for 2026-06-17. Fetching from API...
[DEEN API] Serving cached prayer times for 2026-06-17
INFO:     127.0.0.1:57897 - "GET /api/deen/prayer-times HTTP/1.1" 200 OK
[DEEN API] Serving cached prayer times for 2026-06-17
INFO:     127.0.0.1:57899 - "GET /api/deen/prayer-times HTTP/1.1" 200 OK
[SCHEDULER] Cache miss for 2026-06-17. Fetching from API...
[SCHEDULER] Failed to load prayer timings from API: HTTPConnectionPool(host='localhost', port=8001): Read timed out. (read timeout=10)
[DEEN API] Serving cached prayer times for 2026-06-17
INFO:     127.0.0.1:57905 - "GET /api/deen/prayer-times HTTP/1.1" 200 OK
[DEEN API] Serving cached prayer times for 2026-06-17
INFO:     127.0.0.1:57919 - "GET /api/deen/prayer-times HTTP/1.1" 200 OK
INFO:     127.0.0.1:57927 - "GET /api/wellness/fast/today HTTP/1.1" 200 OK
[SCHEDULER] Cache miss for 2026-06-17. Fetching from API...
[DEEN API] Serving cached prayer times for 2026-06-17
INFO:     127.0.0.1:57929 - "GET /api/deen/prayer-times HTTP/1.1" 200 OK
[DEEN API] Serving cached prayer times for 2026-06-17
INFO:     127.0.0.1:57931 - "GET /api/deen/prayer-times HTTP/1.1" 200 OK
[SCHEDULER] Cache miss for 2026-06-17. Fetching from API...
[DEEN API] Serving cached prayer times for 2026-06-17
INFO:     127.0.0.1:57934 - "GET /api/deen/prayer-times HTTP/1.1" 200 OK
[DEEN API] Serving cached prayer times for 2026-06-17
INFO:     127.0.0.1:57937 - "GET /api/deen/prayer-times HTTP/1.1" 200 OK
[SCHEDULER] Cache miss for 2026-06-17. Fetching from API...
[DEEN API] Serving cached prayer times for 2026-06-17
INFO:     127.0.0.1:57939 - "GET /api/deen/prayer-times HTTP/1.1" 200 OK
[DEEN API] Serving cached prayer times for 2026-06-17
INFO:     127.0.0.1:57946 - "GET /api/deen/prayer-times HTTP/1.1" 200 OK
[SCHEDULER] Cache miss for 2026-06-17. Fetching from API...
[DEEN API] Serving cached prayer times for 2026-06-17
INFO:     127.0.0.1:57948 - "GET /api/deen/prayer-times HTTP/1.1" 200 OK
[DEEN API] Serving cached prayer times for 2026-06-17
INFO:     127.0.0.1:57950 - "GET /api/deen/prayer-times HTTP/1.1" 200 OK
[SCHEDULER] Cache miss for 2026-06-17. Fetching from API...
[DEEN API] Serving cached prayer times for 2026-06-17
INFO:     127.0.0.1:57955 - "GET /api/deen/prayer-times HTTP/1.1" 200 OK
[DEEN API] Serving cached prayer times for 2026-06-17
INFO:     127.0.0.1:57957 - "GET /api/deen/prayer-times HTTP/1.1" 200 OK
[SCHEDULER] Cache miss for 2026-06-17. Fetching from API...
[DEEN API] Serving cached prayer times for 2026-06-17
INFO:     127.0.0.1:57960 - "GET /api/deen/prayer-times HTTP/1.1" 200 OK
[DEEN API] Serving cached prayer times for 2026-06-17
INFO:     127.0.0.1:57964 - "GET /api/deen/prayer-times HTTP/1.1" 200 OK
[SCHEDULER] Cache miss for 2026-06-17. Fetching from API...
[DEEN API] Serving cached prayer times for 2026-06-17
INFO:     127.0.0.1:57967 - "GET /api/deen/prayer-times HTTP/1.1" 200 OK
[DEEN API] Serving cached prayer times for 2026-06-17
INFO:     127.0.0.1:57969 - "GET /api/deen/prayer-times HTTP/1.1" 200 OK
[SCHEDULER] Cache miss for 2026-06-17. Fetching from API...
[DEEN API] Serving cached prayer times for 2026-06-17
INFO:     127.0.0.1:57971 - "GET /api/deen/prayer-times HTTP/1.1" 200 OK
[DEEN API] Serving cached prayer times for 2026-06-17
INFO:     127.0.0.1:57973 - "GET /api/deen/prayer-times HTTP/1.1" 200 OK
[SCHEDULER] Cache miss for 2026-06-17. Fetching from API...
[DEEN API] Serving cached prayer times for 2026-06-17
INFO:     127.0.0.1:57977 - "GET /api/deen/prayer-times HTTP/1.1" 200 OK
[DEEN API] Serving cached prayer times for 2026-06-17
INFO:     127.0.0.1:57980 - "GET /api/deen/prayer-times HTTP/1.1" 200 OK
[SCHEDULER] Cache miss for 2026-06-17. Fetching from API...
[DEEN API] Serving cached prayer times for 2026-06-17
INFO:     127.0.0.1:57984 - "GET /api/deen/prayer-times HTTP/1.1" 200 OK
[DEEN API] Serving cached prayer times for 2026-06-17
INFO:     127.0.0.1:57988 - "GET /api/deen/prayer-times HTTP/1.1" 200 OK
[SCHEDULER] Cache miss for 2026-06-17. Fetching from API...
[DEEN API] Serving cached prayer times for 2026-06-17
INFO:     127.0.0.1:57992 - "GET /api/deen/prayer-times HTTP/1.1" 200 OK
[DEEN API] Serving cached prayer times for 2026-06-17
INFO:     127.0.0.1:57997 - "GET /api/deen/prayer-times HTTP/1.1" 200 OK
[SCHEDULER] Cache miss for 2026-06-17. Fetching from API...
[DEEN API] Serving cached prayer times for 2026-06-17
INFO:     127.0.0.1:58000 - "GET /api/deen/prayer-times HTTP/1.1" 200 OK
[DEEN API] Serving cached prayer times for 2026-06-17
INFO:     127.0.0.1:58002 - "GET /api/deen/prayer-times HTTP/1.1" 200 OK
[SCHEDULER] Cache miss for 2026-06-17. Fetching from API...
[DEEN API] Serving cached prayer times for 2026-06-17
INFO:     127.0.0.1:58004 - "GET /api/deen/prayer-times HTTP/1.1" 200 OK
[DEEN API] Serving cached prayer times for 2026-06-17
INFO:     127.0.0.1:58007 - "GET /api/deen/prayer-times HTTP/1.1" 200 OK
[SCHEDULER] Cache miss for 2026-06-17. Fetching from API...
[DEEN API] Serving cached prayer times for 2026-06-17
INFO:     127.0.0.1:58017 - "GET /api/deen/prayer-times HTTP/1.1" 200 OK
[DEEN API] Serving cached prayer times for 2026-06-17
INFO:     127.0.0.1:58020 - "GET /api/deen/prayer-times HTTP/1.1" 200 OK
[SCHEDULER] Cache miss for 2026-06-17. Fetching from API...
[DEEN API] Serving cached prayer times for 2026-06-17
INFO:     127.0.0.1:58023 - "GET /api/deen/prayer-times HTTP/1.1" 200 OK
[DEEN API] Serving cached prayer times for 2026-06-17
INFO:     127.0.0.1:58025 - "GET /api/deen/prayer-times HTTP/1.1" 200 OK
[SCHEDULER] Cache miss for 2026-06-17. Fetching from API...
[DEEN API] Serving cached prayer times for 2026-06-17
INFO:     127.0.0.1:58027 - "GET /api/deen/prayer-times HTTP/1.1" 200 OK
[DEEN API] Serving cached prayer times for 2026-06-17
INFO:     127.0.0.1:58031 - "GET /api/deen/prayer-times HTTP/1.1" 200 OK
[SCHEDULER] Cache miss for 2026-06-17. Fetching from API...
[DEEN API] Serving cached prayer times for 2026-06-17
INFO:     127.0.0.1:58087 - "GET /api/deen/prayer-times HTTP/1.1" 200 OK
INFO:     127.0.0.1:58089 - "GET /api/wellness/fast/today HTTP/1.1" 200 OK
[DEEN API] Serving cached prayer times for 2026-06-17
INFO:     127.0.0.1:58091 - "GET /api/deen/prayer-times HTTP/1.1" 200 OK
[SCHEDULER] Cache miss for 2026-06-17. Fetching from API...
[DEEN API] Serving cached prayer times for 2026-06-17
INFO:     127.0.0.1:58104 - "GET /api/deen/prayer-times HTTP/1.1" 200 OK
[DEEN API] Serving cached prayer times for 2026-06-17
INFO:     127.0.0.1:58106 - "GET /api/deen/prayer-times HTTP/1.1" 200 OK
[SCHEDULER] Cache miss for 2026-06-17. Fetching from API...
[DEEN API] Serving cached prayer times for 2026-06-17
INFO:     127.0.0.1:58117 - "GET /api/deen/prayer-times HTTP/1.1" 200 OK
[DEEN API] Serving cached prayer times for 2026-06-17
INFO:     127.0.0.1:58120 - "GET /api/deen/prayer-times HTTP/1.1" 200 OK
[SCHEDULER] Cache miss for 2026-06-17. Fetching from API...
[DEEN API] Serving cached prayer times for 2026-06-17
INFO:     127.0.0.1:58126 - "GET /api/deen/prayer-times HTTP/1.1" 200 OK
[DEEN API] Serving cached prayer times for 2026-06-17
INFO:     127.0.0.1:58129 - "GET /api/deen/prayer-times HTTP/1.1" 200 OK
[SCHEDULER] Cache miss for 2026-06-17. Fetching from API...
[DEEN API] Serving cached prayer times for 2026-06-17
INFO:     127.0.0.1:58133 - "GET /api/deen/prayer-times HTTP/1.1" 200 OK
[DEEN API] Serving cached prayer times for 2026-06-17
INFO:     127.0.0.1:58137 - "GET /api/deen/prayer-times HTTP/1.1" 200 OK
[SCHEDULER] Cache miss for 2026-06-17. Fetching from API...
[DEEN API] Serving cached prayer times for 2026-06-17
INFO:     127.0.0.1:58139 - "GET /api/deen/prayer-times HTTP/1.1" 200 OK
[DEEN API] Serving cached prayer times for 2026-06-17
INFO:     127.0.0.1:58141 - "GET /api/deen/prayer-times HTTP/1.1" 200 OK
[SCHEDULER] Cache miss for 2026-06-17. Fetching from API...
[DEEN API] Serving cached prayer times for 2026-06-17
INFO:     127.0.0.1:58143 - "GET /api/deen/prayer-times HTTP/1.1" 200 OK
[DEEN API] Serving cached prayer times for 2026-06-17
INFO:     127.0.0.1:58145 - "GET /api/deen/prayer-times HTTP/1.1" 200 OK
[SCHEDULER] Cache miss for 2026-06-17. Fetching from API...
[DEEN API] Serving cached prayer times for 2026-06-17
INFO:     127.0.0.1:58156 - "GET /api/deen/prayer-times HTTP/1.1" 200 OK
[DEEN API] Serving cached prayer times for 2026-06-17
INFO:     127.0.0.1:58161 - "GET /api/deen/prayer-times HTTP/1.1" 200 OK
[SCHEDULER] Cache miss for 2026-06-17. Fetching from API...
[DEEN API] Serving cached prayer times for 2026-06-17
INFO:     127.0.0.1:58165 - "GET /api/deen/prayer-times HTTP/1.1" 200 OK
[DEEN API] Serving cached prayer times for 2026-06-17
INFO:     127.0.0.1:58170 - "GET /api/deen/prayer-times HTTP/1.1" 200 OK
[SCHEDULER] Cache miss for 2026-06-17. Fetching from API...
[DEEN API] Serving cached prayer times for 2026-06-17
INFO:     127.0.0.1:58175 - "GET /api/deen/prayer-times HTTP/1.1" 200 OK
[DEEN API] Serving cached prayer times for 2026-06-17
INFO:     127.0.0.1:58177 - "GET /api/deen/prayer-times HTTP/1.1" 200 OK
[SCHEDULER] Cache miss for 2026-06-17. Fetching from API...
[DEEN API] Serving cached prayer times for 2026-06-17
INFO:     127.0.0.1:58189 - "GET /api/deen/prayer-times HTTP/1.1" 200 OK
[DEEN API] Serving cached prayer times for 2026-06-17
INFO:     127.0.0.1:58195 - "GET /api/deen/prayer-times HTTP/1.1" 200 OK
[SCHEDULER] Cache miss for 2026-06-17. Fetching from API...
[DEEN API] Serving cached prayer times for 2026-06-17
INFO:     127.0.0.1:58203 - "GET /api/deen/prayer-times HTTP/1.1" 200 OK
[DEEN API] Serving cached prayer times for 2026-06-17
INFO:     127.0.0.1:58208 - "GET /api/deen/prayer-times HTTP/1.1" 200 OK
[SCHEDULER] Cache miss for 2026-06-17. Fetching from API...
[DEEN API] Serving cached prayer times for 2026-06-17
INFO:     127.0.0.1:58211 - "GET /api/deen/prayer-times HTTP/1.1" 200 OK
[DEEN API] Serving cached prayer times for 2026-06-17
INFO:     127.0.0.1:58213 - "GET /api/deen/prayer-times HTTP/1.1" 200 OK
[SCHEDULER] Cache miss for 2026-06-17. Fetching from API...
[DEEN API] Serving cached prayer times for 2026-06-17
INFO:     127.0.0.1:58218 - "GET /api/deen/prayer-times HTTP/1.1" 200 OK
[DEEN API] Serving cached prayer times for 2026-06-17
INFO:     127.0.0.1:58220 - "GET /api/deen/prayer-times HTTP/1.1" 200 OK
[SCHEDULER] Cache miss for 2026-06-17. Fetching from API...
[DEEN API] Serving cached prayer times for 2026-06-17
INFO:     127.0.0.1:58225 - "GET /api/deen/prayer-times HTTP/1.1" 200 OK
[DEEN API] Serving cached prayer times for 2026-06-17
INFO:     127.0.0.1:58243 - "GET /api/deen/prayer-times HTTP/1.1" 200 OK
[SCHEDULER] Cache miss for 2026-06-17. Fetching from API...
[DEEN API] Serving cached prayer times for 2026-06-17
INFO:     127.0.0.1:58247 - "GET /api/deen/prayer-times HTTP/1.1" 200 OK
[DEEN API] Serving cached prayer times for 2026-06-17
INFO:     127.0.0.1:58249 - "GET /api/deen/prayer-times HTTP/1.1" 200 OK
[SCHEDULER] Cache miss for 2026-06-17. Fetching from API...
[DEEN API] Serving cached prayer times for 2026-06-17
INFO:     127.0.0.1:58251 - "GET /api/deen/prayer-times HTTP/1.1" 200 OK
[DEEN API] Serving cached prayer times for 2026-06-17
INFO:     127.0.0.1:58255 - "GET /api/deen/prayer-times HTTP/1.1" 200 OK
[SCHEDULER] Cache miss for 2026-06-17. Fetching from API...
[DEEN API] Serving cached prayer times for 2026-06-17
INFO:     127.0.0.1:58257 - "GET /api/deen/prayer-times HTTP/1.1" 200 OK
[DEEN API] Serving cached prayer times for 2026-06-17
INFO:     127.0.0.1:58259 - "GET /api/deen/prayer-times HTTP/1.1" 200 OK
[SCHEDULER] Cache miss for 2026-06-17. Fetching from API...
[DEEN API] Serving cached prayer times for 2026-06-17
INFO:     127.0.0.1:58263 - "GET /api/deen/prayer-times HTTP/1.1" 200 OK
[DEEN API] Serving cached prayer times for 2026-06-17
INFO:     127.0.0.1:58265 - "GET /api/deen/prayer-times HTTP/1.1" 200 OK
[SCHEDULER] Cache miss for 2026-06-17. Fetching from API...
[DEEN API] Serving cached prayer times for 2026-06-17
INFO:     127.0.0.1:58268 - "GET /api/deen/prayer-times HTTP/1.1" 200 OK
[DEEN API] Serving cached prayer times for 2026-06-17
INFO:     127.0.0.1:58276 - "GET /api/deen/prayer-times HTTP/1.1" 200 OK
[SCHEDULER] Cache miss for 2026-06-17. Fetching from API...
[DEEN API] Serving cached prayer times for 2026-06-17
INFO:     127.0.0.1:58278 - "GET /api/deen/prayer-times HTTP/1.1" 200 OK
[DEEN API] Serving cached prayer times for 2026-06-17
INFO:     127.0.0.1:58283 - "GET /api/deen/prayer-times HTTP/1.1" 200 OK
[SCHEDULER] Cache miss for 2026-06-17. Fetching from API...
[DEEN API] Serving cached prayer times for 2026-06-17
INFO:     127.0.0.1:58285 - "GET /api/deen/prayer-times HTTP/1.1" 200 OK
[DEEN API] Serving cached prayer times for 2026-06-17
INFO:     127.0.0.1:58291 - "GET /api/deen/prayer-times HTTP/1.1" 200 OK
[SCHEDULER] Cache miss for 2026-06-17. Fetching from API...
[DEEN API] Serving cached prayer times for 2026-06-17
INFO:     127.0.0.1:58293 - "GET /api/deen/prayer-times HTTP/1.1" 200 OK
[DEEN API] Serving cached prayer times for 2026-06-17
INFO:     127.0.0.1:58295 - "GET /api/deen/prayer-times HTTP/1.1" 200 OK
[SCHEDULER] Cache miss for 2026-06-17. Fetching from API...
[DEEN API] Serving cached prayer times for 2026-06-17
INFO:     127.0.0.1:58302 - "GET /api/deen/prayer-times HTTP/1.1" 200 OK
[DEEN API] Serving cached prayer times for 2026-06-17
INFO:     127.0.0.1:58304 - "GET /api/deen/prayer-times HTTP/1.1" 200 OK
[SCHEDULER] Cache miss for 2026-06-17. Fetching from API...
[DEEN API] Serving cached prayer times for 2026-06-17
INFO:     127.0.0.1:58306 - "GET /api/deen/prayer-times HTTP/1.1" 200 OK
[DEEN API] Serving cached prayer times for 2026-06-17
INFO:     127.0.0.1:58308 - "GET /api/deen/prayer-times HTTP/1.1" 200 OK
[SCHEDULER] Cache miss for 2026-06-17. Fetching from API...
[DEEN API] Serving cached prayer times for 2026-06-17
INFO:     127.0.0.1:58310 - "GET /api/deen/prayer-times HTTP/1.1" 200 OK
[DEEN API] Serving cached prayer times for 2026-06-17
INFO:     127.0.0.1:58312 - "GET /api/deen/prayer-times HTTP/1.1" 200 OK
[SCHEDULER] Cache miss for 2026-06-17. Fetching from API...
[DEEN API] Serving cached prayer times for 2026-06-17
INFO:     127.0.0.1:58315 - "GET /api/deen/prayer-times HTTP/1.1" 200 OK
[DEEN API] Serving cached prayer times for 2026-06-17
INFO:     127.0.0.1:58318 - "GET /api/deen/prayer-times HTTP/1.1" 200 OK
[SCHEDULER] Cache miss for 2026-06-17. Fetching from API...
[DEEN API] Serving cached prayer times for 2026-06-17
INFO:     127.0.0.1:58320 - "GET /api/deen/prayer-times HTTP/1.1" 200 OK
[DEEN API] Serving cached prayer times for 2026-06-17
INFO:     127.0.0.1:58322 - "GET /api/deen/prayer-times HTTP/1.1" 200 OK
[SCHEDULER] Cache miss for 2026-06-17. Fetching from API...
[DEEN API] Serving cached prayer times for 2026-06-17
INFO:     127.0.0.1:58324 - "GET /api/deen/prayer-times HTTP/1.1" 200 OK
[DEEN API] Serving cached prayer times for 2026-06-17
INFO:     127.0.0.1:58326 - "GET /api/deen/prayer-times HTTP/1.1" 200 OK
[SCHEDULER] Cache miss for 2026-06-17. Fetching from API...
[DEEN API] Serving cached prayer times for 2026-06-17
INFO:     127.0.0.1:58334 - "GET /api/deen/prayer-times HTTP/1.1" 200 OK
[DEEN API] Serving cached prayer times for 2026-06-17
INFO:     127.0.0.1:58336 - "GET /api/deen/prayer-times HTTP/1.1" 200 OK
[SCHEDULER] Cache miss for 2026-06-17. Fetching from API...
[DEEN API] Serving cached prayer times for 2026-06-17
INFO:     127.0.0.1:58343 - "GET /api/deen/prayer-times HTTP/1.1" 200 OK
[DEEN API] Serving cached prayer times for 2026-06-17
INFO:     127.0.0.1:58350 - "GET /api/deen/prayer-times HTTP/1.1" 200 OK
[SCHEDULER] Cache miss for 2026-06-17. Fetching from API...
[DEEN API] Serving cached prayer times for 2026-06-17
INFO:     127.0.0.1:58354 - "GET /api/deen/prayer-times HTTP/1.1" 200 OK
[DEEN API] Serving cached prayer times for 2026-06-17
INFO:     127.0.0.1:58358 - "GET /api/deen/prayer-times HTTP/1.1" 200 OK
[SCHEDULER] Cache miss for 2026-06-17. Fetching from API...
[DEEN API] Serving cached prayer times for 2026-06-17
INFO:     127.0.0.1:58360 - "GET /api/deen/prayer-times HTTP/1.1" 200 OK
[DEEN API] Serving cached prayer times for 2026-06-17
INFO:     127.0.0.1:58362 - "GET /api/deen/prayer-times HTTP/1.1" 200 OK
[SCHEDULER] Cache miss for 2026-06-17. Fetching from API...
[DEEN API] Serving cached prayer times for 2026-06-17
INFO:     127.0.0.1:58366 - "GET /api/deen/prayer-times HTTP/1.1" 200 OK
[DEEN API] Serving cached prayer times for 2026-06-17
INFO:     127.0.0.1:58368 - "GET /api/deen/prayer-times HTTP/1.1" 200 OK
[SCHEDULER] Cache miss for 2026-06-17. Fetching from API...
[DEEN API] Serving cached prayer times for 2026-06-17
INFO:     127.0.0.1:58370 - "GET /api/deen/prayer-times HTTP/1.1" 200 OK
[DEEN API] Serving cached prayer times for 2026-06-17
INFO:     127.0.0.1:58372 - "GET /api/deen/prayer-times HTTP/1.1" 200 OK
[SCHEDULER] Cache miss for 2026-06-17. Fetching from API...
[DEEN API] Serving cached prayer times for 2026-06-17
INFO:     127.0.0.1:58374 - "GET /api/deen/prayer-times HTTP/1.1" 200 OK
[DEEN API] Serving cached prayer times for 2026-06-17
INFO:     127.0.0.1:58376 - "GET /api/deen/prayer-times HTTP/1.1" 200 OK
[SCHEDULER] Cache miss for 2026-06-17. Fetching from API...
[DEEN API] Serving cached prayer times for 2026-06-17
INFO:     127.0.0.1:58389 - "GET /api/deen/prayer-times HTTP/1.1" 200 OK
[DEEN API] Serving cached prayer times for 2026-06-17
INFO:     127.0.0.1:58395 - "GET /api/deen/prayer-times HTTP/1.1" 200 OK
[SCHEDULER] Cache miss for 2026-06-17. Fetching from API...
[DEEN API] Serving cached prayer times for 2026-06-17
INFO:     127.0.0.1:58402 - "GET /api/deen/prayer-times HTTP/1.1" 200 OK
[DEEN API] Serving cached prayer times for 2026-06-17
INFO:     127.0.0.1:58404 - "GET /api/deen/prayer-times HTTP/1.1" 200 OK
[SCHEDULER] Cache miss for 2026-06-17. Fetching from API...
[DEEN API] Serving cached prayer times for 2026-06-17
INFO:     127.0.0.1:58418 - "GET /api/deen/prayer-times HTTP/1.1" 200 OK
[DEEN API] Serving cached prayer times for 2026-06-17
INFO:     127.0.0.1:58426 - "GET /api/deen/prayer-times HTTP/1.1" 200 OK
[SCHEDULER] Cache miss for 2026-06-17. Fetching from API...
[DEEN API] Serving cached prayer times for 2026-06-17
INFO:     127.0.0.1:58428 - "GET /api/deen/prayer-times HTTP/1.1" 200 OK
[DEEN API] Serving cached prayer times for 2026-06-17
INFO:     127.0.0.1:58430 - "GET /api/deen/prayer-times HTTP/1.1" 200 OK
[SCHEDULER] Cache miss for 2026-06-17. Fetching from API...
[DEEN API] Serving cached prayer times for 2026-06-17
INFO:     127.0.0.1:58436 - "GET /api/deen/prayer-times HTTP/1.1" 200 OK
[DEEN API] Serving cached prayer times for 2026-06-17
INFO:     127.0.0.1:58466 - "GET /api/deen/prayer-times HTTP/1.1" 200 OK
[SCHEDULER] Cache miss for 2026-06-17. Fetching from API...
[DEEN API] Serving cached prayer times for 2026-06-17
INFO:     127.0.0.1:58521 - "GET /api/deen/prayer-times HTTP/1.1" 200 OK
[DEEN API] Serving cached prayer times for 2026-06-17
INFO:     127.0.0.1:58526 - "GET /api/deen/prayer-times HTTP/1.1" 200 OK
INFO:     127.0.0.1:58534 - "GET /api/wellness/fast/today HTTP/1.1" 200 OK
[SCHEDULER] Cache miss for 2026-06-17. Fetching from API...
[DEEN API] Serving cached prayer times for 2026-06-17
INFO:     127.0.0.1:58536 - "GET /api/deen/prayer-times HTTP/1.1" 200 OK
[SCHEDULER] Salah time for Asr (17:03)! Alerting Chaman...
INFO:     127.0.0.1:58538 - "POST /api/push/send HTTP/1.1" 503 Service Unavailable
[SCHEDULER] Push dispatched: 0 devices notified.
[DEEN API] Serving cached prayer times for 2026-06-17
INFO:     127.0.0.1:58546 - "GET /api/deen/prayer-times HTTP/1.1" 200 OK
INFO:     127.0.0.1:58548 - "POST /api/push/send HTTP/1.1" 503 Service Unavailable
[SCHEDULER] Cache miss for 2026-06-17. Fetching from API...
[DEEN API] Serving cached prayer times for 2026-06-17
INFO:     127.0.0.1:58560 - "GET /api/deen/prayer-times HTTP/1.1" 200 OK
[DEEN API] Serving cached prayer times for 2026-06-17
INFO:     127.0.0.1:58566 - "GET /api/deen/prayer-times HTTP/1.1" 200 OK
[SCHEDULER] Cache miss for 2026-06-17. Fetching from API...
[DEEN API] Serving cached prayer times for 2026-06-17
INFO:     127.0.0.1:58571 - "GET /api/deen/prayer-times HTTP/1.1" 200 OK
[DEEN API] Serving cached prayer times for 2026-06-17
INFO:     127.0.0.1:58573 - "GET /api/deen/prayer-times HTTP/1.1" 200 OK
[SCHEDULER] Cache miss for 2026-06-17. Fetching from API...
[DEEN API] Serving cached prayer times for 2026-06-17
INFO:     127.0.0.1:58577 - "GET /api/deen/prayer-times HTTP/1.1" 200 OK
[DEEN API] Serving cached prayer times for 2026-06-17
INFO:     127.0.0.1:58592 - "GET /api/deen/prayer-times HTTP/1.1" 200 OK
[SCHEDULER] Cache miss for 2026-06-17. Fetching from API...
[DEEN API] Serving cached prayer times for 2026-06-17
INFO:     127.0.0.1:58595 - "GET /api/deen/prayer-times HTTP/1.1" 200 OK
[DEEN API] Serving cached prayer times for 2026-06-17
INFO:     127.0.0.1:58599 - "GET /api/deen/prayer-times HTTP/1.1" 200 OK
[SCHEDULER] Cache miss for 2026-06-17. Fetching from API...
[DEEN API] Serving cached prayer times for 2026-06-17
INFO:     127.0.0.1:58601 - "GET /api/deen/prayer-times HTTP/1.1" 200 OK
[DEEN API] Serving cached prayer times for 2026-06-17
INFO:     127.0.0.1:58605 - "GET /api/deen/prayer-times HTTP/1.1" 200 OK
[SCHEDULER] Cache miss for 2026-06-17. Fetching from API...
[DEEN API] Serving cached prayer times for 2026-06-17
INFO:     127.0.0.1:58620 - "GET /api/deen/prayer-times HTTP/1.1" 200 OK
[DEEN API] Serving cached prayer times for 2026-06-17
INFO:     127.0.0.1:58623 - "GET /api/deen/prayer-times HTTP/1.1" 200 OK
[SCHEDULER] Cache miss for 2026-06-17. Fetching from API...
[DEEN API] Serving cached prayer times for 2026-06-17
INFO:     127.0.0.1:58627 - "GET /api/deen/prayer-times HTTP/1.1" 200 OK
[DEEN API] Serving cached prayer times for 2026-06-17
INFO:     127.0.0.1:58630 - "GET /api/deen/prayer-times HTTP/1.1" 200 OK
[SCHEDULER] Cache miss for 2026-06-17. Fetching from API...
[DEEN API] Serving cached prayer times for 2026-06-17
INFO:     127.0.0.1:58635 - "GET /api/deen/prayer-times HTTP/1.1" 200 OK
[DEEN API] Serving cached prayer times for 2026-06-17
INFO:     127.0.0.1:58638 - "GET /api/deen/prayer-times HTTP/1.1" 200 OK
[SCHEDULER] Cache miss for 2026-06-17. Fetching from API...
[DEEN API] Serving cached prayer times for 2026-06-17
INFO:     127.0.0.1:58640 - "GET /api/deen/prayer-times HTTP/1.1" 200 OK
[DEEN API] Serving cached prayer times for 2026-06-17
INFO:     127.0.0.1:58642 - "GET /api/deen/prayer-times HTTP/1.1" 200 OK
[SCHEDULER] Cache miss for 2026-06-17. Fetching from API...
[DEEN API] Serving cached prayer times for 2026-06-17
INFO:     127.0.0.1:58651 - "GET /api/deen/prayer-times HTTP/1.1" 200 OK
[DEEN API] Serving cached prayer times for 2026-06-17
INFO:     127.0.0.1:58664 - "GET /api/deen/prayer-times HTTP/1.1" 200 OK
[SCHEDULER] Cache miss for 2026-06-17. Fetching from API...
[DEEN API] Serving cached prayer times for 2026-06-17
INFO:     127.0.0.1:58666 - "GET /api/deen/prayer-times HTTP/1.1" 200 OK
[DEEN API] Serving cached prayer times for 2026-06-17
INFO:     127.0.0.1:58668 - "GET /api/deen/prayer-times HTTP/1.1" 200 OK
[SCHEDULER] Cache miss for 2026-06-17. Fetching from API...
[DEEN API] Serving cached prayer times for 2026-06-17
INFO:     127.0.0.1:58678 - "GET /api/deen/prayer-times HTTP/1.1" 200 OK
[DEEN API] Serving cached prayer times for 2026-06-17
INFO:     127.0.0.1:58683 - "GET /api/deen/prayer-times HTTP/1.1" 200 OK
[SCHEDULER] Cache miss for 2026-06-17. Fetching from API...
[DEEN API] Serving cached prayer times for 2026-06-17
INFO:     127.0.0.1:58685 - "GET /api/deen/prayer-times HTTP/1.1" 200 OK
[DEEN API] Serving cached prayer times for 2026-06-17
INFO:     127.0.0.1:58688 - "GET /api/deen/prayer-times HTTP/1.1" 200 OK
[SCHEDULER] Cache miss for 2026-06-17. Fetching from API...
[DEEN API] Serving cached prayer times for 2026-06-17
INFO:     127.0.0.1:58690 - "GET /api/deen/prayer-times HTTP/1.1" 200 OK
[DEEN API] Serving cached prayer times for 2026-06-17
INFO:     127.0.0.1:58697 - "GET /api/deen/prayer-times HTTP/1.1" 200 OK
[SCHEDULER] Cache miss for 2026-06-17. Fetching from API...
[DEEN API] Serving cached prayer times for 2026-06-17
INFO:     127.0.0.1:58704 - "GET /api/deen/prayer-times HTTP/1.1" 200 OK
[DEEN API] Serving cached prayer times for 2026-06-17
INFO:     127.0.0.1:58707 - "GET /api/deen/prayer-times HTTP/1.1" 200 OK
[SCHEDULER] Cache miss for 2026-06-17. Fetching from API...
[DEEN API] Serving cached prayer times for 2026-06-17
INFO:     127.0.0.1:58718 - "GET /api/deen/prayer-times HTTP/1.1" 200 OK
INFO:     127.0.0.1:58720 - "GET /api/wellness/fast/today HTTP/1.1" 200 OK
[DEEN API] Serving cached prayer times for 2026-06-17
INFO:     127.0.0.1:58722 - "GET /api/deen/prayer-times HTTP/1.1" 200 OK
[SCHEDULER] Cache miss for 2026-06-17. Fetching from API...
[DEEN API] Serving cached prayer times for 2026-06-17
INFO:     127.0.0.1:58725 - "GET /api/deen/prayer-times HTTP/1.1" 200 OK
[DEEN API] Serving cached prayer times for 2026-06-17
INFO:     127.0.0.1:58733 - "GET /api/deen/prayer-times HTTP/1.1" 200 OK
[SCHEDULER] Cache miss for 2026-06-17. Fetching from API...
[DEEN API] Serving cached prayer times for 2026-06-17
INFO:     127.0.0.1:58746 - "GET /api/deen/prayer-times HTTP/1.1" 200 OK
[DEEN API] Serving cached prayer times for 2026-06-17
INFO:     127.0.0.1:58749 - "GET /api/deen/prayer-times HTTP/1.1" 200 OK
[SCHEDULER] Cache miss for 2026-06-17. Fetching from API...
[DEEN API] Serving cached prayer times for 2026-06-17
INFO:     127.0.0.1:58753 - "GET /api/deen/prayer-times HTTP/1.1" 200 OK
[DEEN API] Serving cached prayer times for 2026-06-17
INFO:     127.0.0.1:58755 - "GET /api/deen/prayer-times HTTP/1.1" 200 OK
[SCHEDULER] Cache miss for 2026-06-17. Fetching from API...
[DEEN API] Serving cached prayer times for 2026-06-17
INFO:     127.0.0.1:58774 - "GET /api/deen/prayer-times HTTP/1.1" 200 OK
[DEEN API] Serving cached prayer times for 2026-06-17
INFO:     127.0.0.1:58776 - "GET /api/deen/prayer-times HTTP/1.1" 200 OK
[SCHEDULER] Cache miss for 2026-06-17. Fetching from API...
[DEEN API] Serving cached prayer times for 2026-06-17
INFO:     127.0.0.1:58781 - "GET /api/deen/prayer-times HTTP/1.1" 200 OK
[DEEN API] Serving cached prayer times for 2026-06-17
INFO:     127.0.0.1:58783 - "GET /api/deen/prayer-times HTTP/1.1" 200 OK
[SCHEDULER] Cache miss for 2026-06-17. Fetching from API...
[DEEN API] Serving cached prayer times for 2026-06-17
INFO:     127.0.0.1:58785 - "GET /api/deen/prayer-times HTTP/1.1" 200 OK
[DEEN API] Serving cached prayer times for 2026-06-17
INFO:     127.0.0.1:58787 - "GET /api/deen/prayer-times HTTP/1.1" 200 OK
[SCHEDULER] Cache miss for 2026-06-17. Fetching from API...
[DEEN API] Serving cached prayer times for 2026-06-17
INFO:     127.0.0.1:58789 - "GET /api/deen/prayer-times HTTP/1.1" 200 OK
[DEEN API] Serving cached prayer times for 2026-06-17
INFO:     127.0.0.1:58797 - "GET /api/deen/prayer-times HTTP/1.1" 200 OK
[SCHEDULER] Cache miss for 2026-06-17. Fetching from API...
[DEEN API] Serving cached prayer times for 2026-06-17
INFO:     127.0.0.1:58799 - "GET /api/deen/prayer-times HTTP/1.1" 200 OK
[DEEN API] Serving cached prayer times for 2026-06-17
INFO:     127.0.0.1:58804 - "GET /api/deen/prayer-times HTTP/1.1" 200 OK
[SCHEDULER] Cache miss for 2026-06-17. Fetching from API...
[DEEN API] Serving cached prayer times for 2026-06-17
INFO:     127.0.0.1:58808 - "GET /api/deen/prayer-times HTTP/1.1" 200 OK
[DEEN API] Serving cached prayer times for 2026-06-17
INFO:     127.0.0.1:58817 - "GET /api/deen/prayer-times HTTP/1.1" 200 OK
[SCHEDULER] Cache miss for 2026-06-17. Fetching from API...
[DEEN API] Serving cached prayer times for 2026-06-17
INFO:     127.0.0.1:58822 - "GET /api/deen/prayer-times HTTP/1.1" 200 OK
[DEEN API] Serving cached prayer times for 2026-06-17
INFO:     127.0.0.1:58824 - "GET /api/deen/prayer-times HTTP/1.1" 200 OK
[SCHEDULER] Cache miss for 2026-06-17. Fetching from API...
[DEEN API] Serving cached prayer times for 2026-06-17
INFO:     127.0.0.1:58828 - "GET /api/deen/prayer-times HTTP/1.1" 200 OK
[DEEN API] Serving cached prayer times for 2026-06-17
INFO:     127.0.0.1:58835 - "GET /api/deen/prayer-times HTTP/1.1" 200 OK
[SCHEDULER] Cache miss for 2026-06-17. Fetching from API...
[DEEN API] Serving cached prayer times for 2026-06-17
INFO:     127.0.0.1:58838 - "GET /api/deen/prayer-times HTTP/1.1" 200 OK
[DEEN API] Serving cached prayer times for 2026-06-17
INFO:     127.0.0.1:58840 - "GET /api/deen/prayer-times HTTP/1.1" 200 OK
[SCHEDULER] Cache miss for 2026-06-17. Fetching from API...
[DEEN API] Serving cached prayer times for 2026-06-17
INFO:     127.0.0.1:58850 - "GET /api/deen/prayer-times HTTP/1.1" 200 OK
[DEEN API] Serving cached prayer times for 2026-06-17
INFO:     127.0.0.1:58852 - "GET /api/deen/prayer-times HTTP/1.1" 200 OK
[SCHEDULER] Cache miss for 2026-06-17. Fetching from API...
[DEEN API] Serving cached prayer times for 2026-06-17
INFO:     127.0.0.1:58854 - "GET /api/deen/prayer-times HTTP/1.1" 200 OK
[DEEN API] Serving cached prayer times for 2026-06-17
INFO:     127.0.0.1:58858 - "GET /api/deen/prayer-times HTTP/1.1" 200 OK
[SCHEDULER] Cache miss for 2026-06-17. Fetching from API...
[DEEN API] Serving cached prayer times for 2026-06-17
INFO:     127.0.0.1:58864 - "GET /api/deen/prayer-times HTTP/1.1" 200 OK
[DEEN API] Serving cached prayer times for 2026-06-17
INFO:     127.0.0.1:58866 - "GET /api/deen/prayer-times HTTP/1.1" 200 OK
[SCHEDULER] Cache miss for 2026-06-17. Fetching from API...
[DEEN API] Serving cached prayer times for 2026-06-17
INFO:     127.0.0.1:58883 - "GET /api/deen/prayer-times HTTP/1.1" 200 OK
[DEEN API] Serving cached prayer times for 2026-06-17
INFO:     127.0.0.1:58888 - "GET /api/deen/prayer-times HTTP/1.1" 200 OK
[SCHEDULER] Cache miss for 2026-06-17. Fetching from API...
[DEEN API] Serving cached prayer times for 2026-06-17
INFO:     127.0.0.1:58893 - "GET /api/deen/prayer-times HTTP/1.1" 200 OK
[DEEN API] Serving cached prayer times for 2026-06-17
INFO:     127.0.0.1:58898 - "GET /api/deen/prayer-times HTTP/1.1" 200 OK
[SCHEDULER] Cache miss for 2026-06-17. Fetching from API...
[DEEN API] Serving cached prayer times for 2026-06-17
INFO:     127.0.0.1:58907 - "GET /api/deen/prayer-times HTTP/1.1" 200 OK
[DEEN API] Serving cached prayer times for 2026-06-17
INFO:     127.0.0.1:58912 - "GET /api/deen/prayer-times HTTP/1.1" 200 OK
[SCHEDULER] Cache miss for 2026-06-17. Fetching from API...
[DEEN API] Serving cached prayer times for 2026-06-17
INFO:     127.0.0.1:58914 - "GET /api/deen/prayer-times HTTP/1.1" 200 OK
[DEEN API] Serving cached prayer times for 2026-06-17
INFO:     127.0.0.1:58918 - "GET /api/deen/prayer-times HTTP/1.1" 200 OK
[SCHEDULER] Cache miss for 2026-06-17. Fetching from API...
[DEEN API] Serving cached prayer times for 2026-06-17
INFO:     127.0.0.1:58920 - "GET /api/deen/prayer-times HTTP/1.1" 200 OK
[DEEN API] Serving cached prayer times for 2026-06-17
INFO:     127.0.0.1:58922 - "GET /api/deen/prayer-times HTTP/1.1" 200 OK
[SCHEDULER] Cache miss for 2026-06-17. Fetching from API...
[DEEN API] Serving cached prayer times for 2026-06-17
INFO:     127.0.0.1:58927 - "GET /api/deen/prayer-times HTTP/1.1" 200 OK
[DEEN API] Serving cached prayer times for 2026-06-17
INFO:     127.0.0.1:58929 - "GET /api/deen/prayer-times HTTP/1.1" 200 OK
[SCHEDULER] Cache miss for 2026-06-17. Fetching from API...
[DEEN API] Serving cached prayer times for 2026-06-17
INFO:     127.0.0.1:58931 - "GET /api/deen/prayer-times HTTP/1.1" 200 OK
[DEEN API] Serving cached prayer times for 2026-06-17
INFO:     127.0.0.1:58942 - "GET /api/deen/prayer-times HTTP/1.1" 200 OK
[SCHEDULER] Cache miss for 2026-06-17. Fetching from API...
[DEEN API] Serving cached prayer times for 2026-06-17
INFO:     127.0.0.1:58946 - "GET /api/deen/prayer-times HTTP/1.1" 200 OK
[DEEN API] Serving cached prayer times for 2026-06-17
INFO:     127.0.0.1:58948 - "GET /api/deen/prayer-times HTTP/1.1" 200 OK
[SCHEDULER] Cache miss for 2026-06-17. Fetching from API...
[DEEN API] Serving cached prayer times for 2026-06-17
INFO:     127.0.0.1:58955 - "GET /api/deen/prayer-times HTTP/1.1" 200 OK
[DEEN API] Serving cached prayer times for 2026-06-17
INFO:     127.0.0.1:58960 - "GET /api/deen/prayer-times HTTP/1.1" 200 OK
[SCHEDULER] Cache miss for 2026-06-17. Fetching from API...
[DEEN API] Serving cached prayer times for 2026-06-17
INFO:     127.0.0.1:58965 - "GET /api/deen/prayer-times HTTP/1.1" 200 OK
[DEEN API] Serving cached prayer times for 2026-06-17
INFO:     127.0.0.1:58967 - "GET /api/deen/prayer-times HTTP/1.1" 200 OK
[SCHEDULER] Cache miss for 2026-06-17. Fetching from API...
[DEEN API] Serving cached prayer times for 2026-06-17
INFO:     127.0.0.1:58972 - "GET /api/deen/prayer-times HTTP/1.1" 200 OK
[DEEN API] Serving cached prayer times for 2026-06-17
INFO:     127.0.0.1:58975 - "GET /api/deen/prayer-times HTTP/1.1" 200 OK
[SCHEDULER] Cache miss for 2026-06-17. Fetching from API...
[DEEN API] Serving cached prayer times for 2026-06-17
INFO:     127.0.0.1:58978 - "GET /api/deen/prayer-times HTTP/1.1" 200 OK
[DEEN API] Serving cached prayer times for 2026-06-17
INFO:     127.0.0.1:58982 - "GET /api/deen/prayer-times HTTP/1.1" 200 OK
[SCHEDULER] Cache miss for 2026-06-17. Fetching from API...
[DEEN API] Serving cached prayer times for 2026-06-17
INFO:     127.0.0.1:58987 - "GET /api/deen/prayer-times HTTP/1.1" 200 OK
[DEEN API] Serving cached prayer times for 2026-06-17
INFO:     127.0.0.1:58989 - "GET /api/deen/prayer-times HTTP/1.1" 200 OK
[SCHEDULER] Cache miss for 2026-06-17. Fetching from API...
[DEEN API] Serving cached prayer times for 2026-06-17
INFO:     127.0.0.1:58994 - "GET /api/deen/prayer-times HTTP/1.1" 200 OK
[DEEN API] Serving cached prayer times for 2026-06-17
INFO:     127.0.0.1:59004 - "GET /api/deen/prayer-times HTTP/1.1" 200 OK
[SCHEDULER] Cache miss for 2026-06-17. Fetching from API...
[DEEN API] Serving cached prayer times for 2026-06-17
INFO:     127.0.0.1:59011 - "GET /api/deen/prayer-times HTTP/1.1" 200 OK
[DEEN API] Serving cached prayer times for 2026-06-17
INFO:     127.0.0.1:59013 - "GET /api/deen/prayer-times HTTP/1.1" 200 OK
[SCHEDULER] Cache miss for 2026-06-17. Fetching from API...
[DEEN API] Serving cached prayer times for 2026-06-17
INFO:     127.0.0.1:59016 - "GET /api/deen/prayer-times HTTP/1.1" 200 OK
[DEEN API] Serving cached prayer times for 2026-06-17
INFO:     127.0.0.1:59019 - "GET /api/deen/prayer-times HTTP/1.1" 200 OK
[SCHEDULER] Cache miss for 2026-06-17. Fetching from API...
[DEEN API] Serving cached prayer times for 2026-06-17
INFO:     127.0.0.1:59022 - "GET /api/deen/prayer-times HTTP/1.1" 200 OK
[DEEN API] Serving cached prayer times for 2026-06-17
INFO:     127.0.0.1:59030 - "GET /api/deen/prayer-times HTTP/1.1" 200 OK
[SCHEDULER] Cache miss for 2026-06-17. Fetching from API...
[DEEN API] Serving cached prayer times for 2026-06-17
INFO:     127.0.0.1:59034 - "GET /api/deen/prayer-times HTTP/1.1" 200 OK
[DEEN API] Serving cached prayer times for 2026-06-17
INFO:     127.0.0.1:59036 - "GET /api/deen/prayer-times HTTP/1.1" 200 OK
[SCHEDULER] Cache miss for 2026-06-17. Fetching from API...
[DEEN API] Serving cached prayer times for 2026-06-17
INFO:     127.0.0.1:59038 - "GET /api/deen/prayer-times HTTP/1.1" 200 OK
[DEEN API] Serving cached prayer times for 2026-06-17
INFO:     127.0.0.1:59042 - "GET /api/deen/prayer-times HTTP/1.1" 200 OK
[SCHEDULER] Cache miss for 2026-06-17. Fetching from API...
[DEEN API] Serving cached prayer times for 2026-06-17
INFO:     127.0.0.1:59050 - "GET /api/deen/prayer-times HTTP/1.1" 200 OK
[DEEN API] Serving cached prayer times for 2026-06-17
INFO:     127.0.0.1:59052 - "GET /api/deen/prayer-times HTTP/1.1" 200 OK
[SCHEDULER] Cache miss for 2026-06-17. Fetching from API...
[DEEN API] Serving cached prayer times for 2026-06-17
INFO:     127.0.0.1:59055 - "GET /api/deen/prayer-times HTTP/1.1" 200 OK
[DEEN API] Serving cached prayer times for 2026-06-17
INFO:     127.0.0.1:59061 - "GET /api/deen/prayer-times HTTP/1.1" 200 OK
[SCHEDULER] Cache miss for 2026-06-17. Fetching from API...
[DEEN API] Serving cached prayer times for 2026-06-17
INFO:     127.0.0.1:59065 - "GET /api/deen/prayer-times HTTP/1.1" 200 OK
[DEEN API] Serving cached prayer times for 2026-06-17
INFO:     127.0.0.1:59067 - "GET /api/deen/prayer-times HTTP/1.1" 200 OK
[SCHEDULER] Cache miss for 2026-06-17. Fetching from API...
[DEEN API] Serving cached prayer times for 2026-06-17
INFO:     127.0.0.1:59080 - "GET /api/deen/prayer-times HTTP/1.1" 200 OK
[DEEN API] Serving cached prayer times for 2026-06-17
INFO:     127.0.0.1:59086 - "GET /api/deen/prayer-times HTTP/1.1" 200 OK
[SCHEDULER] Cache miss for 2026-06-17. Fetching from API...
[DEEN API] Serving cached prayer times for 2026-06-17
INFO:     127.0.0.1:59094 - "GET /api/deen/prayer-times HTTP/1.1" 200 OK
[DEEN API] Serving cached prayer times for 2026-06-17
INFO:     127.0.0.1:59101 - "GET /api/deen/prayer-times HTTP/1.1" 200 OK
[SCHEDULER] Cache miss for 2026-06-17. Fetching from API...
[DEEN API] Serving cached prayer times for 2026-06-17
INFO:     127.0.0.1:59104 - "GET /api/deen/prayer-times HTTP/1.1" 200 OK
INFO:     127.0.0.1:59106 - "GET /api/wellness/hydration/today HTTP/1.1" 200 OK
INFO:     127.0.0.1:59108 - "POST /api/push/send HTTP/1.1" 503 Service Unavailable
[DEEN API] Serving cached prayer times for 2026-06-17
INFO:     127.0.0.1:59110 - "GET /api/deen/prayer-times HTTP/1.1" 200 OK
INFO:     127.0.0.1:59112 - "GET /api/wellness/hydration/today HTTP/1.1" 200 OK
INFO:     127.0.0.1:59114 - "POST /api/push/send HTTP/1.1" 503 Service Unavailable
[SCHEDULER] Push dispatched: 0 devices notified.
[SCHEDULER] Cache miss for 2026-06-17. Fetching from API...
[DEEN API] Serving cached prayer times for 2026-06-17
INFO:     127.0.0.1:59116 - "GET /api/deen/prayer-times HTTP/1.1" 200 OK
[DEEN API] Serving cached prayer times for 2026-06-17
INFO:     127.0.0.1:59119 - "GET /api/deen/prayer-times HTTP/1.1" 200 OK
[SCHEDULER] Cache miss for 2026-06-17. Fetching from API...
[DEEN API] Serving cached prayer times for 2026-06-17
INFO:     127.0.0.1:59122 - "GET /api/deen/prayer-times HTTP/1.1" 200 OK
[DEEN API] Serving cached prayer times for 2026-06-17
INFO:     127.0.0.1:59128 - "GET /api/deen/prayer-times HTTP/1.1" 200 OK
INFO:     127.0.0.1:59130 - "POST /api/push/send HTTP/1.1" 503 Service Unavailable
[SCHEDULER] Cache miss for 2026-06-17. Fetching from API...
[DEEN API] Serving cached prayer times for 2026-06-17
INFO:     127.0.0.1:59141 - "GET /api/deen/prayer-times HTTP/1.1" 200 OK
INFO:     127.0.0.1:59143 - "GET /api/wellness/fast/today HTTP/1.1" 200 OK
[DEEN API] Serving cached prayer times for 2026-06-17
INFO:     127.0.0.1:59149 - "GET /api/deen/prayer-times HTTP/1.1" 200 OK
[SCHEDULER] Cache miss for 2026-06-17. Fetching from API...
[DEEN API] Serving cached prayer times for 2026-06-17
INFO:     127.0.0.1:59154 - "GET /api/deen/prayer-times HTTP/1.1" 200 OK
[DEEN API] Serving cached prayer times for 2026-06-17
INFO:     127.0.0.1:59159 - "GET /api/deen/prayer-times HTTP/1.1" 200 OK
[SCHEDULER] Cache miss for 2026-06-17. Fetching from API...
[DEEN API] Serving cached prayer times for 2026-06-17
INFO:     127.0.0.1:59161 - "GET /api/deen/prayer-times HTTP/1.1" 200 OK
[DEEN API] Serving cached prayer times for 2026-06-17
INFO:     127.0.0.1:59164 - "GET /api/deen/prayer-times HTTP/1.1" 200 OK
[SCHEDULER] Cache miss for 2026-06-17. Fetching from API...
[DEEN API] Serving cached prayer times for 2026-06-17
INFO:     127.0.0.1:59169 - "GET /api/deen/prayer-times HTTP/1.1" 200 OK
[DEEN API] Serving cached prayer times for 2026-06-17
INFO:     127.0.0.1:59174 - "GET /api/deen/prayer-times HTTP/1.1" 200 OK
[SCHEDULER] Cache miss for 2026-06-17. Fetching from API...
[DEEN API] Serving cached prayer times for 2026-06-17
INFO:     127.0.0.1:59182 - "GET /api/deen/prayer-times HTTP/1.1" 200 OK
[DEEN API] Serving cached prayer times for 2026-06-17
INFO:     127.0.0.1:59186 - "GET /api/deen/prayer-times HTTP/1.1" 200 OK
[SCHEDULER] Cache miss for 2026-06-17. Fetching from API...
[DEEN API] Serving cached prayer times for 2026-06-17
INFO:     127.0.0.1:59196 - "GET /api/deen/prayer-times HTTP/1.1" 200 OK
[DEEN API] Serving cached prayer times for 2026-06-17
INFO:     127.0.0.1:59209 - "GET /api/deen/prayer-times HTTP/1.1" 200 OK
[SCHEDULER] Cache miss for 2026-06-17. Fetching from API...
[DEEN API] Serving cached prayer times for 2026-06-17
INFO:     127.0.0.1:59212 - "GET /api/deen/prayer-times HTTP/1.1" 200 OK
[DEEN API] Serving cached prayer times for 2026-06-17
INFO:     127.0.0.1:59218 - "GET /api/deen/prayer-times HTTP/1.1" 200 OK
[SCHEDULER] Cache miss for 2026-06-17. Fetching from API...
[DEEN API] Serving cached prayer times for 2026-06-17
INFO:     127.0.0.1:59221 - "GET /api/deen/prayer-times HTTP/1.1" 200 OK
[DEEN API] Serving cached prayer times for 2026-06-17
INFO:     127.0.0.1:59224 - "GET /api/deen/prayer-times HTTP/1.1" 200 OK
[SCHEDULER] Cache miss for 2026-06-17. Fetching from API...
[DEEN API] Serving cached prayer times for 2026-06-17
INFO:     127.0.0.1:59227 - "GET /api/deen/prayer-times HTTP/1.1" 200 OK
[DEEN API] Serving cached prayer times for 2026-06-17
INFO:     127.0.0.1:59237 - "GET /api/deen/prayer-times HTTP/1.1" 200 OK
[SCHEDULER] Cache miss for 2026-06-17. Fetching from API...
[DEEN API] Serving cached prayer times for 2026-06-17
INFO:     127.0.0.1:59245 - "GET /api/deen/prayer-times HTTP/1.1" 200 OK
[DEEN API] Serving cached prayer times for 2026-06-17
INFO:     127.0.0.1:59247 - "GET /api/deen/prayer-times HTTP/1.1" 200 OK
[SCHEDULER] Cache miss for 2026-06-17. Fetching from API...
[DEEN API] Serving cached prayer times for 2026-06-17
INFO:     127.0.0.1:59249 - "GET /api/deen/prayer-times HTTP/1.1" 200 OK
[DEEN API] Serving cached prayer times for 2026-06-17
INFO:     127.0.0.1:59266 - "GET /api/deen/prayer-times HTTP/1.1" 200 OK
[SCHEDULER] Cache miss for 2026-06-17. Fetching from API...
[DEEN API] Serving cached prayer times for 2026-06-17
INFO:     127.0.0.1:59272 - "GET /api/deen/prayer-times HTTP/1.1" 200 OK
[DEEN API] Serving cached prayer times for 2026-06-17
INFO:     127.0.0.1:59274 - "GET /api/deen/prayer-times HTTP/1.1" 200 OK
[SCHEDULER] Cache miss for 2026-06-17. Fetching from API...
[DEEN API] Serving cached prayer times for 2026-06-17
INFO:     127.0.0.1:59276 - "GET /api/deen/prayer-times HTTP/1.1" 200 OK
[DEEN API] Serving cached prayer times for 2026-06-17
INFO:     127.0.0.1:59280 - "GET /api/deen/prayer-times HTTP/1.1" 200 OK
[SCHEDULER] Cache miss for 2026-06-17. Fetching from API...
[DEEN API] Serving cached prayer times for 2026-06-17
INFO:     127.0.0.1:59297 - "GET /api/deen/prayer-times HTTP/1.1" 200 OK
[DEEN API] Serving cached prayer times for 2026-06-17
INFO:     127.0.0.1:59300 - "GET /api/deen/prayer-times HTTP/1.1" 200 OK
[SCHEDULER] Cache miss for 2026-06-17. Fetching from API...
[DEEN API] Serving cached prayer times for 2026-06-17
INFO:     127.0.0.1:59303 - "GET /api/deen/prayer-times HTTP/1.1" 200 OK
[DEEN API] Serving cached prayer times for 2026-06-17
INFO:     127.0.0.1:59305 - "GET /api/deen/prayer-times HTTP/1.1" 200 OK
[SCHEDULER] Cache miss for 2026-06-17. Fetching from API...
[DEEN API] Serving cached prayer times for 2026-06-17
INFO:     127.0.0.1:59307 - "GET /api/deen/prayer-times HTTP/1.1" 200 OK
[DEEN API] Serving cached prayer times for 2026-06-17
INFO:     127.0.0.1:59315 - "GET /api/deen/prayer-times HTTP/1.1" 200 OK
[SCHEDULER] Cache miss for 2026-06-17. Fetching from API...
[DEEN API] Serving cached prayer times for 2026-06-17
INFO:     127.0.0.1:59317 - "GET /api/deen/prayer-times HTTP/1.1" 200 OK
INFO:     127.0.0.1:59319 - "GET /api/wellness/fast/today HTTP/1.1" 200 OK
[DEEN API] Serving cached prayer times for 2026-06-17
INFO:     127.0.0.1:59321 - "GET /api/deen/prayer-times HTTP/1.1" 200 OK
[SCHEDULER] Cache miss for 2026-06-17. Fetching from API...
[DEEN API] Serving cached prayer times for 2026-06-17
INFO:     127.0.0.1:59323 - "GET /api/deen/prayer-times HTTP/1.1" 200 OK
[DEEN API] Serving cached prayer times for 2026-06-17
INFO:     127.0.0.1:59325 - "GET /api/deen/prayer-times HTTP/1.1" 200 OK
[SCHEDULER] Cache miss for 2026-06-17. Fetching from API...
[DEEN API] Serving cached prayer times for 2026-06-17
INFO:     127.0.0.1:59339 - "GET /api/deen/prayer-times HTTP/1.1" 200 OK
[DEEN API] Serving cached prayer times for 2026-06-17
INFO:     127.0.0.1:59349 - "GET /api/deen/prayer-times HTTP/1.1" 200 OK
[SCHEDULER] Cache miss for 2026-06-17. Fetching from API...
[DEEN API] Serving cached prayer times for 2026-06-17
INFO:     127.0.0.1:59353 - "GET /api/deen/prayer-times HTTP/1.1" 200 OK
[DEEN API] Serving cached prayer times for 2026-06-17
INFO:     127.0.0.1:59355 - "GET /api/deen/prayer-times HTTP/1.1" 200 OK
[SCHEDULER] Cache miss for 2026-06-17. Fetching from API...
[DEEN API] Serving cached prayer times for 2026-06-17
INFO:     127.0.0.1:59357 - "GET /api/deen/prayer-times HTTP/1.1" 200 OK
[DEEN API] Serving cached prayer times for 2026-06-17
INFO:     127.0.0.1:59363 - "GET /api/deen/prayer-times HTTP/1.1" 200 OK
INFO:     10.255.234.228:42548 - "OPTIONS /api/wellness/sleep/today HTTP/1.1" 204 No Content
INFO:     10.255.234.228:42550 - "OPTIONS /api/wellness/fast/today HTTP/1.1" 204 No Content
INFO:     10.255.234.228:42554 - "OPTIONS /api/wellness/hydration/today HTTP/1.1" 204 No Content
INFO:     10.255.234.228:42564 - "OPTIONS /api/wellness/readiness/today HTTP/1.1" 204 No Content
INFO:     10.255.234.228:42564 - "GET /api/wellness/sleep/today HTTP/1.1" 200 OK
INFO:     10.255.234.228:42548 - "GET /api/wellness/readiness/today HTTP/1.1" 200 OK
INFO:     10.255.234.228:42554 - "GET /api/wellness/fast/today HTTP/1.1" 200 OK
INFO:     10.255.234.228:42550 - "GET /api/wellness/hydration/today HTTP/1.1" 200 OK
[SCHEDULER] Cache miss for 2026-06-17. Fetching from API...
[DEEN API] Serving cached prayer times for 2026-06-17
INFO:     127.0.0.1:59371 - "GET /api/deen/prayer-times HTTP/1.1" 200 OK
[DEEN API] Serving cached prayer times for 2026-06-17
INFO:     127.0.0.1:59373 - "GET /api/deen/prayer-times HTTP/1.1" 200 OK
[SCHEDULER] Cache miss for 2026-06-17. Fetching from API...
[DEEN API] Serving cached prayer times for 2026-06-17
INFO:     127.0.0.1:59377 - "GET /api/deen/prayer-times HTTP/1.1" 200 OK
[DEEN API] Serving cached prayer times for 2026-06-17
INFO:     127.0.0.1:59380 - "GET /api/deen/prayer-times HTTP/1.1" 200 OK
[SCHEDULER] Cache miss for 2026-06-17. Fetching from API...
[DEEN API] Serving cached prayer times for 2026-06-17
INFO:     127.0.0.1:59382 - "GET /api/deen/prayer-times HTTP/1.1" 200 OK
[DEEN API] Serving cached prayer times for 2026-06-17
INFO:     127.0.0.1:59386 - "GET /api/deen/prayer-times HTTP/1.1" 200 OK
[SCHEDULER] Cache miss for 2026-06-17. Fetching from API...
[DEEN API] Serving cached prayer times for 2026-06-17
INFO:     127.0.0.1:59388 - "GET /api/deen/prayer-times HTTP/1.1" 200 OK
INFO:     10.255.234.228:51702 - "OPTIONS /api/workout/today HTTP/1.1" 204 No Content
INFO:     10.255.234.228:51716 - "OPTIONS /api/workout/history?last=10 HTTP/1.1" 204 No Content
INFO:     10.255.234.228:51722 - "OPTIONS /api/workout/heatmap?days=7 HTTP/1.1" 204 No Content
INFO:     10.255.234.228:51734 - "OPTIONS /api/workout/home-protocol/today HTTP/1.1" 204 No Content
INFO:     10.255.234.228:51716 - "GET /api/workout/today HTTP/1.1" 200 OK
INFO:     10.255.234.228:51722 - "GET /api/workout/history?last=10 HTTP/1.1" 200 OK
INFO:     10.255.234.228:51734 - "GET /api/workout/home-protocol/today HTTP/1.1" 200 OK
INFO:     10.255.234.228:51702 - "GET /api/workout/heatmap?days=7 HTTP/1.1" 200 OK
[DEEN API] Serving cached prayer times for 2026-06-17
INFO:     127.0.0.1:59391 - "GET /api/deen/prayer-times HTTP/1.1" 200 OK
[SCHEDULER] Cache miss for 2026-06-17. Fetching from API...
[DEEN API] Serving cached prayer times for 2026-06-17
INFO:     127.0.0.1:59397 - "GET /api/deen/prayer-times HTTP/1.1" 200 OK
[DEEN API] Serving cached prayer times for 2026-06-17
INFO:     127.0.0.1:59409 - "GET /api/deen/prayer-times HTTP/1.1" 200 OK
[SCHEDULER] Cache miss for 2026-06-17. Fetching from API...
[DEEN API] Serving cached prayer times for 2026-06-17
INFO:     127.0.0.1:59411 - "GET /api/deen/prayer-times HTTP/1.1" 200 OK
INFO:     127.0.0.1:59416 - "GET /api/workout/today HTTP/1.1" 200 OK
INFO:     127.0.0.1:59418 - "POST /api/push/send HTTP/1.1" 503 Service Unavailable
[DEEN API] Serving cached prayer times for 2026-06-17
INFO:     127.0.0.1:59420 - "GET /api/deen/prayer-times HTTP/1.1" 200 OK
INFO:     10.255.234.228:48702 - "GET /api/workout/today HTTP/1.1" 200 OK
INFO:     10.255.234.228:48704 - "GET /api/workout/history?last=10 HTTP/1.1" 200 OK
INFO:     10.255.234.228:48722 - "GET /api/workout/home-protocol/today HTTP/1.1" 200 OK
INFO:     10.255.234.228:48716 - "GET /api/workout/heatmap?days=7 HTTP/1.1" 200 OK
INFO:     10.255.234.228:48716 - "OPTIONS /api/workout/home-protocol/increment HTTP/1.1" 204 No Content
INFO:     10.255.234.228:48716 - "POST /api/workout/home-protocol/increment HTTP/1.1" 200 OK
INFO:     10.255.234.228:48722 - "POST /api/workout/home-protocol/increment HTTP/1.1" 200 OK
INFO:     10.255.234.228:48716 - "POST /api/workout/home-protocol/increment HTTP/1.1" 200 OK
INFO:     10.255.234.228:48716 - "POST /api/workout/home-protocol/increment HTTP/1.1" 200 OK
INFO:     10.255.234.228:48716 - "GET /api/workout/heatmap?days=7 HTTP/1.1" 200 OK
INFO:     10.255.234.228:48716 - "POST /api/workout/home-protocol/increment HTTP/1.1" 200 OK
INFO:     127.0.0.1:59427 - "GET /api/workout/today HTTP/1.1" 200 OK
INFO:     127.0.0.1:59429 - "POST /api/push/send HTTP/1.1" 503 Service Unavailable
[SCHEDULER] Push dispatched: 0 devices notified.
[SCHEDULER] Cache miss for 2026-06-17. Fetching from API...
[DEEN API] Serving cached prayer times for 2026-06-17
INFO:     127.0.0.1:59431 - "GET /api/deen/prayer-times HTTP/1.1" 200 OK
INFO:     10.255.234.228:41142 - "POST /api/workout/home-protocol/increment HTTP/1.1" 200 OK
INFO:     10.255.234.228:41158 - "POST /api/workout/home-protocol/increment HTTP/1.1" 200 OK
INFO:     10.255.234.228:41162 - "POST /api/workout/home-protocol/increment HTTP/1.1" 200 OK
INFO:     10.255.234.228:41158 - "POST /api/workout/home-protocol/increment HTTP/1.1" 200 OK
INFO:     10.255.234.228:41162 - "POST /api/workout/home-protocol/increment HTTP/1.1" 200 OK
INFO:     10.255.234.228:41158 - "POST /api/workout/home-protocol/increment HTTP/1.1" 200 OK
INFO:     10.255.234.228:41180 - "POST /api/workout/home-protocol/increment HTTP/1.1" 200 OK
INFO:     10.255.234.228:41166 - "POST /api/workout/home-protocol/increment HTTP/1.1" 200 OK
INFO:     10.255.234.228:41162 - "POST /api/workout/home-protocol/increment HTTP/1.1" 200 OK
INFO:     10.255.234.228:48716 - "GET /api/workout/heatmap?days=7 HTTP/1.1" 200 OK
INFO:     10.255.234.228:48716 - "POST /api/workout/home-protocol/increment HTTP/1.1" 200 OK
INFO:     10.255.234.228:41162 - "POST /api/workout/home-protocol/increment HTTP/1.1" 200 OK
INFO:     10.255.234.228:41162 - "POST /api/workout/home-protocol/increment HTTP/1.1" 200 OK
INFO:     10.255.234.228:48716 - "POST /api/workout/home-protocol/increment HTTP/1.1" 200 OK
INFO:     10.255.234.228:41166 - "POST /api/workout/home-protocol/increment HTTP/1.1" 200 OK
INFO:     10.255.234.228:48716 - "POST /api/workout/home-protocol/increment HTTP/1.1" 200 OK
INFO:     10.255.234.228:41162 - "POST /api/workout/home-protocol/increment HTTP/1.1" 200 OK
INFO:     10.255.234.228:48716 - "POST /api/workout/home-protocol/increment HTTP/1.1" 200 OK
INFO:     10.255.234.228:41162 - "POST /api/workout/home-protocol/increment HTTP/1.1" 200 OK
INFO:     10.255.234.228:48716 - "POST /api/workout/home-protocol/increment HTTP/1.1" 200 OK
INFO:     10.255.234.228:48716 - "POST /api/workout/home-protocol/increment HTTP/1.1" 200 OK
INFO:     10.255.234.228:41162 - "POST /api/workout/home-protocol/increment HTTP/1.1" 200 OK
INFO:     10.255.234.228:41162 - "POST /api/workout/home-protocol/increment HTTP/1.1" 200 OK
INFO:     10.255.234.228:48716 - "POST /api/workout/home-protocol/increment HTTP/1.1" 200 OK
INFO:     10.255.234.228:41162 - "POST /api/workout/home-protocol/increment HTTP/1.1" 200 OK
INFO:     10.255.234.228:48716 - "POST /api/workout/home-protocol/increment HTTP/1.1" 200 OK
INFO:     10.255.234.228:41166 - "POST /api/workout/home-protocol/increment HTTP/1.1" 200 OK
INFO:     10.255.234.228:41166 - "POST /api/workout/home-protocol/increment HTTP/1.1" 200 OK
INFO:     10.255.234.228:48716 - "POST /api/workout/home-protocol/increment HTTP/1.1" 200 OK
INFO:     10.255.234.228:41166 - "POST /api/workout/home-protocol/increment HTTP/1.1" 200 OK
INFO:     10.255.234.228:48716 - "POST /api/workout/home-protocol/increment HTTP/1.1" 200 OK
INFO:     10.255.234.228:41166 - "POST /api/workout/home-protocol/increment HTTP/1.1" 200 OK
INFO:     10.255.234.228:48716 - "POST /api/workout/home-protocol/increment HTTP/1.1" 200 OK
INFO:     10.255.234.228:41166 - "POST /api/workout/home-protocol/increment HTTP/1.1" 200 OK
INFO:     10.255.234.228:41162 - "POST /api/workout/home-protocol/increment HTTP/1.1" 200 OK
INFO:     10.255.234.228:41166 - "POST /api/workout/home-protocol/increment HTTP/1.1" 200 OK
INFO:     10.255.234.228:41162 - "POST /api/workout/home-protocol/increment HTTP/1.1" 200 OK
INFO:     10.255.234.228:41162 - "POST /api/workout/home-protocol/increment HTTP/1.1" 200 OK
INFO:     10.255.234.228:41166 - "POST /api/workout/home-protocol/increment HTTP/1.1" 200 OK
INFO:     10.255.234.228:41162 - "POST /api/workout/home-protocol/increment HTTP/1.1" 200 OK
INFO:     10.255.234.228:41162 - "POST /api/workout/home-protocol/increment HTTP/1.1" 200 OK
INFO:     10.255.234.228:41166 - "POST /api/workout/home-protocol/increment HTTP/1.1" 200 OK
INFO:     10.255.234.228:41162 - "POST /api/workout/home-protocol/increment HTTP/1.1" 200 OK
INFO:     10.255.234.228:41166 - "POST /api/workout/home-protocol/increment HTTP/1.1" 200 OK
INFO:     10.255.234.228:41162 - "POST /api/workout/home-protocol/increment HTTP/1.1" 200 OK
INFO:     10.255.234.228:41166 - "POST /api/workout/home-protocol/increment HTTP/1.1" 200 OK
INFO:     10.255.234.228:41162 - "POST /api/workout/home-protocol/increment HTTP/1.1" 200 OK
INFO:     10.255.234.228:41166 - "POST /api/workout/home-protocol/increment HTTP/1.1" 200 OK
INFO:     10.255.234.228:41162 - "POST /api/workout/home-protocol/increment HTTP/1.1" 200 OK
INFO:     10.255.234.228:41166 - "POST /api/workout/home-protocol/increment HTTP/1.1" 200 OK
INFO:     10.255.234.228:41162 - "POST /api/workout/home-protocol/increment HTTP/1.1" 200 OK
INFO:     10.255.234.228:41166 - "POST /api/workout/home-protocol/increment HTTP/1.1" 200 OK
INFO:     10.255.234.228:41162 - "POST /api/workout/home-protocol/increment HTTP/1.1" 200 OK
INFO:     10.255.234.228:48716 - "POST /api/workout/home-protocol/increment HTTP/1.1" 200 OK
INFO:     10.255.234.228:41166 - "POST /api/workout/home-protocol/increment HTTP/1.1" 200 OK
INFO:     10.255.234.228:41162 - "POST /api/workout/home-protocol/increment HTTP/1.1" 200 OK
INFO:     10.255.234.228:48716 - "POST /api/workout/home-protocol/increment HTTP/1.1" 200 OK
INFO:     10.255.234.228:41162 - "POST /api/workout/home-protocol/increment HTTP/1.1" 200 OK
INFO:     10.255.234.228:41166 - "POST /api/workout/home-protocol/increment HTTP/1.1" 200 OK
INFO:     10.255.234.228:41166 - "POST /api/workout/home-protocol/increment HTTP/1.1" 200 OK
INFO:     10.255.234.228:41162 - "POST /api/workout/home-protocol/increment HTTP/1.1" 200 OK
INFO:     10.255.234.228:41166 - "POST /api/workout/home-protocol/increment HTTP/1.1" 200 OK
INFO:     10.255.234.228:48716 - "POST /api/workout/home-protocol/increment HTTP/1.1" 200 OK
INFO:     10.255.234.228:41166 - "POST /api/workout/home-protocol/increment HTTP/1.1" 200 OK
INFO:     10.255.234.228:48716 - "POST /api/workout/home-protocol/increment HTTP/1.1" 200 OK
INFO:     10.255.234.228:48716 - "POST /api/workout/home-protocol/increment HTTP/1.1" 200 OK
INFO:     10.255.234.228:41166 - "POST /api/workout/home-protocol/increment HTTP/1.1" 200 OK
INFO:     10.255.234.228:41166 - "POST /api/workout/home-protocol/increment HTTP/1.1" 200 OK
INFO:     10.255.234.228:48716 - "POST /api/workout/home-protocol/increment HTTP/1.1" 200 OK
INFO:     10.255.234.228:48716 - "POST /api/workout/home-protocol/increment HTTP/1.1" 200 OK
INFO:     10.255.234.228:41166 - "POST /api/workout/home-protocol/increment HTTP/1.1" 200 OK
INFO:     10.255.234.228:41166 - "POST /api/workout/home-protocol/increment HTTP/1.1" 200 OK
INFO:     10.255.234.228:48716 - "POST /api/workout/home-protocol/increment HTTP/1.1" 200 OK
INFO:     10.255.234.228:41166 - "POST /api/workout/home-protocol/increment HTTP/1.1" 200 OK
INFO:     10.255.234.228:41162 - "POST /api/workout/home-protocol/increment HTTP/1.1" 200 OK
INFO:     10.255.234.228:48716 - "POST /api/workout/home-protocol/increment HTTP/1.1" 200 OK
INFO:     10.255.234.228:41162 - "POST /api/workout/home-protocol/increment HTTP/1.1" 200 OK
INFO:     10.255.234.228:48716 - "POST /api/workout/home-protocol/increment HTTP/1.1" 200 OK
INFO:     10.255.234.228:41162 - "POST /api/workout/home-protocol/increment HTTP/1.1" 200 OK
INFO:     10.255.234.228:41162 - "POST /api/workout/home-protocol/increment HTTP/1.1" 200 OK
INFO:     10.255.234.228:48716 - "POST /api/workout/home-protocol/increment HTTP/1.1" 200 OK
INFO:     10.255.234.228:41166 - "POST /api/workout/home-protocol/increment HTTP/1.1" 200 OK
INFO:     10.255.234.228:48716 - "POST /api/workout/home-protocol/increment HTTP/1.1" 200 OK
INFO:     10.255.234.228:41166 - "POST /api/workout/home-protocol/increment HTTP/1.1" 200 OK
INFO:     10.255.234.228:48716 - "POST /api/workout/home-protocol/increment HTTP/1.1" 200 OK
INFO:     10.255.234.228:41166 - "POST /api/workout/home-protocol/increment HTTP/1.1" 200 OK
INFO:     10.255.234.228:48716 - "POST /api/workout/home-protocol/increment HTTP/1.1" 200 OK
INFO:     10.255.234.228:41166 - "POST /api/workout/home-protocol/increment HTTP/1.1" 200 OK
INFO:     10.255.234.228:48716 - "POST /api/workout/home-protocol/increment HTTP/1.1" 200 OK
INFO:     10.255.234.228:48716 - "POST /api/workout/home-protocol/increment HTTP/1.1" 200 OK
INFO:     10.255.234.228:48716 - "POST /api/workout/home-protocol/increment HTTP/1.1" 200 OK
INFO:     10.255.234.228:41166 - "POST /api/workout/home-protocol/increment HTTP/1.1" 200 OK
INFO:     10.255.234.228:41166 - "POST /api/workout/home-protocol/increment HTTP/1.1" 200 OK
INFO:     10.255.234.228:41166 - "POST /api/workout/home-protocol/increment HTTP/1.1" 200 OK
INFO:     10.255.234.228:41166 - "POST /api/workout/home-protocol/increment HTTP/1.1" 200 OK
INFO:     10.255.234.228:41166 - "GET /api/workout/heatmap?days=7 HTTP/1.1" 200 OK
[DEEN API] Serving cached prayer times for 2026-06-17
INFO:     127.0.0.1:59437 - "GET /api/deen/prayer-times HTTP/1.1" 200 OK
[SCHEDULER] Cache miss for 2026-06-17. Fetching from API...
[SCHEDULER] Failed to load prayer timings from API: HTTPConnectionPool(host='localhost', port=8001): Read timed out. (read timeout=10)
[DEEN API] Serving cached prayer times for 2026-06-17
INFO:     127.0.0.1:59440 - "GET /api/deen/prayer-times HTTP/1.1" 200 OK
INFO:     10.255.234.228:35928 - "OPTIONS /api/workout/session/start?target_date=2026-06-17 HTTP/1.1" 204 No Content
INFO:     10.255.234.228:35932 - "OPTIONS /api/workout/history?last=50 HTTP/1.1" 204 No Content
INFO:     10.255.234.228:35928 - "GET /api/workout/history?last=50 HTTP/1.1" 200 OK
INFO:     10.255.234.228:35932 - "POST /api/workout/session/start?target_date=2026-06-17 HTTP/1.1" 200 OK
INFO:     10.255.234.228:35928 - "GET /api/workout/today HTTP/1.1" 200 OK
INFO:     10.255.234.228:35928 - "OPTIONS /api/workout/exercise/Barbell%20Squats?target_date=2026-06-17 HTTP/1.1" 204 No Content
INFO:     10.255.234.228:35932 - "OPTIONS /api/workout/exercise/Flat%20Bench%20Press?target_date=2026-06-17 HTTP/1.1" 204 No Content
INFO:     10.255.234.228:35934 - "OPTIONS /api/workout/exercise/Barbell%20Rows?target_date=2026-06-17 HTTP/1.1" 204 No Content
INFO:     10.255.234.228:35946 - "OPTIONS /api/workout/exercise/Overhead%20Press?target_date=2026-06-17 HTTP/1.1" 204 No Content
INFO:     10.255.234.228:35948 - "OPTIONS /api/workout/exercise/Deadlifts?target_date=2026-06-17 HTTP/1.1" 204 No Content
INFO:     10.255.234.228:35932 - "GET /api/workout/exercise/Barbell%20Squats?target_date=2026-06-17 HTTP/1.1" 200 OK
INFO:     10.255.234.228:35946 - "GET /api/workout/exercise/Overhead%20Press?target_date=2026-06-17 HTTP/1.1" 200 OK
INFO:     10.255.234.228:35928 - "GET /api/workout/exercise/Deadlifts?target_date=2026-06-17 HTTP/1.1" 200 OK
INFO:     10.255.234.228:35948 - "GET /api/workout/exercise/Barbell%20Rows?target_date=2026-06-17 HTTP/1.1" 200 OK
INFO:     10.255.234.228:35934 - "GET /api/workout/exercise/Flat%20Bench%20Press?target_date=2026-06-17 HTTP/1.1" 200 OK
[DEEN API] Serving cached prayer times for 2026-06-17
INFO:     127.0.0.1:59448 - "GET /api/deen/prayer-times HTTP/1.1" 200 OK
INFO:     10.255.234.228:57332 - "OPTIONS /api/workout/log HTTP/1.1" 204 No Content
INFO:     10.255.234.228:57332 - "POST /api/workout/log HTTP/1.1" 200 OK
INFO:     10.255.234.228:57332 - "GET /api/workout/today HTTP/1.1" 200 OK
INFO:     10.255.234.228:57336 - "GET /api/workout/history?last=10 HTTP/1.1" 200 OK
INFO:     10.255.234.228:57358 - "GET /api/workout/home-protocol/today HTTP/1.1" 200 OK
INFO:     10.255.234.228:57346 - "GET /api/workout/heatmap?days=7 HTTP/1.1" 200 OK
INFO:     10.255.234.228:54404 - "GET /api/workout/today HTTP/1.1" 200 OK
INFO:     10.255.234.228:54416 - "GET /api/workout/history?last=10 HTTP/1.1" 200 OK
INFO:     10.255.234.228:54424 - "GET /api/workout/home-protocol/today HTTP/1.1" 200 OK
INFO:     10.255.234.228:54420 - "GET /api/workout/heatmap?days=7 HTTP/1.1" 200 OK
INFO:     10.255.234.228:54420 - "POST /api/workout/home-protocol/increment HTTP/1.1" 200 OK
INFO:     10.255.234.228:54420 - "GET /api/workout/heatmap?days=7 HTTP/1.1" 200 OK
[SCHEDULER] Cache miss for 2026-06-17. Fetching from API...
[DEEN API] Serving cached prayer times for 2026-06-17
INFO:     127.0.0.1:59452 - "GET /api/deen/prayer-times HTTP/1.1" 200 OK
[DEEN API] Serving cached prayer times for 2026-06-17
INFO:     127.0.0.1:59454 - "GET /api/deen/prayer-times HTTP/1.1" 200 OK
[SCHEDULER] Cache miss for 2026-06-17. Fetching from API...
[DEEN API] Serving cached prayer times for 2026-06-17
INFO:     127.0.0.1:59460 - "GET /api/deen/prayer-times HTTP/1.1" 200 OK
[DEEN API] Serving cached prayer times for 2026-06-17
INFO:     127.0.0.1:59464 - "GET /api/deen/prayer-times HTTP/1.1" 200 OK
[SCHEDULER] Cache miss for 2026-06-17. Fetching from API...
[DEEN API] Serving cached prayer times for 2026-06-17
INFO:     127.0.0.1:59466 - "GET /api/deen/prayer-times HTTP/1.1" 200 OK
[DEEN API] Serving cached prayer times for 2026-06-17
INFO:     127.0.0.1:59468 - "GET /api/deen/prayer-times HTTP/1.1" 200 OK
[SCHEDULER] Cache miss for 2026-06-17. Fetching from API...
[DEEN API] Serving cached prayer times for 2026-06-17
INFO:     127.0.0.1:59473 - "GET /api/deen/prayer-times HTTP/1.1" 200 OK
INFO:     10.255.234.228:36534 - "GET /api/workout/home-protocol/today HTTP/1.1" 200 OK
INFO:     10.255.234.228:36502 - "GET /api/workout/history?last=10 HTTP/1.1" 200 OK
INFO:     10.255.234.228:36514 - "GET /api/workout/today HTTP/1.1" 200 OK
INFO:     10.255.234.228:36528 - "GET /api/workout/heatmap?days=7 HTTP/1.1" 200 OK
INFO:     10.255.234.228:36528 - "POST /api/workout/home-protocol/increment HTTP/1.1" 200 OK
INFO:     10.255.234.228:36528 - "POST /api/workout/home-protocol/increment HTTP/1.1" 200 OK
[DEEN API] Serving cached prayer times for 2026-06-17
INFO:     127.0.0.1:59475 - "GET /api/deen/prayer-times HTTP/1.1" 200 OK
INFO:     10.255.234.228:36528 - "POST /api/workout/home-protocol/increment HTTP/1.1" 200 OK
INFO:     10.255.234.228:36528 - "POST /api/workout/home-protocol/increment HTTP/1.1" 200 OK
INFO:     10.255.234.228:36528 - "POST /api/workout/home-protocol/increment HTTP/1.1" 200 OK
INFO:     10.255.234.228:36528 - "POST /api/workout/home-protocol/increment HTTP/1.1" 200 OK
INFO:     10.255.234.228:36528 - "POST /api/workout/home-protocol/increment HTTP/1.1" 200 OK
INFO:     10.255.234.228:36528 - "POST /api/workout/home-protocol/increment HTTP/1.1" 200 OK
INFO:     10.255.234.228:36528 - "POST /api/workout/home-protocol/increment HTTP/1.1" 200 OK
INFO:     10.255.234.228:36528 - "POST /api/workout/home-protocol/increment HTTP/1.1" 200 OK
INFO:     10.255.234.228:37668 - "POST /api/workout/home-protocol/increment HTTP/1.1" 200 OK
INFO:     10.255.234.228:36528 - "POST /api/workout/home-protocol/increment HTTP/1.1" 200 OK
INFO:     10.255.234.228:36528 - "POST /api/workout/home-protocol/increment HTTP/1.1" 200 OK
INFO:     10.255.234.228:36528 - "POST /api/workout/home-protocol/increment HTTP/1.1" 200 OK
INFO:     10.255.234.228:36528 - "GET /api/workout/heatmap?days=7 HTTP/1.1" 200 OK
[SCHEDULER] Cache miss for 2026-06-17. Fetching from API...
[DEEN API] Serving cached prayer times for 2026-06-17
INFO:     127.0.0.1:59482 - "GET /api/deen/prayer-times HTTP/1.1" 200 OK
[DEEN API] Serving cached prayer times for 2026-06-17
INFO:     127.0.0.1:59484 - "GET /api/deen/prayer-times HTTP/1.1" 200 OK
[SCHEDULER] Cache miss for 2026-06-17. Fetching from API...
[DEEN API] Serving cached prayer times for 2026-06-17
INFO:     127.0.0.1:59489 - "GET /api/deen/prayer-times HTTP/1.1" 200 OK
[DEEN API] Serving cached prayer times for 2026-06-17
INFO:     127.0.0.1:59492 - "GET /api/deen/prayer-times HTTP/1.1" 200 OK
[SCHEDULER] Cache miss for 2026-06-17. Fetching from API...
[DEEN API] Serving cached prayer times for 2026-06-17
INFO:     127.0.0.1:59497 - "GET /api/deen/prayer-times HTTP/1.1" 200 OK
[DEEN API] Serving cached prayer times for 2026-06-17
INFO:     127.0.0.1:59503 - "GET /api/deen/prayer-times HTTP/1.1" 200 OK
[SCHEDULER] Cache miss for 2026-06-17. Fetching from API...
[DEEN API] Serving cached prayer times for 2026-06-17
INFO:     127.0.0.1:59513 - "GET /api/deen/prayer-times HTTP/1.1" 200 OK
[DEEN API] Serving cached prayer times for 2026-06-17
INFO:     127.0.0.1:59523 - "GET /api/deen/prayer-times HTTP/1.1" 200 OK
[SCHEDULER] Cache miss for 2026-06-17. Fetching from API...
[DEEN API] Serving cached prayer times for 2026-06-17
INFO:     127.0.0.1:59562 - "GET /api/deen/prayer-times HTTP/1.1" 200 OK
INFO:     127.0.0.1:59566 - "GET /api/wellness/fast/today HTTP/1.1" 200 OK
[DEEN API] Serving cached prayer times for 2026-06-17
INFO:     127.0.0.1:59571 - "GET /api/deen/prayer-times HTTP/1.1" 200 OK
INFO:     127.0.0.1:59573 - "GET /api/wellness/fast/today HTTP/1.1" 200 OK
INFO:     127.0.0.1:59576 - "GET /folder/deen.txt HTTP/1.1" 200 OK
INFO:     127.0.0.1:59579 - "GET /workout.txt HTTP/1.1" 200 OK
INFO:     127.0.0.1:59581 - "GET /folder/deen HTTP/1.1" 404 Not Found
[SCHEDULER] Cache miss for 2026-06-17. Fetching from API...
[DEEN API] Serving cached prayer times for 2026-06-17
INFO:     127.0.0.1:59588 - "GET /api/deen/prayer-times HTTP/1.1" 200 OK
[DEEN API] Serving cached prayer times for 2026-06-17
INFO:     127.0.0.1:59591 - "GET /api/deen/prayer-times HTTP/1.1" 200 OK
INFO:     127.0.0.1:59598 - "GET /folder/deen HTTP/1.1" 404 Not Found
[SCHEDULER] Cache miss for 2026-06-17. Fetching from API...
[DEEN API] Serving cached prayer times for 2026-06-17
INFO:     127.0.0.1:59600 - "GET /api/deen/prayer-times HTTP/1.1" 200 OK
[DEEN API] Serving cached prayer times for 2026-06-17
INFO:     127.0.0.1:59602 - "GET /api/deen/prayer-times HTTP/1.1" 200 OK
[SCHEDULER] Cache miss for 2026-06-17. Fetching from API...
[DEEN API] Serving cached prayer times for 2026-06-17
INFO:     127.0.0.1:59610 - "GET /api/deen/prayer-times HTTP/1.1" 200 OK
[DEEN API] Serving cached prayer times for 2026-06-17
INFO:     127.0.0.1:59618 - "GET /api/deen/prayer-times HTTP/1.1" 200 OK
INFO:     Shutting down
INFO:     Waiting for application shutdown.
INFO:     Application shutdown complete.
INFO:     Finished server process [27822]
INFO:     Stopping reloader process [27798]
 ✓ Compiled in 3.6s (254 modules)
 ✓ Compiled in 1756ms (254 modules)
 ✓ Compiled in 583ms (254 modules)
 ✓ Compiled in 487ms (254 modules)
 ✓ Compiled in 862ms (660 modules)
 ✓ Compiled in 460ms (256 modules)
 ✓ Compiled in 1413ms (256 modules)
 ✓ Compiled in 584ms (256 modules)
 ✓ Compiled in 527ms (256 modules)
 ✓ Compiled in 329ms (256 modules)
 ✓ Compiled in 617ms (660 modules)
