0 verbose cli /usr/local/bin/node /usr/local/bin/npm
1 info using npm@11.11.0
2 info using node@v24.14.1
3 silly config load:file:/usr/local/lib/node_modules/npm/npmrc
4 silly config load:file:/Users/krdeeksha/Virtual-mind/frontend/.npmrc
5 silly config load:file:/Users/krdeeksha/.npmrc
6 silly config load:file:/usr/local/etc/npmrc
7 verbose title npm install
8 verbose argv "install" "--legacy-peer-deps" "--cache" "./.npm_cache"
9 verbose logfile logs-max:10 dir:/Users/krdeeksha/Virtual-mind/frontend/.npm_cache/_logs/2026-04-03T15_44_43_305Z-
10 verbose logfile /Users/krdeeksha/Virtual-mind/frontend/.npm_cache/_logs/2026-04-03T15_44_43_305Z-debug-0.log
11 silly logfile done cleaning log files
12 silly packumentCache heap:2348810240 maxSize:587202560 maxEntrySize:293601280
13 silly idealTree buildDeps
14 silly fetch manifest next@15.1.0
15 silly packumentCache full:https://registry.npmjs.org/next cache-miss
16 http fetch GET 200 https://registry.npmjs.org/npm 348ms
17 http fetch GET 200 https://registry.npmjs.org/next 555ms (cache miss)
18 silly packumentCache full:https://registry.npmjs.org/next set size:undefined disposed:false
19 silly fetch manifest react@19.0.0
20 silly packumentCache full:https://registry.npmjs.org/react cache-miss
21 http fetch GET 200 https://registry.npmjs.org/react 216ms (cache miss)
22 silly packumentCache full:https://registry.npmjs.org/react set size:undefined disposed:false
23 silly fetch manifest react-dom@19.0.0
24 silly packumentCache full:https://registry.npmjs.org/react-dom cache-miss
25 http fetch GET 200 https://registry.npmjs.org/react-dom 414ms (cache miss)
26 silly packumentCache full:https://registry.npmjs.org/react-dom set size:undefined disposed:false
27 silly fetch manifest three@^0.160.0
28 silly packumentCache full:https://registry.npmjs.org/three cache-miss
29 http fetch GET 200 https://registry.npmjs.org/three 75ms (cache miss)
30 silly packumentCache full:https://registry.npmjs.org/three set size:undefined disposed:false
31 silly fetch manifest @react-three/fiber@^9.0.0-rc.0
32 silly packumentCache full:https://registry.npmjs.org/@react-three%2ffiber cache-miss
33 http fetch GET 200 https://registry.npmjs.org/@react-three%2ffiber 333ms (cache miss)
34 silly packumentCache full:https://registry.npmjs.org/@react-three%2ffiber set size:undefined disposed:false
35 silly fetch manifest @react-three/drei@^10.0.0-rc.0
36 silly packumentCache full:https://registry.npmjs.org/@react-three%2fdrei cache-miss
37 http fetch GET 200 https://registry.npmjs.org/@react-three%2fdrei 408ms (cache miss)
38 silly packumentCache full:https://registry.npmjs.org/@react-three%2fdrei set size:undefined disposed:false
39 silly fetch manifest lucide-react@^0.312.0
40 silly packumentCache full:https://registry.npmjs.org/lucide-react cache-miss
41 http fetch GET 200 https://registry.npmjs.org/lucide-react 94ms (cache miss)
42 silly packumentCache full:https://registry.npmjs.org/lucide-react set size:undefined disposed:false
43 silly fetch manifest @tailwindcss/postcss@^4
44 silly packumentCache full:https://registry.npmjs.org/@tailwindcss%2fpostcss cache-miss
45 http fetch GET 200 https://registry.npmjs.org/@tailwindcss%2fpostcss 113ms (cache miss)
46 silly packumentCache full:https://registry.npmjs.org/@tailwindcss%2fpostcss set size:undefined disposed:false
47 silly fetch manifest @types/node@^20
48 silly packumentCache full:https://registry.npmjs.org/@types%2fnode cache-miss
49 http fetch GET 200 https://registry.npmjs.org/@types%2fnode 215ms (cache miss)
50 silly packumentCache full:https://registry.npmjs.org/@types%2fnode set size:undefined disposed:false
51 silly fetch manifest @types/react@^19
52 silly packumentCache full:https://registry.npmjs.org/@types%2freact cache-miss
53 http fetch GET 200 https://registry.npmjs.org/@types%2freact 126ms (cache miss)
54 silly packumentCache full:https://registry.npmjs.org/@types%2freact set size:undefined disposed:false
55 silly fetch manifest @types/react-dom@^19
56 silly packumentCache full:https://registry.npmjs.org/@types%2freact-dom cache-miss
57 http fetch GET 200 https://registry.npmjs.org/@types%2freact-dom 91ms (cache miss)
58 silly packumentCache full:https://registry.npmjs.org/@types%2freact-dom set size:undefined disposed:false
59 silly fetch manifest postcss@^8
60 silly packumentCache full:https://registry.npmjs.org/postcss cache-miss
61 http fetch GET 200 https://registry.npmjs.org/postcss 122ms (cache miss)
62 silly packumentCache full:https://registry.npmjs.org/postcss set size:undefined disposed:false
63 silly fetch manifest tailwindcss@^4
64 silly packumentCache full:https://registry.npmjs.org/tailwindcss cache-miss
65 http fetch GET 200 https://registry.npmjs.org/tailwindcss 204ms (cache miss)
66 silly packumentCache full:https://registry.npmjs.org/tailwindcss set size:undefined disposed:false
67 silly fetch manifest typescript@^5
68 silly packumentCache full:https://registry.npmjs.org/typescript cache-miss
69 http fetch GET 200 https://registry.npmjs.org/typescript 268ms (cache miss)
70 silly packumentCache full:https://registry.npmjs.org/typescript set size:undefined disposed:false
71 silly fetch manifest eslint@^9
72 silly packumentCache full:https://registry.npmjs.org/eslint cache-miss
73 http fetch GET 200 https://registry.npmjs.org/eslint 92ms (cache miss)
74 silly packumentCache full:https://registry.npmjs.org/eslint set size:undefined disposed:false
75 silly fetch manifest eslint-config-next@15.1.0
76 silly packumentCache full:https://registry.npmjs.org/eslint-config-next cache-miss
77 http fetch GET 200 https://registry.npmjs.org/eslint-config-next 172ms (cache miss)
78 silly packumentCache full:https://registry.npmjs.org/eslint-config-next set size:undefined disposed:false
79 silly fetch manifest @types/three@^0.160.0
80 silly packumentCache full:https://registry.npmjs.org/@types%2fthree cache-miss
81 http fetch GET 200 https://registry.npmjs.org/@types%2fthree 93ms (cache miss)
82 silly packumentCache full:https://registry.npmjs.org/@types%2fthree set size:undefined disposed:false
83 silly placeDep ROOT @react-three/drei@10.7.7 OK for: frontend@0.1.0 want: ^10.0.0-rc.0
84 silly placeDep ROOT @react-three/fiber@9.5.0 OK for: frontend@0.1.0 want: ^9.0.0-rc.0
85 silly placeDep ROOT @tailwindcss/postcss@4.2.2 OK for: frontend@0.1.0 want: ^4
86 silly placeDep ROOT @types/node@20.19.39 OK for: frontend@0.1.0 want: ^20
87 silly placeDep ROOT @types/react@19.2.14 OK for: frontend@0.1.0 want: ^19
88 silly placeDep ROOT @types/react-dom@19.2.3 OK for: frontend@0.1.0 want: ^19
89 silly placeDep ROOT @types/three@0.160.0 OK for: frontend@0.1.0 want: ^0.160.0
90 silly placeDep ROOT eslint@9.39.4 OK for: frontend@0.1.0 want: ^9
91 silly placeDep ROOT eslint-config-next@15.1.0 OK for: frontend@0.1.0 want: 15.1.0
92 silly placeDep ROOT lucide-react@0.312.0 OK for: frontend@0.1.0 want: ^0.312.0
93 silly placeDep ROOT next@15.1.0 OK for: frontend@0.1.0 want: 15.1.0
94 silly placeDep ROOT postcss@8.5.8 OK for: frontend@0.1.0 want: ^8
95 silly placeDep ROOT react@19.0.0 OK for: frontend@0.1.0 want: 19.0.0
96 silly placeDep ROOT react-dom@19.0.0 OK for: frontend@0.1.0 want: 19.0.0
97 silly placeDep ROOT tailwindcss@4.2.2 OK for: frontend@0.1.0 want: ^4
98 silly placeDep ROOT three@0.160.1 OK for: frontend@0.1.0 want: ^0.160.0
99 silly placeDep ROOT typescript@5.9.3 OK for: frontend@0.1.0 want: ^5
100 silly fetch manifest maath@^0.10.8
101 silly packumentCache full:https://registry.npmjs.org/maath cache-miss
102 silly fetch manifest hls.js@^1.5.17
103 silly packumentCache full:https://registry.npmjs.org/hls.js cache-miss
104 silly fetch manifest zustand@^5.0.1
105 silly packumentCache full:https://registry.npmjs.org/zustand cache-miss
106 silly fetch manifest meshline@^3.3.1
107 silly packumentCache full:https://registry.npmjs.org/meshline cache-miss
108 silly fetch manifest stats-gl@^2.2.8
109 silly packumentCache full:https://registry.npmjs.org/stats-gl cache-miss
110 silly fetch manifest stats.js@^0.17.0
111 silly packumentCache full:https://registry.npmjs.org/stats.js cache-miss
112 silly fetch manifest cross-env@^7.0.3
113 silly packumentCache full:https://registry.npmjs.org/cross-env cache-miss
114 http fetch GET 200 https://registry.npmjs.org/zustand 207ms (cache miss)
115 silly packumentCache full:https://registry.npmjs.org/zustand set size:undefined disposed:false
116 silly fetch manifest detect-gpu@^5.0.56
117 silly packumentCache full:https://registry.npmjs.org/detect-gpu cache-miss
118 http fetch GET 200 https://registry.npmjs.org/detect-gpu 90ms (cache miss)
119 silly packumentCache full:https://registry.npmjs.org/detect-gpu set size:undefined disposed:false
120 silly fetch manifest glsl-noise@^0.0.0
121 silly packumentCache full:https://registry.npmjs.org/glsl-noise cache-miss
122 http fetch GET 200 https://registry.npmjs.org/maath 353ms (cache miss)
123 silly packumentCache full:https://registry.npmjs.org/maath set size:undefined disposed:false
124 silly fetch manifest tunnel-rat@^0.1.2
125 silly packumentCache full:https://registry.npmjs.org/tunnel-rat cache-miss
126 http fetch GET 200 https://registry.npmjs.org/meshline 443ms (cache miss)
127 silly packumentCache full:https://registry.npmjs.org/meshline set size:undefined disposed:false
128 silly fetch manifest three-stdlib@^2.35.6
129 silly packumentCache full:https://registry.npmjs.org/three-stdlib cache-miss
130 http fetch GET 200 https://registry.npmjs.org/cross-env 450ms (cache miss)
131 silly packumentCache full:https://registry.npmjs.org/cross-env set size:undefined disposed:false
132 silly fetch manifest suspend-react@^0.1.3
133 silly packumentCache full:https://registry.npmjs.org/suspend-react cache-miss
134 http fetch GET 200 https://registry.npmjs.org/stats-gl 464ms (cache miss)
135 silly packumentCache full:https://registry.npmjs.org/stats-gl set size:undefined disposed:false
136 silly fetch manifest utility-types@^3.11.0
137 silly packumentCache full:https://registry.npmjs.org/utility-types cache-miss
138 http fetch GET 200 https://registry.npmjs.org/stats.js 473ms (cache miss)
139 silly packumentCache full:https://registry.npmjs.org/stats.js set size:undefined disposed:false
140 silly fetch manifest @babel/runtime@^7.26.0
141 silly packumentCache full:https://registry.npmjs.org/@babel%2fruntime cache-miss
142 http fetch GET 200 https://registry.npmjs.org/hls.js 549ms (cache miss)
143 silly packumentCache full:https://registry.npmjs.org/hls.js set size:undefined disposed:false
144 silly fetch manifest three-mesh-bvh@^0.8.3
145 silly packumentCache full:https://registry.npmjs.org/three-mesh-bvh cache-miss
146 http fetch GET 200 https://registry.npmjs.org/glsl-noise 375ms (cache miss)
147 silly packumentCache full:https://registry.npmjs.org/glsl-noise set size:undefined disposed:false
148 silly fetch manifest camera-controls@^3.1.0
149 silly packumentCache full:https://registry.npmjs.org/camera-controls cache-miss
150 http fetch GET 200 https://registry.npmjs.org/tunnel-rat 332ms (cache miss)
151 silly packumentCache full:https://registry.npmjs.org/tunnel-rat set size:undefined disposed:false
152 silly fetch manifest troika-three-text@^0.52.4
153 silly packumentCache full:https://registry.npmjs.org/troika-three-text cache-miss
154 http fetch GET 200 https://registry.npmjs.org/@babel%2fruntime 246ms (cache miss)
155 silly packumentCache full:https://registry.npmjs.org/@babel%2fruntime set size:undefined disposed:false
156 silly fetch manifest @use-gesture/react@^10.3.1
157 silly packumentCache full:https://registry.npmjs.org/@use-gesture%2freact cache-miss
158 http fetch GET 200 https://registry.npmjs.org/utility-types 360ms (cache miss)
159 silly packumentCache full:https://registry.npmjs.org/utility-types set size:undefined disposed:false
160 silly fetch manifest @monogrid/gainmap-js@^3.0.6
161 silly packumentCache full:https://registry.npmjs.org/@monogrid%2fgainmap-js cache-miss
162 http fetch GET 200 https://registry.npmjs.org/suspend-react 380ms (cache miss)
163 silly packumentCache full:https://registry.npmjs.org/suspend-react set size:undefined disposed:false
164 silly fetch manifest @mediapipe/tasks-vision@0.10.17
165 silly packumentCache full:https://registry.npmjs.org/@mediapipe%2ftasks-vision cache-miss
166 http fetch GET 200 https://registry.npmjs.org/three-stdlib 409ms (cache miss)
167 silly packumentCache full:https://registry.npmjs.org/three-stdlib set size:undefined disposed:false
168 silly fetch manifest use-sync-external-store@^1.4.0
169 silly packumentCache full:https://registry.npmjs.org/use-sync-external-store cache-miss
170 http fetch GET 200 https://registry.npmjs.org/three-mesh-bvh 357ms (cache miss)
171 silly packumentCache full:https://registry.npmjs.org/three-mesh-bvh set size:undefined disposed:false
172 silly fetch manifest buffer@^6.0.3
173 silly packumentCache full:https://registry.npmjs.org/buffer cache-miss
174 http fetch GET 200 https://registry.npmjs.org/camera-controls 358ms (cache miss)
175 silly packumentCache full:https://registry.npmjs.org/camera-controls set size:undefined disposed:false
176 silly fetch manifest zustand@^5.0.3
177 silly packumentCache full:https://registry.npmjs.org/zustand cache-miss
178 http cache https://registry.npmjs.org/zustand 10ms (cache hit)
179 silly packumentCache full:https://registry.npmjs.org/zustand set size:499606 disposed:false
180 silly fetch manifest its-fine@^2.0.0
181 silly packumentCache full:https://registry.npmjs.org/its-fine cache-miss
182 http fetch GET 200 https://registry.npmjs.org/buffer 109ms (cache miss)
183 silly packumentCache full:https://registry.npmjs.org/buffer set size:undefined disposed:false
184 silly fetch manifest base64-js@^1.5.1
185 silly packumentCache full:https://registry.npmjs.org/base64-js cache-miss
186 http fetch GET 200 https://registry.npmjs.org/use-sync-external-store 433ms (cache miss)
187 silly packumentCache full:https://registry.npmjs.org/use-sync-external-store set size:undefined disposed:false
188 silly fetch manifest scheduler@^0.27.0
189 silly packumentCache full:https://registry.npmjs.org/scheduler cache-miss
190 http fetch GET 200 https://registry.npmjs.org/its-fine 366ms (cache miss)
191 silly packumentCache full:https://registry.npmjs.org/its-fine set size:undefined disposed:false
192 silly fetch manifest @types/webxr@*
193 silly packumentCache full:https://registry.npmjs.org/@types%2fwebxr cache-miss
194 http fetch GET 200 https://registry.npmjs.org/scheduler 171ms (cache miss)
195 silly packumentCache full:https://registry.npmjs.org/scheduler set size:undefined disposed:false
196 silly fetch manifest @babel/runtime@^7.17.8
197 silly packumentCache full:https://registry.npmjs.org/@babel%2fruntime cache-miss
198 http cache https://registry.npmjs.org/@babel%2fruntime 8ms (cache hit)
199 silly packumentCache full:https://registry.npmjs.org/@babel%2fruntime set size:3372292 disposed:false
200 silly fetch manifest react-use-measure@^2.1.7
201 silly packumentCache full:https://registry.npmjs.org/react-use-measure cache-miss
202 http fetch GET 200 https://registry.npmjs.org/@use-gesture%2freact 881ms (cache miss)
203 silly packumentCache full:https://registry.npmjs.org/@use-gesture%2freact set size:undefined disposed:false
204 silly fetch manifest postcss@^8.5.6
205 silly packumentCache full:https://registry.npmjs.org/postcss cache-miss
206 http cache https://registry.npmjs.org/postcss 8ms (cache hit)
207 silly packumentCache full:https://registry.npmjs.org/postcss set size:702266 disposed:false
208 silly fetch manifest tailwindcss@4.2.2
209 silly packumentCache full:https://registry.npmjs.org/tailwindcss cache-miss
210 http cache https://registry.npmjs.org/tailwindcss 26ms (cache hit)
211 silly packumentCache full:https://registry.npmjs.org/tailwindcss set size:10320526 disposed:false
212 silly fetch manifest @alloc/quick-lru@^5.2.0
213 silly packumentCache full:https://registry.npmjs.org/@alloc%2fquick-lru cache-miss
214 http fetch GET 200 https://registry.npmjs.org/troika-three-text 1007ms (cache miss)
215 silly packumentCache full:https://registry.npmjs.org/troika-three-text set size:undefined disposed:false
216 silly fetch manifest @tailwindcss/node@4.2.2
217 silly packumentCache full:https://registry.npmjs.org/@tailwindcss%2fnode cache-miss
218 http fetch GET 200 https://registry.npmjs.org/react-use-measure 399ms (cache miss)
219 silly packumentCache full:https://registry.npmjs.org/react-use-measure set size:undefined disposed:false
220 silly fetch manifest @tailwindcss/oxide@4.2.2
221 silly packumentCache full:https://registry.npmjs.org/@tailwindcss%2foxide cache-miss
222 http fetch GET 200 https://registry.npmjs.org/base64-js 932ms (cache miss)
223 silly packumentCache full:https://registry.npmjs.org/base64-js set size:undefined disposed:false
224 silly fetch manifest undici-types@~6.21.0
225 silly packumentCache full:https://registry.npmjs.org/undici-types cache-miss
226 http fetch GET 200 https://registry.npmjs.org/undici-types 67ms (cache miss)
227 silly packumentCache full:https://registry.npmjs.org/undici-types set size:undefined disposed:false
228 silly fetch manifest csstype@^3.2.2
229 silly packumentCache full:https://registry.npmjs.org/csstype cache-miss
230 http fetch GET 200 https://registry.npmjs.org/@types%2fwebxr 676ms (cache miss)
231 silly packumentCache full:https://registry.npmjs.org/@types%2fwebxr set size:undefined disposed:false
232 silly fetch manifest fflate@~0.6.10
233 silly packumentCache full:https://registry.npmjs.org/fflate cache-miss
234 http fetch GET 200 https://registry.npmjs.org/csstype 93ms (cache miss)
235 silly packumentCache full:https://registry.npmjs.org/csstype set size:undefined disposed:false
236 silly fetch manifest meshoptimizer@~0.18.1
237 silly packumentCache full:https://registry.npmjs.org/meshoptimizer cache-miss
238 http fetch GET 200 https://registry.npmjs.org/@monogrid%2fgainmap-js 1391ms (cache miss)
239 silly packumentCache full:https://registry.npmjs.org/@monogrid%2fgainmap-js set size:undefined disposed:false
240 silly fetch manifest @types/stats.js@*
241 silly packumentCache full:https://registry.npmjs.org/@types%2fstats.js cache-miss
242 http fetch GET 200 https://registry.npmjs.org/fflate 116ms (cache miss)
243 silly packumentCache full:https://registry.npmjs.org/fflate set size:undefined disposed:false
244 silly fetch manifest ajv@^6.14.0
245 silly packumentCache full:https://registry.npmjs.org/ajv cache-miss
246 http fetch GET 200 https://registry.npmjs.org/ajv 111ms (cache miss)
247 silly packumentCache full:https://registry.npmjs.org/ajv set size:undefined disposed:false
248 silly fetch manifest chalk@^4.0.0
249 silly packumentCache full:https://registry.npmjs.org/chalk cache-miss
250 http fetch GET 200 https://registry.npmjs.org/@alloc%2fquick-lru 664ms (cache miss)
251 silly packumentCache full:https://registry.npmjs.org/@alloc%2fquick-lru set size:undefined disposed:false
252 silly fetch manifest debug@^4.3.2
253 silly packumentCache full:https://registry.npmjs.org/debug cache-miss
254 http fetch GET 200 https://registry.npmjs.org/@mediapipe%2ftasks-vision 1556ms (cache miss)
255 silly packumentCache full:https://registry.npmjs.org/@mediapipe%2ftasks-vision set size:undefined disposed:false
256 silly fetch manifest espree@^10.4.0
257 silly packumentCache full:https://registry.npmjs.org/espree cache-miss
258 http fetch GET 200 https://registry.npmjs.org/chalk 64ms (cache miss)
259 silly packumentCache full:https://registry.npmjs.org/chalk set size:undefined disposed:false
260 silly fetch manifest ignore@^5.2.0
261 silly packumentCache full:https://registry.npmjs.org/ignore cache-miss
262 http fetch GET 200 https://registry.npmjs.org/debug 77ms (cache miss)
263 silly packumentCache full:https://registry.npmjs.org/debug set size:undefined disposed:false
264 silly fetch manifest esquery@^1.5.0
265 silly packumentCache full:https://registry.npmjs.org/esquery cache-miss
266 http fetch GET 200 https://registry.npmjs.org/ignore 117ms (cache miss)
267 silly packumentCache full:https://registry.npmjs.org/ignore set size:undefined disposed:false
268 silly fetch manifest esutils@^2.0.2
269 silly packumentCache full:https://registry.npmjs.org/esutils cache-miss
270 http fetch GET 200 https://registry.npmjs.org/meshoptimizer 353ms (cache miss)
271 silly packumentCache full:https://registry.npmjs.org/meshoptimizer set size:undefined disposed:false
272 silly fetch manifest find-up@^5.0.0
273 silly packumentCache full:https://registry.npmjs.org/find-up cache-miss
274 http fetch GET 200 https://registry.npmjs.org/esquery 93ms (cache miss)
275 silly packumentCache full:https://registry.npmjs.org/esquery set size:undefined disposed:false
276 silly fetch manifest is-glob@^4.0.0
277 silly packumentCache full:https://registry.npmjs.org/is-glob cache-miss
278 http fetch GET 200 https://registry.npmjs.org/find-up 68ms (cache miss)
279 silly packumentCache full:https://registry.npmjs.org/find-up set size:undefined disposed:false
280 silly fetch manifest minimatch@^3.1.5
281 silly packumentCache full:https://registry.npmjs.org/minimatch cache-miss
282 http fetch GET 200 https://registry.npmjs.org/is-glob 65ms (cache miss)
283 silly packumentCache full:https://registry.npmjs.org/is-glob set size:undefined disposed:false
284 silly fetch manifest @eslint/js@9.39.4
285 silly packumentCache full:https://registry.npmjs.org/@eslint%2fjs cache-miss
286 http fetch GET 200 https://registry.npmjs.org/@tailwindcss%2fnode 982ms (cache miss)
287 silly packumentCache full:https://registry.npmjs.org/@tailwindcss%2fnode set size:undefined disposed:false
288 silly fetch manifest optionator@^0.9.3
289 silly packumentCache full:https://registry.npmjs.org/optionator cache-miss
290 http fetch GET 200 https://registry.npmjs.org/minimatch 95ms (cache miss)
291 silly packumentCache full:https://registry.npmjs.org/minimatch set size:undefined disposed:false
292 silly fetch manifest cross-spawn@^7.0.6
293 silly packumentCache full:https://registry.npmjs.org/cross-spawn cache-miss
294 http fetch GET 200 https://registry.npmjs.org/@eslint%2fjs 101ms (cache miss)
295 silly packumentCache full:https://registry.npmjs.org/@eslint%2fjs set size:undefined disposed:false
296 silly fetch manifest glob-parent@^6.0.2
297 silly packumentCache full:https://registry.npmjs.org/glob-parent cache-miss
298 http fetch GET 200 https://registry.npmjs.org/espree 368ms (cache miss)
299 silly packumentCache full:https://registry.npmjs.org/espree set size:undefined disposed:false
300 silly fetch manifest imurmurhash@^0.1.4
301 silly packumentCache full:https://registry.npmjs.org/imurmurhash cache-miss
302 http fetch GET 200 https://registry.npmjs.org/optionator 81ms (cache miss)
303 silly packumentCache full:https://registry.npmjs.org/optionator set size:undefined disposed:false
304 silly fetch manifest @eslint/core@^0.17.0
305 silly packumentCache full:https://registry.npmjs.org/@eslint%2fcore cache-miss
306 http fetch GET 200 https://registry.npmjs.org/cross-spawn 72ms (cache miss)
307 silly packumentCache full:https://registry.npmjs.org/cross-spawn set size:undefined disposed:false
308 silly fetch manifest eslint-scope@^8.4.0
309 silly packumentCache full:https://registry.npmjs.org/eslint-scope cache-miss
310 http fetch GET 200 https://registry.npmjs.org/glob-parent 70ms (cache miss)
311 silly packumentCache full:https://registry.npmjs.org/glob-parent set size:undefined disposed:false
312 silly fetch manifest lodash.merge@^4.6.2
313 silly packumentCache full:https://registry.npmjs.org/lodash.merge cache-miss
314 http fetch GET 200 https://registry.npmjs.org/imurmurhash 60ms (cache miss)
315 silly packumentCache full:https://registry.npmjs.org/imurmurhash set size:undefined disposed:false
316 silly fetch manifest @humanfs/node@^0.16.6
317 silly packumentCache full:https://registry.npmjs.org/@humanfs%2fnode cache-miss
318 http fetch GET 200 https://registry.npmjs.org/eslint-scope 73ms (cache miss)
319 silly packumentCache full:https://registry.npmjs.org/eslint-scope set size:undefined disposed:false
320 silly fetch manifest @types/estree@^1.0.6
321 silly packumentCache full:https://registry.npmjs.org/@types%2festree cache-miss
322 http fetch GET 200 https://registry.npmjs.org/lodash.merge 73ms (cache miss)
323 silly packumentCache full:https://registry.npmjs.org/lodash.merge set size:undefined disposed:false
324 silly fetch manifest fast-deep-equal@^3.1.3
325 silly packumentCache full:https://registry.npmjs.org/fast-deep-equal cache-miss
326 http fetch GET 200 https://registry.npmjs.org/@types%2fstats.js 637ms (cache miss)
327 silly packumentCache full:https://registry.npmjs.org/@types%2fstats.js set size:undefined disposed:false
328 silly fetch manifest natural-compare@^1.4.0
329 silly packumentCache full:https://registry.npmjs.org/natural-compare cache-miss
330 http fetch GET 200 https://registry.npmjs.org/esutils 364ms (cache miss)
331 silly packumentCache full:https://registry.npmjs.org/esutils set size:undefined disposed:false
332 silly fetch manifest @eslint/eslintrc@^3.3.5
333 silly packumentCache full:https://registry.npmjs.org/@eslint%2feslintrc cache-miss
334 http fetch GET 200 https://registry.npmjs.org/natural-compare 60ms (cache miss)
335 silly packumentCache full:https://registry.npmjs.org/natural-compare set size:undefined disposed:false
336 silly fetch manifest file-entry-cache@^8.0.0
337 silly packumentCache full:https://registry.npmjs.org/file-entry-cache cache-miss
338 http fetch GET 200 https://registry.npmjs.org/fast-deep-equal 69ms (cache miss)
339 silly packumentCache full:https://registry.npmjs.org/fast-deep-equal set size:undefined disposed:false
340 silly fetch manifest @eslint/plugin-kit@^0.4.1
341 silly packumentCache full:https://registry.npmjs.org/@eslint%2fplugin-kit cache-miss
342 http fetch GET 200 https://registry.npmjs.org/@types%2festree 73ms (cache miss)
343 silly packumentCache full:https://registry.npmjs.org/@types%2festree set size:undefined disposed:false
344 silly fetch manifest eslint-visitor-keys@^4.2.1
345 silly packumentCache full:https://registry.npmjs.org/eslint-visitor-keys cache-miss
346 http fetch GET 200 https://registry.npmjs.org/file-entry-cache 64ms (cache miss)
347 silly packumentCache full:https://registry.npmjs.org/file-entry-cache set size:undefined disposed:false
348 silly fetch manifest @eslint/config-array@^0.21.2
349 silly packumentCache full:https://registry.npmjs.org/@eslint%2fconfig-array cache-miss
350 http fetch GET 200 https://registry.npmjs.org/@eslint%2fconfig-array 87ms (cache miss)
351 silly packumentCache full:https://registry.npmjs.org/@eslint%2fconfig-array set size:undefined disposed:false
352 silly fetch manifest @humanwhocodes/retry@^0.4.2
353 silly packumentCache full:https://registry.npmjs.org/@humanwhocodes%2fretry cache-miss
354 http fetch GET 200 https://registry.npmjs.org/@eslint%2fcore 328ms (cache miss)
355 silly packumentCache full:https://registry.npmjs.org/@eslint%2fcore set size:undefined disposed:false
356 silly fetch manifest escape-string-regexp@^4.0.0
357 silly packumentCache full:https://registry.npmjs.org/escape-string-regexp cache-miss
358 http fetch GET 200 https://registry.npmjs.org/escape-string-regexp 57ms (cache miss)
359 silly packumentCache full:https://registry.npmjs.org/escape-string-regexp set size:undefined disposed:false
360 silly fetch manifest @eslint/config-helpers@^0.4.2
361 silly packumentCache full:https://registry.npmjs.org/@eslint%2fconfig-helpers cache-miss
362 http fetch GET 200 https://registry.npmjs.org/@eslint%2fconfig-helpers 80ms (cache miss)
363 silly packumentCache full:https://registry.npmjs.org/@eslint%2fconfig-helpers set size:undefined disposed:false
364 silly fetch manifest @eslint-community/regexpp@^4.12.1
365 silly packumentCache full:https://registry.npmjs.org/@eslint-community%2fregexpp cache-miss
366 http fetch GET 200 https://registry.npmjs.org/@eslint%2fplugin-kit 319ms (cache miss)
367 silly packumentCache full:https://registry.npmjs.org/@eslint%2fplugin-kit set size:undefined disposed:false
368 silly fetch manifest @eslint-community/eslint-utils@^4.8.0
369 silly packumentCache full:https://registry.npmjs.org/@eslint-community%2feslint-utils cache-miss
370 http fetch GET 200 https://registry.npmjs.org/eslint-visitor-keys 356ms (cache miss)
371 silly packumentCache full:https://registry.npmjs.org/eslint-visitor-keys set size:undefined disposed:false
372 silly fetch manifest @humanwhocodes/module-importer@^1.0.1
373 silly packumentCache full:https://registry.npmjs.org/@humanwhocodes%2fmodule-importer cache-miss
374 http fetch GET 200 https://registry.npmjs.org/@eslint%2feslintrc 386ms (cache miss)
375 silly packumentCache full:https://registry.npmjs.org/@eslint%2feslintrc set size:undefined disposed:false
376 silly fetch manifest json-stable-stringify-without-jsonify@^1.0.1
377 silly packumentCache full:https://registry.npmjs.org/json-stable-stringify-without-jsonify cache-miss
378 http fetch GET 200 https://registry.npmjs.org/json-stable-stringify-without-jsonify 68ms (cache miss)
379 silly packumentCache full:https://registry.npmjs.org/json-stable-stringify-without-jsonify set size:undefined disposed:false
380 silly fetch manifest eslint-plugin-react@^7.37.0
381 silly packumentCache full:https://registry.npmjs.org/eslint-plugin-react cache-miss
382 http fetch GET 200 https://registry.npmjs.org/@humanwhocodes%2fretry 323ms (cache miss)
383 silly packumentCache full:https://registry.npmjs.org/@humanwhocodes%2fretry set size:undefined disposed:false
384 silly fetch manifest eslint-plugin-import@^2.31.0
385 silly packumentCache full:https://registry.npmjs.org/eslint-plugin-import cache-miss
386 http fetch GET 200 https://registry.npmjs.org/eslint-plugin-react 84ms (cache miss)
387 silly packumentCache full:https://registry.npmjs.org/eslint-plugin-react set size:undefined disposed:false
388 silly fetch manifest eslint-plugin-jsx-a11y@^6.10.0
389 silly packumentCache full:https://registry.npmjs.org/eslint-plugin-jsx-a11y cache-miss
390 http fetch GET 200 https://registry.npmjs.org/@humanfs%2fnode 650ms (cache miss)
391 silly packumentCache full:https://registry.npmjs.org/@humanfs%2fnode set size:undefined disposed:false
392 silly fetch manifest @rushstack/eslint-patch@^1.10.3
393 silly packumentCache full:https://registry.npmjs.org/@rushstack%2feslint-patch cache-miss
394 http fetch GET 200 https://registry.npmjs.org/eslint-plugin-import 87ms (cache miss)
395 silly packumentCache full:https://registry.npmjs.org/eslint-plugin-import set size:undefined disposed:false
396 silly fetch manifest @next/eslint-plugin-next@15.1.0
397 silly packumentCache full:https://registry.npmjs.org/@next%2feslint-plugin-next cache-miss
398 http fetch GET 200 https://registry.npmjs.org/@tailwindcss%2foxide 1573ms (cache miss)
399 silly packumentCache full:https://registry.npmjs.org/@tailwindcss%2foxide set size:undefined disposed:false
400 silly fetch manifest @typescript-eslint/parser@^5.4.2 || ^6.0.0 || ^7.0.0 || ^8.0.0
401 silly packumentCache full:https://registry.npmjs.org/@typescript-eslint%2fparser cache-miss
402 http fetch GET 200 https://registry.npmjs.org/@eslint-community%2fregexpp 323ms (cache miss)
403 silly packumentCache full:https://registry.npmjs.org/@eslint-community%2fregexpp set size:undefined disposed:false
404 silly fetch manifest eslint-plugin-react-hooks@^5.0.0
405 silly packumentCache full:https://registry.npmjs.org/eslint-plugin-react-hooks cache-miss
406 http fetch GET 200 https://registry.npmjs.org/eslint-plugin-jsx-a11y 100ms (cache miss)
407 silly packumentCache full:https://registry.npmjs.org/eslint-plugin-jsx-a11y set size:undefined disposed:false
408 silly fetch manifest eslint-import-resolver-node@^0.3.6
409 silly packumentCache full:https://registry.npmjs.org/eslint-import-resolver-node cache-miss
410 http fetch GET 200 https://registry.npmjs.org/@eslint-community%2feslint-utils 326ms (cache miss)
411 silly packumentCache full:https://registry.npmjs.org/@eslint-community%2feslint-utils set size:undefined disposed:false
412 silly fetch manifest @typescript-eslint/eslint-plugin@^5.4.2 || ^6.0.0 || ^7.0.0 || ^8.0.0
413 silly packumentCache full:https://registry.npmjs.org/@typescript-eslint%2feslint-plugin cache-miss
414 http fetch GET 200 https://registry.npmjs.org/@humanwhocodes%2fmodule-importer 356ms (cache miss)
415 silly packumentCache full:https://registry.npmjs.org/@humanwhocodes%2fmodule-importer set size:undefined disposed:false
416 silly fetch manifest eslint-import-resolver-typescript@^3.5.2
417 silly packumentCache full:https://registry.npmjs.org/eslint-import-resolver-typescript cache-miss
418 http fetch GET 200 https://registry.npmjs.org/eslint-import-resolver-node 77ms (cache miss)
419 silly packumentCache full:https://registry.npmjs.org/eslint-import-resolver-node set size:undefined disposed:false
420 silly fetch manifest busboy@1.6.0
421 silly packumentCache full:https://registry.npmjs.org/busboy cache-miss
422 http fetch GET 200 https://registry.npmjs.org/eslint-plugin-react-hooks 197ms (cache miss)
423 silly packumentCache full:https://registry.npmjs.org/eslint-plugin-react-hooks set size:undefined disposed:false
424 silly fetch manifest postcss@8.4.31
425 silly packumentCache full:https://registry.npmjs.org/postcss cache-hit
426 silly fetch manifest @next/env@15.1.0
427 silly packumentCache full:https://registry.npmjs.org/@next%2fenv cache-miss
428 http fetch GET 200 https://registry.npmjs.org/@rushstack%2feslint-patch 366ms (cache miss)
429 silly packumentCache full:https://registry.npmjs.org/@rushstack%2feslint-patch set size:undefined disposed:false
430 silly fetch manifest styled-jsx@5.1.6
431 silly packumentCache full:https://registry.npmjs.org/styled-jsx cache-miss
432 http fetch GET 200 https://registry.npmjs.org/busboy 326ms (cache miss)
433 silly packumentCache full:https://registry.npmjs.org/busboy set size:undefined disposed:false
434 silly fetch manifest @swc/counter@0.1.3
435 silly packumentCache full:https://registry.npmjs.org/@swc%2fcounter cache-miss
436 http fetch GET 200 https://registry.npmjs.org/eslint-import-resolver-typescript 378ms (cache miss)
437 silly packumentCache full:https://registry.npmjs.org/eslint-import-resolver-typescript set size:undefined disposed:false
438 silly fetch manifest @swc/helpers@0.5.15
439 silly packumentCache full:https://registry.npmjs.org/@swc%2fhelpers cache-miss
440 http fetch GET 200 https://registry.npmjs.org/@typescript-eslint%2feslint-plugin 639ms (cache miss)
441 silly packumentCache full:https://registry.npmjs.org/@typescript-eslint%2feslint-plugin set size:undefined disposed:false
442 silly fetch manifest caniuse-lite@^1.0.30001579
443 silly packumentCache full:https://registry.npmjs.org/caniuse-lite cache-miss
444 http fetch GET 200 https://registry.npmjs.org/@swc%2fhelpers 401ms (cache miss)
445 silly packumentCache full:https://registry.npmjs.org/@swc%2fhelpers set size:undefined disposed:false
446 silly fetch manifest sharp@^0.33.5
447 silly packumentCache full:https://registry.npmjs.org/sharp cache-miss
448 http fetch GET 200 https://registry.npmjs.org/@typescript-eslint%2fparser 990ms (cache miss)
449 silly packumentCache full:https://registry.npmjs.org/@typescript-eslint%2fparser set size:undefined disposed:false
450 silly fetch manifest @next/swc-darwin-x64@15.1.0
451 silly packumentCache full:https://registry.npmjs.org/@next%2fswc-darwin-x64 cache-miss
452 http fetch GET 200 https://registry.npmjs.org/caniuse-lite 331ms (cache miss)
453 silly packumentCache full:https://registry.npmjs.org/caniuse-lite set size:undefined disposed:false
454 silly fetch manifest @next/swc-darwin-arm64@15.1.0
455 silly packumentCache full:https://registry.npmjs.org/@next%2fswc-darwin-arm64 cache-miss
456 http fetch GET 200 https://registry.npmjs.org/sharp 225ms (cache miss)
457 silly packumentCache full:https://registry.npmjs.org/sharp set size:undefined disposed:false
458 silly fetch manifest @next/swc-linux-x64-gnu@15.1.0
459 silly packumentCache full:https://registry.npmjs.org/@next%2fswc-linux-x64-gnu cache-miss
460 http fetch GET 200 https://registry.npmjs.org/@next%2feslint-plugin-next 1251ms (cache miss)
461 silly packumentCache full:https://registry.npmjs.org/@next%2feslint-plugin-next set size:undefined disposed:false
462 silly fetch manifest @next/swc-linux-x64-musl@15.1.0
463 silly packumentCache full:https://registry.npmjs.org/@next%2fswc-linux-x64-musl cache-miss
464 http fetch GET 200 https://registry.npmjs.org/styled-jsx 946ms (cache miss)
465 silly packumentCache full:https://registry.npmjs.org/styled-jsx set size:undefined disposed:false
466 silly fetch manifest @next/swc-win32-x64-msvc@15.1.0
467 silly packumentCache full:https://registry.npmjs.org/@next%2fswc-win32-x64-msvc cache-miss
468 http fetch GET 200 https://registry.npmjs.org/@next%2fenv 1085ms (cache miss)
469 silly packumentCache full:https://registry.npmjs.org/@next%2fenv set size:undefined disposed:false
470 silly fetch manifest @next/swc-linux-arm64-gnu@15.1.0
471 silly packumentCache full:https://registry.npmjs.org/@next%2fswc-linux-arm64-gnu cache-miss
472 http fetch GET 200 https://registry.npmjs.org/@swc%2fcounter 941ms (cache miss)
473 silly packumentCache full:https://registry.npmjs.org/@swc%2fcounter set size:undefined disposed:false
474 silly fetch manifest @next/swc-linux-arm64-musl@15.1.0
475 silly packumentCache full:https://registry.npmjs.org/@next%2fswc-linux-arm64-musl cache-miss
476 http fetch GET 200 https://registry.npmjs.org/@next%2fswc-darwin-x64 1240ms (cache miss)
477 silly packumentCache full:https://registry.npmjs.org/@next%2fswc-darwin-x64 set size:undefined disposed:false
478 silly fetch manifest @next/swc-win32-arm64-msvc@15.1.0
479 silly packumentCache full:https://registry.npmjs.org/@next%2fswc-win32-arm64-msvc cache-miss
480 http fetch GET 200 https://registry.npmjs.org/@next%2fswc-darwin-arm64 1259ms (cache miss)
481 silly packumentCache full:https://registry.npmjs.org/@next%2fswc-darwin-arm64 set size:undefined disposed:false
482 silly fetch manifest nanoid@^3.3.11
483 silly packumentCache full:https://registry.npmjs.org/nanoid cache-miss
484 http fetch GET 200 https://registry.npmjs.org/@next%2fswc-win32-x64-msvc 1153ms (cache miss)
485 silly packumentCache full:https://registry.npmjs.org/@next%2fswc-win32-x64-msvc set size:undefined disposed:false
486 silly fetch manifest picocolors@^1.1.1
487 silly packumentCache full:https://registry.npmjs.org/picocolors cache-miss
488 http fetch GET 200 https://registry.npmjs.org/nanoid 93ms (cache miss)
489 silly packumentCache full:https://registry.npmjs.org/nanoid set size:undefined disposed:false
490 silly fetch manifest source-map-js@^1.2.1
491 silly packumentCache full:https://registry.npmjs.org/source-map-js cache-miss
492 http fetch GET 200 https://registry.npmjs.org/@next%2fswc-linux-x64-musl 1239ms (cache miss)
493 silly packumentCache full:https://registry.npmjs.org/@next%2fswc-linux-x64-musl set size:undefined disposed:false
494 silly fetch manifest scheduler@^0.25.0
495 silly packumentCache full:https://registry.npmjs.org/scheduler cache-miss
496 http fetch GET 200 https://registry.npmjs.org/@next%2fswc-linux-x64-gnu 1374ms (cache miss)
497 silly packumentCache full:https://registry.npmjs.org/@next%2fswc-linux-x64-gnu set size:undefined disposed:false
498 http fetch GET 200 https://registry.npmjs.org/picocolors 105ms (cache miss)
499 silly packumentCache full:https://registry.npmjs.org/picocolors set size:undefined disposed:false
500 http cache https://registry.npmjs.org/scheduler 40ms (cache hit)
501 silly packumentCache full:https://registry.npmjs.org/scheduler set size:5459603 disposed:false
502 http fetch GET 200 https://registry.npmjs.org/source-map-js 102ms (cache miss)
503 silly packumentCache full:https://registry.npmjs.org/source-map-js set size:undefined disposed:false
504 http fetch GET 200 https://registry.npmjs.org/@next%2fswc-linux-arm64-gnu 1229ms (cache miss)
505 silly packumentCache full:https://registry.npmjs.org/@next%2fswc-linux-arm64-gnu set size:undefined disposed:false
506 http fetch GET 200 https://registry.npmjs.org/@next%2fswc-linux-arm64-musl 1242ms (cache miss)
507 silly packumentCache full:https://registry.npmjs.org/@next%2fswc-linux-arm64-musl set size:undefined disposed:false
508 http fetch GET 200 https://registry.npmjs.org/@next%2fswc-win32-arm64-msvc 1093ms (cache miss)
509 silly packumentCache full:https://registry.npmjs.org/@next%2fswc-win32-arm64-msvc set size:undefined disposed:false
510 silly placeDep ROOT @babel/runtime@7.29.2 OK for: @react-three/drei@10.7.7 want: ^7.26.0
511 silly placeDep ROOT @mediapipe/tasks-vision@0.10.17 OK for: @react-three/drei@10.7.7 want: 0.10.17
512 silly placeDep ROOT @monogrid/gainmap-js@3.4.0 OK for: @react-three/drei@10.7.7 want: ^3.0.6
513 silly placeDep ROOT @use-gesture/react@10.3.1 OK for: @react-three/drei@10.7.7 want: ^10.3.1
514 silly placeDep ROOT camera-controls@3.1.2 OK for: @react-three/drei@10.7.7 want: ^3.1.0
515 silly placeDep ROOT cross-env@7.0.3 OK for: @react-three/drei@10.7.7 want: ^7.0.3
516 silly placeDep ROOT detect-gpu@5.0.70 OK for: @react-three/drei@10.7.7 want: ^5.0.56
517 silly placeDep ROOT glsl-noise@0.0.0 OK for: @react-three/drei@10.7.7 want: ^0.0.0
518 silly placeDep ROOT hls.js@1.6.15 OK for: @react-three/drei@10.7.7 want: ^1.5.17
519 silly placeDep ROOT maath@0.10.8 OK for: @react-three/drei@10.7.7 want: ^0.10.8
520 silly placeDep ROOT meshline@3.3.1 OK for: @react-three/drei@10.7.7 want: ^3.3.1
521 silly placeDep ROOT stats-gl@2.4.2 OK for: @react-three/drei@10.7.7 want: ^2.2.8
522 silly placeDep ROOT stats.js@0.17.0 OK for: @react-three/drei@10.7.7 want: ^0.17.0
523 silly placeDep ROOT suspend-react@0.1.3 OK for: @react-three/drei@10.7.7 want: ^0.1.3
524 silly placeDep ROOT three-mesh-bvh@0.8.3 OK for: @react-three/drei@10.7.7 want: ^0.8.3
525 silly placeDep ROOT three-stdlib@2.36.1 OK for: @react-three/drei@10.7.7 want: ^2.35.6
526 silly placeDep ROOT troika-three-text@0.52.4 OK for: @react-three/drei@10.7.7 want: ^0.52.4
527 silly placeDep ROOT tunnel-rat@0.1.2 OK for: @react-three/drei@10.7.7 want: ^0.1.2
528 silly placeDep ROOT use-sync-external-store@1.6.0 OK for: @react-three/drei@10.7.7 want: ^1.4.0
529 silly placeDep ROOT utility-types@3.11.0 OK for: @react-three/drei@10.7.7 want: ^3.11.0
530 silly placeDep ROOT zustand@5.0.12 OK for: @react-three/drei@10.7.7 want: ^5.0.1
531 silly fetch manifest promise-worker-transferable@^1.0.4
532 silly packumentCache full:https://registry.npmjs.org/promise-worker-transferable cache-miss
533 silly fetch manifest @use-gesture/core@10.3.1
534 silly packumentCache full:https://registry.npmjs.org/@use-gesture%2fcore cache-miss
535 silly fetch manifest cross-spawn@^7.0.1
536 silly packumentCache full:https://registry.npmjs.org/cross-spawn cache-miss
537 silly fetch manifest webgl-constants@^1.1.1
538 silly packumentCache full:https://registry.npmjs.org/webgl-constants cache-miss
539 silly fetch manifest three@^0.170.0
540 silly packumentCache full:https://registry.npmjs.org/three cache-miss
541 silly fetch manifest @types/draco3d@^1.4.0
542 silly packumentCache full:https://registry.npmjs.org/@types%2fdraco3d cache-miss
543 silly fetch manifest @types/offscreencanvas@^2019.6.4
544 silly packumentCache full:https://registry.npmjs.org/@types%2foffscreencanvas cache-miss
545 http cache https://registry.npmjs.org/cross-spawn 28ms (cache hit)
546 silly packumentCache full:https://registry.npmjs.org/cross-spawn set size:109066 disposed:false
547 silly fetch manifest @types/webxr@^0.5.2
548 silly packumentCache full:https://registry.npmjs.org/@types%2fwebxr cache-miss
549 http cache https://registry.npmjs.org/three 34ms (cache hit)
550 silly packumentCache full:https://registry.npmjs.org/three set size:921533 disposed:false
551 silly fetch manifest draco3d@^1.4.1
552 silly packumentCache full:https://registry.npmjs.org/draco3d cache-miss
553 http cache https://registry.npmjs.org/@types%2fwebxr 14ms (cache hit)
554 silly packumentCache full:https://registry.npmjs.org/@types%2fwebxr set size:64472 disposed:false
555 silly fetch manifest fflate@^0.6.9
556 silly packumentCache full:https://registry.npmjs.org/fflate cache-miss
557 http cache https://registry.npmjs.org/fflate 3ms (cache hit)
558 silly packumentCache full:https://registry.npmjs.org/fflate set size:230492 disposed:false
559 silly fetch manifest potpack@^1.0.1
560 silly packumentCache full:https://registry.npmjs.org/potpack cache-miss
561 http fetch GET 200 https://registry.npmjs.org/webgl-constants 366ms (cache miss)
562 silly packumentCache full:https://registry.npmjs.org/webgl-constants set size:undefined disposed:false
563 silly fetch manifest bidi-js@^1.0.2
564 silly packumentCache full:https://registry.npmjs.org/bidi-js cache-miss
565 http fetch GET 200 https://registry.npmjs.org/promise-worker-transferable 382ms (cache miss)
566 silly packumentCache full:https://registry.npmjs.org/promise-worker-transferable set size:undefined disposed:false
567 silly fetch manifest troika-three-utils@^0.52.4
568 silly packumentCache full:https://registry.npmjs.org/troika-three-utils cache-miss
569 http fetch GET 200 https://registry.npmjs.org/potpack 350ms (cache miss)
570 silly packumentCache full:https://registry.npmjs.org/potpack set size:undefined disposed:false
571 silly fetch manifest troika-worker-utils@^0.52.0
572 silly packumentCache full:https://registry.npmjs.org/troika-worker-utils cache-miss
573 http fetch GET 200 https://registry.npmjs.org/draco3d 368ms (cache miss)
574 silly packumentCache full:https://registry.npmjs.org/draco3d set size:undefined disposed:false
575 silly fetch manifest webgl-sdf-generator@1.1.1
576 silly packumentCache full:https://registry.npmjs.org/webgl-sdf-generator cache-miss
577 http fetch GET 200 https://registry.npmjs.org/@types%2foffscreencanvas 666ms (cache miss)
578 silly packumentCache full:https://registry.npmjs.org/@types%2foffscreencanvas set size:undefined disposed:false
579 silly fetch manifest zustand@^4.3.2
580 silly packumentCache full:https://registry.npmjs.org/zustand cache-hit
581 http fetch GET 200 https://registry.npmjs.org/@types%2fdraco3d 671ms (cache miss)
582 silly packumentCache full:https://registry.npmjs.org/@types%2fdraco3d set size:undefined disposed:false
583 http fetch GET 200 https://registry.npmjs.org/bidi-js 361ms (cache miss)
584 silly packumentCache full:https://registry.npmjs.org/bidi-js set size:undefined disposed:false
585 http fetch GET 200 https://registry.npmjs.org/webgl-sdf-generator 330ms (cache miss)
586 silly packumentCache full:https://registry.npmjs.org/webgl-sdf-generator set size:undefined disposed:false
587 http fetch GET 200 https://registry.npmjs.org/troika-three-utils 376ms (cache miss)
588 silly packumentCache full:https://registry.npmjs.org/troika-three-utils set size:undefined disposed:false
589 http fetch GET 200 https://registry.npmjs.org/troika-worker-utils 373ms (cache miss)
590 silly packumentCache full:https://registry.npmjs.org/troika-worker-utils set size:undefined disposed:false
591 http fetch GET 200 https://registry.npmjs.org/@use-gesture%2fcore 929ms (cache miss)
592 silly packumentCache full:https://registry.npmjs.org/@use-gesture%2fcore set size:undefined disposed:false
593 silly placeDep ROOT promise-worker-transferable@1.0.4 OK for: @monogrid/gainmap-js@3.4.0 want: ^1.0.4
594 silly fetch manifest is-promise@^2.1.0
595 silly packumentCache full:https://registry.npmjs.org/is-promise cache-miss
596 silly fetch manifest lie@^3.0.2
597 silly packumentCache full:https://registry.npmjs.org/lie cache-miss
598 http fetch GET 200 https://registry.npmjs.org/is-promise 367ms (cache miss)
599 silly packumentCache full:https://registry.npmjs.org/is-promise set size:undefined disposed:false
600 http fetch GET 200 https://registry.npmjs.org/lie 931ms (cache miss)
601 silly packumentCache full:https://registry.npmjs.org/lie set size:undefined disposed:false
602 silly placeDep ROOT @types/webxr@0.5.24 OK for: @react-three/fiber@9.5.0 want: *
603 silly placeDep ROOT base64-js@1.5.1 OK for: @react-three/fiber@9.5.0 want: ^1.5.1
604 silly placeDep ROOT buffer@6.0.3 OK for: @react-three/fiber@9.5.0 want: ^6.0.3
605 silly placeDep ROOT its-fine@2.0.0 OK for: @react-three/fiber@9.5.0 want: ^2.0.0
606 silly placeDep ROOT react-use-measure@2.1.7 OK for: @react-three/fiber@9.5.0 want: ^2.1.7
607 silly placeDep ROOT scheduler@0.27.0 OK for: @react-three/fiber@9.5.0 want: ^0.27.0
608 silly fetch manifest ieee754@^1.2.1
609 silly packumentCache full:https://registry.npmjs.org/ieee754 cache-miss
610 silly fetch manifest @types/react-reconciler@^0.28.9
611 silly packumentCache full:https://registry.npmjs.org/@types%2freact-reconciler cache-miss
612 http fetch GET 200 https://registry.npmjs.org/ieee754 121ms (cache miss)
613 silly packumentCache full:https://registry.npmjs.org/ieee754 set size:undefined disposed:false
614 http fetch GET 200 https://registry.npmjs.org/@types%2freact-reconciler 686ms (cache miss)
615 silly packumentCache full:https://registry.npmjs.org/@types%2freact-reconciler set size:undefined disposed:false
616 silly placeDep ROOT @alloc/quick-lru@5.2.0 OK for: @tailwindcss/postcss@4.2.2 want: ^5.2.0
617 silly placeDep ROOT @tailwindcss/node@4.2.2 OK for: @tailwindcss/postcss@4.2.2 want: 4.2.2
618 silly placeDep ROOT @tailwindcss/oxide@4.2.2 OK for: @tailwindcss/postcss@4.2.2 want: 4.2.2
619 silly fetch manifest jiti@^2.6.1
620 silly packumentCache full:https://registry.npmjs.org/jiti cache-miss
621 silly fetch manifest lightningcss@1.32.0
622 silly packumentCache full:https://registry.npmjs.org/lightningcss cache-miss
623 silly fetch manifest magic-string@^0.30.21
624 silly packumentCache full:https://registry.npmjs.org/magic-string cache-miss
625 silly fetch manifest enhanced-resolve@^5.19.0
626 silly packumentCache full:https://registry.npmjs.org/enhanced-resolve cache-miss
627 silly fetch manifest @jridgewell/remapping@^2.3.5
628 silly packumentCache full:https://registry.npmjs.org/@jridgewell%2fremapping cache-miss
629 silly fetch manifest @tailwindcss/oxide-darwin-x64@4.2.2
630 silly packumentCache full:https://registry.npmjs.org/@tailwindcss%2foxide-darwin-x64 cache-miss
631 silly fetch manifest @tailwindcss/oxide-freebsd-x64@4.2.2
632 silly packumentCache full:https://registry.npmjs.org/@tailwindcss%2foxide-freebsd-x64 cache-miss
633 http fetch GET 200 https://registry.npmjs.org/lightningcss 79ms (cache miss)
634 silly packumentCache full:https://registry.npmjs.org/lightningcss set size:undefined disposed:false
635 silly fetch manifest @tailwindcss/oxide-wasm32-wasi@4.2.2
636 silly packumentCache full:https://registry.npmjs.org/@tailwindcss%2foxide-wasm32-wasi cache-miss
637 http fetch GET 200 https://registry.npmjs.org/@jridgewell%2fremapping 89ms (cache miss)
638 silly packumentCache full:https://registry.npmjs.org/@jridgewell%2fremapping set size:undefined disposed:false
639 silly fetch manifest @tailwindcss/oxide-darwin-arm64@4.2.2
640 silly packumentCache full:https://registry.npmjs.org/@tailwindcss%2foxide-darwin-arm64 cache-miss
641 http fetch GET 200 https://registry.npmjs.org/enhanced-resolve 104ms (cache miss)
642 silly packumentCache full:https://registry.npmjs.org/enhanced-resolve set size:undefined disposed:false
643 silly fetch manifest @tailwindcss/oxide-android-arm64@4.2.2
644 silly packumentCache full:https://registry.npmjs.org/@tailwindcss%2foxide-android-arm64 cache-miss
645 http fetch GET 200 https://registry.npmjs.org/jiti 138ms (cache miss)
646 silly packumentCache full:https://registry.npmjs.org/jiti set size:undefined disposed:false
647 silly fetch manifest @tailwindcss/oxide-linux-x64-gnu@4.2.2
648 silly packumentCache full:https://registry.npmjs.org/@tailwindcss%2foxide-linux-x64-gnu cache-miss
649 http fetch GET 200 https://registry.npmjs.org/magic-string 358ms (cache miss)
650 silly packumentCache full:https://registry.npmjs.org/magic-string set size:undefined disposed:false
651 silly fetch manifest @tailwindcss/oxide-linux-x64-musl@4.2.2
652 silly packumentCache full:https://registry.npmjs.org/@tailwindcss%2foxide-linux-x64-musl cache-miss
653 http fetch GET 200 https://registry.npmjs.org/@tailwindcss%2foxide-android-arm64 998ms (cache miss)
654 silly packumentCache full:https://registry.npmjs.org/@tailwindcss%2foxide-android-arm64 set size:undefined disposed:false
655 silly fetch manifest @tailwindcss/oxide-win32-x64-msvc@4.2.2
656 silly packumentCache full:https://registry.npmjs.org/@tailwindcss%2foxide-win32-x64-msvc cache-miss
657 http fetch GET 200 https://registry.npmjs.org/@tailwindcss%2foxide-darwin-x64 1112ms (cache miss)
658 silly packumentCache full:https://registry.npmjs.org/@tailwindcss%2foxide-darwin-x64 set size:undefined disposed:false
659 silly fetch manifest @tailwindcss/oxide-linux-arm64-gnu@4.2.2
660 silly packumentCache full:https://registry.npmjs.org/@tailwindcss%2foxide-linux-arm64-gnu cache-miss
661 http fetch GET 200 https://registry.npmjs.org/@tailwindcss%2foxide-wasm32-wasi 1057ms (cache miss)
662 silly packumentCache full:https://registry.npmjs.org/@tailwindcss%2foxide-wasm32-wasi set size:undefined disposed:false
663 silly fetch manifest @tailwindcss/oxide-linux-arm64-musl@4.2.2
664 silly packumentCache full:https://registry.npmjs.org/@tailwindcss%2foxide-linux-arm64-musl cache-miss
665 http fetch GET 200 https://registry.npmjs.org/@tailwindcss%2foxide-freebsd-x64 1145ms (cache miss)
666 silly packumentCache full:https://registry.npmjs.org/@tailwindcss%2foxide-freebsd-x64 set size:undefined disposed:false
667 silly fetch manifest @tailwindcss/oxide-win32-arm64-msvc@4.2.2
668 silly packumentCache full:https://registry.npmjs.org/@tailwindcss%2foxide-win32-arm64-msvc cache-miss
669 http fetch GET 200 https://registry.npmjs.org/@tailwindcss%2foxide-linux-x64-gnu 1024ms (cache miss)
670 silly packumentCache full:https://registry.npmjs.org/@tailwindcss%2foxide-linux-x64-gnu set size:undefined disposed:false
671 silly fetch manifest @tailwindcss/oxide-linux-arm-gnueabihf@4.2.2
672 silly packumentCache full:https://registry.npmjs.org/@tailwindcss%2foxide-linux-arm-gnueabihf cache-miss
673 http fetch GET 200 https://registry.npmjs.org/@tailwindcss%2foxide-darwin-arm64 1085ms (cache miss)
674 silly packumentCache full:https://registry.npmjs.org/@tailwindcss%2foxide-darwin-arm64 set size:undefined disposed:false
675 http fetch GET 200 https://registry.npmjs.org/@tailwindcss%2foxide-linux-x64-musl 957ms (cache miss)
676 silly packumentCache full:https://registry.npmjs.org/@tailwindcss%2foxide-linux-x64-musl set size:undefined disposed:false
677 http fetch GET 200 https://registry.npmjs.org/@tailwindcss%2foxide-linux-arm64-musl 985ms (cache miss)
678 silly packumentCache full:https://registry.npmjs.org/@tailwindcss%2foxide-linux-arm64-musl set size:undefined disposed:false
679 http fetch GET 200 https://registry.npmjs.org/@tailwindcss%2foxide-win32-arm64-msvc 997ms (cache miss)
680 silly packumentCache full:https://registry.npmjs.org/@tailwindcss%2foxide-win32-arm64-msvc set size:undefined disposed:false
681 http fetch GET 200 https://registry.npmjs.org/@tailwindcss%2foxide-linux-arm64-gnu 1037ms (cache miss)
682 silly packumentCache full:https://registry.npmjs.org/@tailwindcss%2foxide-linux-arm64-gnu set size:undefined disposed:false
683 http fetch GET 200 https://registry.npmjs.org/@tailwindcss%2foxide-win32-x64-msvc 1203ms (cache miss)
684 silly packumentCache full:https://registry.npmjs.org/@tailwindcss%2foxide-win32-x64-msvc set size:undefined disposed:false
685 http fetch GET 200 https://registry.npmjs.org/@tailwindcss%2foxide-linux-arm-gnueabihf 1547ms (cache miss)
686 silly packumentCache full:https://registry.npmjs.org/@tailwindcss%2foxide-linux-arm-gnueabihf set size:undefined disposed:false
687 silly placeDep ROOT @jridgewell/remapping@2.3.5 OK for: @tailwindcss/node@4.2.2 want: ^2.3.5
688 silly placeDep ROOT enhanced-resolve@5.20.1 OK for: @tailwindcss/node@4.2.2 want: ^5.19.0
689 silly placeDep ROOT jiti@2.6.1 OK for: @tailwindcss/node@4.2.2 want: ^2.6.1
690 silly placeDep ROOT lightningcss@1.32.0 OK for: @tailwindcss/node@4.2.2 want: 1.32.0
691 silly placeDep ROOT magic-string@0.30.21 OK for: @tailwindcss/node@4.2.2 want: ^0.30.21
692 silly placeDep ROOT source-map-js@1.2.1 OK for: @tailwindcss/node@4.2.2 want: ^1.2.1
693 silly fetch manifest @jridgewell/gen-mapping@^0.3.5
694 silly packumentCache full:https://registry.npmjs.org/@jridgewell%2fgen-mapping cache-miss
695 silly fetch manifest @jridgewell/trace-mapping@^0.3.24
696 silly packumentCache full:https://registry.npmjs.org/@jridgewell%2ftrace-mapping cache-miss
697 silly fetch manifest graceful-fs@^4.2.4
698 silly packumentCache full:https://registry.npmjs.org/graceful-fs cache-miss
699 silly fetch manifest tapable@^2.3.0
700 silly packumentCache full:https://registry.npmjs.org/tapable cache-miss
701 silly fetch manifest detect-libc@^2.0.3
702 silly packumentCache full:https://registry.npmjs.org/detect-libc cache-miss
703 silly fetch manifest lightningcss-darwin-x64@1.32.0
704 silly packumentCache full:https://registry.npmjs.org/lightningcss-darwin-x64 cache-miss
705 silly fetch manifest lightningcss-linux-x64-gnu@1.32.0
706 silly packumentCache full:https://registry.npmjs.org/lightningcss-linux-x64-gnu cache-miss
707 http fetch GET 200 https://registry.npmjs.org/lightningcss-darwin-x64 75ms (cache miss)
708 silly packumentCache full:https://registry.npmjs.org/lightningcss-darwin-x64 set size:undefined disposed:false
709 silly fetch manifest lightningcss-win32-x64-msvc@1.32.0
710 silly packumentCache full:https://registry.npmjs.org/lightningcss-win32-x64-msvc cache-miss
711 http fetch GET 200 https://registry.npmjs.org/graceful-fs 107ms (cache miss)
712 silly packumentCache full:https://registry.npmjs.org/graceful-fs set size:undefined disposed:false
713 silly fetch manifest lightningcss-win32-arm64-msvc@1.32.0
714 silly packumentCache full:https://registry.npmjs.org/lightningcss-win32-arm64-msvc cache-miss
715 http fetch GET 200 https://registry.npmjs.org/detect-libc 109ms (cache miss)
716 silly packumentCache full:https://registry.npmjs.org/detect-libc set size:undefined disposed:false
717 silly fetch manifest lightningcss-darwin-arm64@1.32.0
718 silly packumentCache full:https://registry.npmjs.org/lightningcss-darwin-arm64 cache-miss
719 http fetch GET 200 https://registry.npmjs.org/tapable 111ms (cache miss)
720 silly packumentCache full:https://registry.npmjs.org/tapable set size:undefined disposed:false
721 silly fetch manifest lightningcss-linux-arm64-gnu@1.32.0
722 silly packumentCache full:https://registry.npmjs.org/lightningcss-linux-arm64-gnu cache-miss
723 http fetch GET 200 https://registry.npmjs.org/lightningcss-linux-x64-gnu 110ms (cache miss)
724 silly packumentCache full:https://registry.npmjs.org/lightningcss-linux-x64-gnu set size:undefined disposed:false
725 silly fetch manifest lightningcss-linux-arm-gnueabihf@1.32.0
726 silly packumentCache full:https://registry.npmjs.org/lightningcss-linux-arm-gnueabihf cache-miss
727 http fetch GET 200 https://registry.npmjs.org/@jridgewell%2fgen-mapping 128ms (cache miss)
728 silly packumentCache full:https://registry.npmjs.org/@jridgewell%2fgen-mapping set size:undefined disposed:false
729 silly fetch manifest lightningcss-linux-arm64-musl@1.32.0
730 silly packumentCache full:https://registry.npmjs.org/lightningcss-linux-arm64-musl cache-miss
731 http fetch GET 200 https://registry.npmjs.org/@jridgewell%2ftrace-mapping 130ms (cache miss)
732 silly packumentCache full:https://registry.npmjs.org/@jridgewell%2ftrace-mapping set size:undefined disposed:false
733 silly fetch manifest lightningcss-linux-x64-musl@1.32.0
734 silly packumentCache full:https://registry.npmjs.org/lightningcss-linux-x64-musl cache-miss
735 http fetch GET 200 https://registry.npmjs.org/lightningcss-win32-x64-msvc 59ms (cache miss)
736 silly packumentCache full:https://registry.npmjs.org/lightningcss-win32-x64-msvc set size:undefined disposed:false
737 silly fetch manifest lightningcss-freebsd-x64@1.32.0
738 silly packumentCache full:https://registry.npmjs.org/lightningcss-freebsd-x64 cache-miss
739 http fetch GET 200 https://registry.npmjs.org/lightningcss-darwin-arm64 66ms (cache miss)
740 silly packumentCache full:https://registry.npmjs.org/lightningcss-darwin-arm64 set size:undefined disposed:false
741 silly fetch manifest lightningcss-android-arm64@1.32.0
742 silly packumentCache full:https://registry.npmjs.org/lightningcss-android-arm64 cache-miss
743 http fetch GET 200 https://registry.npmjs.org/lightningcss-linux-arm-gnueabihf 64ms (cache miss)
744 silly packumentCache full:https://registry.npmjs.org/lightningcss-linux-arm-gnueabihf set size:undefined disposed:false
745 silly fetch manifest @jridgewell/sourcemap-codec@^1.5.5
746 silly packumentCache full:https://registry.npmjs.org/@jridgewell%2fsourcemap-codec cache-miss
747 http fetch GET 200 https://registry.npmjs.org/lightningcss-linux-arm64-gnu 75ms (cache miss)
748 silly packumentCache full:https://registry.npmjs.org/lightningcss-linux-arm64-gnu set size:undefined disposed:false
749 http fetch GET 200 https://registry.npmjs.org/lightningcss-freebsd-x64 72ms (cache miss)
750 silly packumentCache full:https://registry.npmjs.org/lightningcss-freebsd-x64 set size:undefined disposed:false
751 http fetch GET 200 https://registry.npmjs.org/lightningcss-linux-arm64-musl 81ms (cache miss)
752 silly packumentCache full:https://registry.npmjs.org/lightningcss-linux-arm64-musl set size:undefined disposed:false
753 http fetch GET 200 https://registry.npmjs.org/lightningcss-linux-x64-musl 86ms (cache miss)
754 silly packumentCache full:https://registry.npmjs.org/lightningcss-linux-x64-musl set size:undefined disposed:false
755 http fetch GET 200 https://registry.npmjs.org/lightningcss-android-arm64 63ms (cache miss)
756 silly packumentCache full:https://registry.npmjs.org/lightningcss-android-arm64 set size:undefined disposed:false
757 http fetch GET 200 https://registry.npmjs.org/@jridgewell%2fsourcemap-codec 194ms (cache miss)
758 silly packumentCache full:https://registry.npmjs.org/@jridgewell%2fsourcemap-codec set size:undefined disposed:false
759 http fetch GET 200 https://registry.npmjs.org/lightningcss-win32-arm64-msvc 350ms (cache miss)
760 silly packumentCache full:https://registry.npmjs.org/lightningcss-win32-arm64-msvc set size:undefined disposed:false
761 silly placeDep ROOT @jridgewell/gen-mapping@0.3.13 OK for: @jridgewell/remapping@2.3.5 want: ^0.3.5
762 silly placeDep ROOT @jridgewell/trace-mapping@0.3.31 OK for: @jridgewell/remapping@2.3.5 want: ^0.3.24
763 silly fetch manifest @jridgewell/sourcemap-codec@^1.5.0
764 silly packumentCache full:https://registry.npmjs.org/@jridgewell%2fsourcemap-codec cache-miss
765 silly fetch manifest @jridgewell/resolve-uri@^3.1.0
766 silly packumentCache full:https://registry.npmjs.org/@jridgewell%2fresolve-uri cache-miss
767 silly fetch manifest @jridgewell/sourcemap-codec@^1.4.14
768 silly packumentCache full:https://registry.npmjs.org/@jridgewell%2fsourcemap-codec cache-miss
769 http cache https://registry.npmjs.org/@jridgewell%2fsourcemap-codec 4ms (cache hit)
770 silly packumentCache full:https://registry.npmjs.org/@jridgewell%2fsourcemap-codec set size:59275 disposed:false
771 http cache https://registry.npmjs.org/@jridgewell%2fsourcemap-codec 5ms (cache hit)
772 silly packumentCache full:https://registry.npmjs.org/@jridgewell%2fsourcemap-codec set size:59275 disposed:false
773 silly packumentCache full:https://registry.npmjs.org/@jridgewell%2fsourcemap-codec dispose
774 http fetch GET 200 https://registry.npmjs.org/@jridgewell%2fresolve-uri 98ms (cache miss)
775 silly packumentCache full:https://registry.npmjs.org/@jridgewell%2fresolve-uri set size:undefined disposed:false
776 silly placeDep ROOT @jridgewell/sourcemap-codec@1.5.5 OK for: @jridgewell/gen-mapping@0.3.13 want: ^1.5.0
777 silly placeDep ROOT @jridgewell/resolve-uri@3.1.2 OK for: @jridgewell/trace-mapping@0.3.31 want: ^3.1.0
778 silly placeDep ROOT @tailwindcss/oxide-android-arm64@4.2.2 OK for: @tailwindcss/oxide@4.2.2 want: 4.2.2
779 silly placeDep ROOT @tailwindcss/oxide-darwin-arm64@4.2.2 OK for: @tailwindcss/oxide@4.2.2 want: 4.2.2
780 silly placeDep ROOT @tailwindcss/oxide-darwin-x64@4.2.2 OK for: @tailwindcss/oxide@4.2.2 want: 4.2.2
781 silly placeDep ROOT @tailwindcss/oxide-freebsd-x64@4.2.2 OK for: @tailwindcss/oxide@4.2.2 want: 4.2.2
782 silly placeDep ROOT @tailwindcss/oxide-linux-arm-gnueabihf@4.2.2 OK for: @tailwindcss/oxide@4.2.2 want: 4.2.2
783 silly placeDep ROOT @tailwindcss/oxide-linux-arm64-gnu@4.2.2 OK for: @tailwindcss/oxide@4.2.2 want: 4.2.2
784 silly placeDep ROOT @tailwindcss/oxide-linux-arm64-musl@4.2.2 OK for: @tailwindcss/oxide@4.2.2 want: 4.2.2
785 silly placeDep ROOT @tailwindcss/oxide-linux-x64-gnu@4.2.2 OK for: @tailwindcss/oxide@4.2.2 want: 4.2.2
786 silly placeDep ROOT @tailwindcss/oxide-linux-x64-musl@4.2.2 OK for: @tailwindcss/oxide@4.2.2 want: 4.2.2
787 silly placeDep ROOT @tailwindcss/oxide-wasm32-wasi@4.2.2 OK for: @tailwindcss/oxide@4.2.2 want: 4.2.2
788 silly placeDep ROOT @tailwindcss/oxide-win32-arm64-msvc@4.2.2 OK for: @tailwindcss/oxide@4.2.2 want: 4.2.2
789 silly placeDep ROOT @tailwindcss/oxide-win32-x64-msvc@4.2.2 OK for: @tailwindcss/oxide@4.2.2 want: 4.2.2
790 silly placeDep ROOT undici-types@6.21.0 OK for: @types/node@20.19.39 want: ~6.21.0
791 silly placeDep ROOT csstype@3.2.3 OK for: @types/react@19.2.14 want: ^3.2.2
792 silly placeDep ROOT @types/stats.js@0.17.4 OK for: @types/three@0.160.0 want: *
793 silly placeDep ROOT fflate@0.6.10 OK for: @types/three@0.160.0 want: ~0.6.10
794 silly placeDep ROOT meshoptimizer@0.18.1 OK for: @types/three@0.160.0 want: ~0.18.1
795 silly placeDep ROOT @use-gesture/core@10.3.1 OK for: @use-gesture/react@10.3.1 want: 10.3.1
796 silly placeDep ROOT ieee754@1.2.1 OK for: buffer@6.0.3 want: ^1.2.1
797 silly placeDep ROOT cross-spawn@7.0.6 OK for: cross-env@7.0.3 want: ^7.0.1
798 silly fetch manifest which@^2.0.1
799 silly packumentCache full:https://registry.npmjs.org/which cache-miss
800 silly fetch manifest path-key@^3.1.0
801 silly packumentCache full:https://registry.npmjs.org/path-key cache-miss
802 silly fetch manifest shebang-command@^2.0.0
803 silly packumentCache full:https://registry.npmjs.org/shebang-command cache-miss
804 http fetch GET 200 https://registry.npmjs.org/path-key 86ms (cache miss)
805 silly packumentCache full:https://registry.npmjs.org/path-key set size:undefined disposed:false
806 http fetch GET 200 https://registry.npmjs.org/shebang-command 94ms (cache miss)
807 silly packumentCache full:https://registry.npmjs.org/shebang-command set size:undefined disposed:false
808 http fetch GET 200 https://registry.npmjs.org/which 95ms (cache miss)
809 silly packumentCache full:https://registry.npmjs.org/which set size:undefined disposed:false
810 silly placeDep ROOT path-key@3.1.1 OK for: cross-spawn@7.0.6 want: ^3.1.0
811 silly placeDep ROOT shebang-command@2.0.0 OK for: cross-spawn@7.0.6 want: ^2.0.0
812 silly placeDep ROOT which@2.0.2 OK for: cross-spawn@7.0.6 want: ^2.0.1
813 silly fetch manifest shebang-regex@^3.0.0
814 silly packumentCache full:https://registry.npmjs.org/shebang-regex cache-miss
815 silly fetch manifest isexe@^2.0.0
816 silly packumentCache full:https://registry.npmjs.org/isexe cache-miss
817 http fetch GET 200 https://registry.npmjs.org/shebang-regex 55ms (cache miss)
818 silly packumentCache full:https://registry.npmjs.org/shebang-regex set size:undefined disposed:false
819 http fetch GET 200 https://registry.npmjs.org/isexe 64ms (cache miss)
820 silly packumentCache full:https://registry.npmjs.org/isexe set size:undefined disposed:false
821 silly placeDep ROOT webgl-constants@1.1.1 OK for: detect-gpu@5.0.70 want: ^1.1.1
822 silly placeDep ROOT graceful-fs@4.2.11 OK for: enhanced-resolve@5.20.1 want: ^4.2.4
823 silly placeDep ROOT tapable@2.3.2 OK for: enhanced-resolve@5.20.1 want: ^2.3.0
824 silly placeDep ROOT @eslint-community/eslint-utils@4.9.1 OK for: eslint@9.39.4 want: ^4.8.0
825 silly placeDep ROOT @eslint-community/regexpp@4.12.2 OK for: eslint@9.39.4 want: ^4.12.1
826 silly placeDep ROOT @eslint/config-array@0.21.2 OK for: eslint@9.39.4 want: ^0.21.2
827 silly placeDep ROOT @eslint/config-helpers@0.4.2 OK for: eslint@9.39.4 want: ^0.4.2
828 silly placeDep ROOT @eslint/core@0.17.0 OK for: eslint@9.39.4 want: ^0.17.0
829 silly placeDep ROOT @eslint/eslintrc@3.3.5 OK for: eslint@9.39.4 want: ^3.3.5
830 silly placeDep ROOT @eslint/js@9.39.4 OK for: eslint@9.39.4 want: 9.39.4
831 silly placeDep ROOT @eslint/plugin-kit@0.4.1 OK for: eslint@9.39.4 want: ^0.4.1
832 silly placeDep ROOT @humanfs/node@0.16.7 OK for: eslint@9.39.4 want: ^0.16.6
833 silly placeDep ROOT @humanwhocodes/module-importer@1.0.1 OK for: eslint@9.39.4 want: ^1.0.1
834 silly placeDep ROOT @humanwhocodes/retry@0.4.3 OK for: eslint@9.39.4 want: ^0.4.2
835 silly placeDep ROOT @types/estree@1.0.8 OK for: eslint@9.39.4 want: ^1.0.6
836 silly placeDep ROOT ajv@6.14.0 OK for: eslint@9.39.4 want: ^6.14.0
837 silly placeDep ROOT chalk@4.1.2 OK for: eslint@9.39.4 want: ^4.0.0
838 silly placeDep ROOT debug@4.4.3 OK for: eslint@9.39.4 want: ^4.3.2
839 silly placeDep ROOT escape-string-regexp@4.0.0 OK for: eslint@9.39.4 want: ^4.0.0
840 silly placeDep ROOT eslint-scope@8.4.0 OK for: eslint@9.39.4 want: ^8.4.0
841 silly placeDep ROOT eslint-visitor-keys@4.2.1 OK for: eslint@9.39.4 want: ^4.2.1
842 silly placeDep ROOT espree@10.4.0 OK for: eslint@9.39.4 want: ^10.4.0
843 silly placeDep ROOT esquery@1.7.0 OK for: eslint@9.39.4 want: ^1.5.0
844 silly placeDep ROOT esutils@2.0.3 OK for: eslint@9.39.4 want: ^2.0.2
845 silly placeDep ROOT fast-deep-equal@3.1.3 OK for: eslint@9.39.4 want: ^3.1.3
846 silly placeDep ROOT file-entry-cache@8.0.0 OK for: eslint@9.39.4 want: ^8.0.0
847 silly placeDep ROOT find-up@5.0.0 OK for: eslint@9.39.4 want: ^5.0.0
848 silly placeDep ROOT glob-parent@6.0.2 OK for: eslint@9.39.4 want: ^6.0.2
849 silly placeDep ROOT ignore@5.3.2 OK for: eslint@9.39.4 want: ^5.2.0
850 silly placeDep ROOT imurmurhash@0.1.4 OK for: eslint@9.39.4 want: ^0.1.4
851 silly placeDep ROOT is-glob@4.0.3 OK for: eslint@9.39.4 want: ^4.0.0
852 silly placeDep ROOT json-stable-stringify-without-jsonify@1.0.1 OK for: eslint@9.39.4 want: ^1.0.1
853 silly placeDep ROOT lodash.merge@4.6.2 OK for: eslint@9.39.4 want: ^4.6.2
854 silly placeDep ROOT minimatch@3.1.5 OK for: eslint@9.39.4 want: ^3.1.5
855 silly placeDep ROOT natural-compare@1.4.0 OK for: eslint@9.39.4 want: ^1.4.0
856 silly placeDep ROOT optionator@0.9.4 OK for: eslint@9.39.4 want: ^0.9.3
857 silly fetch manifest eslint-visitor-keys@^3.4.3
858 silly packumentCache full:https://registry.npmjs.org/eslint-visitor-keys cache-miss
859 silly fetch manifest debug@^4.3.1
860 silly packumentCache full:https://registry.npmjs.org/debug cache-miss
861 silly fetch manifest @eslint/object-schema@^2.1.7
862 silly packumentCache full:https://registry.npmjs.org/@eslint%2fobject-schema cache-miss
863 silly fetch manifest @types/json-schema@^7.0.15
864 silly packumentCache full:https://registry.npmjs.org/@types%2fjson-schema cache-miss
865 silly fetch manifest espree@^10.0.1
866 silly packumentCache full:https://registry.npmjs.org/espree cache-miss
867 silly fetch manifest globals@^14.0.0
868 silly packumentCache full:https://registry.npmjs.org/globals cache-miss
869 silly fetch manifest import-fresh@^3.2.1
870 silly packumentCache full:https://registry.npmjs.org/import-fresh cache-miss
871 http cache https://registry.npmjs.org/debug 8ms (cache hit)
872 silly packumentCache full:https://registry.npmjs.org/debug set size:195840 disposed:false
873 silly fetch manifest js-yaml@^4.1.1
874 silly packumentCache full:https://registry.npmjs.org/js-yaml cache-miss
875 http cache https://registry.npmjs.org/espree 9ms (cache hit)
876 silly packumentCache full:https://registry.npmjs.org/espree set size:326080 disposed:false
877 silly fetch manifest strip-json-comments@^3.1.1
878 silly packumentCache full:https://registry.npmjs.org/strip-json-comments cache-miss
879 http cache https://registry.npmjs.org/eslint-visitor-keys 13ms (cache hit)
880 silly packumentCache full:https://registry.npmjs.org/eslint-visitor-keys set size:69949 disposed:false
881 silly fetch manifest levn@^0.4.1
882 silly packumentCache full:https://registry.npmjs.org/levn cache-miss
883 http fetch GET 200 https://registry.npmjs.org/import-fresh 66ms (cache miss)
884 silly packumentCache full:https://registry.npmjs.org/import-fresh set size:undefined disposed:false
885 silly fetch manifest @humanwhocodes/retry@^0.4.0
886 silly packumentCache full:https://registry.npmjs.org/@humanwhocodes%2fretry cache-miss
887 http cache https://registry.npmjs.org/@humanwhocodes%2fretry 4ms (cache hit)
888 silly packumentCache full:https://registry.npmjs.org/@humanwhocodes%2fretry set size:42348 disposed:false
889 silly fetch manifest @humanfs/core@^0.19.1
890 silly packumentCache full:https://registry.npmjs.org/@humanfs%2fcore cache-miss
891 http fetch GET 200 https://registry.npmjs.org/globals 91ms (cache miss)
892 silly packumentCache full:https://registry.npmjs.org/globals set size:undefined disposed:false
893 silly fetch manifest fast-deep-equal@^3.1.1
894 silly packumentCache full:https://registry.npmjs.org/fast-deep-equal cache-miss
895 http fetch GET 200 https://registry.npmjs.org/js-yaml 90ms (cache miss)
896 silly packumentCache full:https://registry.npmjs.org/js-yaml set size:undefined disposed:false
897 silly fetch manifest fast-json-stable-stringify@^2.0.0
898 silly packumentCache full:https://registry.npmjs.org/fast-json-stable-stringify cache-miss
899 http fetch GET 200 https://registry.npmjs.org/strip-json-comments 90ms (cache miss)
900 silly packumentCache full:https://registry.npmjs.org/strip-json-comments set size:undefined disposed:false
901 silly fetch manifest json-schema-traverse@^0.4.1
902 silly packumentCache full:https://registry.npmjs.org/json-schema-traverse cache-miss
903 http fetch GET 200 https://registry.npmjs.org/levn 90ms (cache miss)
904 silly packumentCache full:https://registry.npmjs.org/levn set size:undefined disposed:false
905 silly fetch manifest uri-js@^4.2.2
906 silly packumentCache full:https://registry.npmjs.org/uri-js cache-miss
907 http fetch GET 200 https://registry.npmjs.org/@eslint%2fobject-schema 107ms (cache miss)
908 silly packumentCache full:https://registry.npmjs.org/@eslint%2fobject-schema set size:undefined disposed:false
909 silly fetch manifest ansi-styles@^4.1.0
910 silly packumentCache full:https://registry.npmjs.org/ansi-styles cache-miss
911 http cache https://registry.npmjs.org/fast-deep-equal 11ms (cache hit)
912 silly packumentCache full:https://registry.npmjs.org/fast-deep-equal set size:48634 disposed:false
913 silly fetch manifest supports-color@^7.1.0
914 silly packumentCache full:https://registry.npmjs.org/supports-color cache-miss
915 http fetch GET 200 https://registry.npmjs.org/@types%2fjson-schema 117ms (cache miss)
916 silly packumentCache full:https://registry.npmjs.org/@types%2fjson-schema set size:undefined disposed:false
917 silly fetch manifest ms@^2.1.3
918 silly packumentCache full:https://registry.npmjs.org/ms cache-miss
919 http fetch GET 200 https://registry.npmjs.org/@humanfs%2fcore 105ms (cache miss)
920 silly packumentCache full:https://registry.npmjs.org/@humanfs%2fcore set size:undefined disposed:false
921 silly fetch manifest esrecurse@^4.3.0
922 silly packumentCache full:https://registry.npmjs.org/esrecurse cache-miss
923 http fetch GET 200 https://registry.npmjs.org/supports-color 69ms (cache miss)
924 silly packumentCache full:https://registry.npmjs.org/supports-color set size:undefined disposed:false
925 silly fetch manifest estraverse@^5.2.0
926 silly packumentCache full:https://registry.npmjs.org/estraverse cache-miss
927 http fetch GET 200 https://registry.npmjs.org/fast-json-stable-stringify 81ms (cache miss)
928 silly packumentCache full:https://registry.npmjs.org/fast-json-stable-stringify set size:undefined disposed:false
929 silly fetch manifest acorn@^8.15.0
930 silly packumentCache full:https://registry.npmjs.org/acorn cache-miss
931 http fetch GET 200 https://registry.npmjs.org/ms 65ms (cache miss)
932 silly packumentCache full:https://registry.npmjs.org/ms set size:undefined disposed:false
933 silly fetch manifest acorn-jsx@^5.3.2
934 silly packumentCache full:https://registry.npmjs.org/acorn-jsx cache-miss
935 http fetch GET 200 https://registry.npmjs.org/uri-js 80ms (cache miss)
936 silly packumentCache full:https://registry.npmjs.org/uri-js set size:undefined disposed:false
937 silly fetch manifest estraverse@^5.1.0
938 silly packumentCache full:https://registry.npmjs.org/estraverse cache-miss
939 http fetch GET 200 https://registry.npmjs.org/ansi-styles 78ms (cache miss)
940 silly packumentCache full:https://registry.npmjs.org/ansi-styles set size:undefined disposed:false
941 silly fetch manifest flat-cache@^4.0.0
942 silly packumentCache full:https://registry.npmjs.org/flat-cache cache-miss
943 http fetch GET 200 https://registry.npmjs.org/json-schema-traverse 85ms (cache miss)
944 silly packumentCache full:https://registry.npmjs.org/json-schema-traverse set size:undefined disposed:false
945 silly fetch manifest locate-path@^6.0.0
946 silly packumentCache full:https://registry.npmjs.org/locate-path cache-miss
947 http fetch GET 200 https://registry.npmjs.org/esrecurse 57ms (cache miss)
948 silly packumentCache full:https://registry.npmjs.org/esrecurse set size:undefined disposed:false
949 silly fetch manifest path-exists@^4.0.0
950 silly packumentCache full:https://registry.npmjs.org/path-exists cache-miss
951 http fetch GET 200 https://registry.npmjs.org/estraverse 53ms (cache miss)
952 silly packumentCache full:https://registry.npmjs.org/estraverse set size:undefined disposed:false
953 silly fetch manifest is-glob@^4.0.3
954 silly packumentCache full:https://registry.npmjs.org/is-glob cache-miss
955 http cache https://registry.npmjs.org/is-glob 5ms (cache hit)
956 silly packumentCache full:https://registry.npmjs.org/is-glob set size:40530 disposed:false
957 silly fetch manifest is-extglob@^2.1.1
958 silly packumentCache full:https://registry.npmjs.org/is-extglob cache-miss
959 http fetch GET 200 https://registry.npmjs.org/estraverse 58ms (cache miss)
960 silly packumentCache full:https://registry.npmjs.org/estraverse set size:undefined disposed:false
961 silly fetch manifest brace-expansion@^1.1.7
962 silly packumentCache full:https://registry.npmjs.org/brace-expansion cache-miss
963 http fetch GET 200 https://registry.npmjs.org/acorn-jsx 73ms (cache miss)
964 silly packumentCache full:https://registry.npmjs.org/acorn-jsx set size:undefined disposed:false
965 silly fetch manifest prelude-ls@^1.2.1
966 silly packumentCache full:https://registry.npmjs.org/prelude-ls cache-miss
967 http fetch GET 200 https://registry.npmjs.org/locate-path 70ms (cache miss)
968 silly packumentCache full:https://registry.npmjs.org/locate-path set size:undefined disposed:false
969 silly fetch manifest deep-is@^0.1.3
970 silly packumentCache full:https://registry.npmjs.org/deep-is cache-miss
971 http fetch GET 200 https://registry.npmjs.org/flat-cache 74ms (cache miss)
972 silly packumentCache full:https://registry.npmjs.org/flat-cache set size:undefined disposed:false
973 silly fetch manifest word-wrap@^1.2.5
974 silly packumentCache full:https://registry.npmjs.org/word-wrap cache-miss
975 http fetch GET 200 https://registry.npmjs.org/acorn 80ms (cache miss)
976 silly packumentCache full:https://registry.npmjs.org/acorn set size:undefined disposed:false
977 silly fetch manifest type-check@^0.4.0
978 silly packumentCache full:https://registry.npmjs.org/type-check cache-miss
979 http fetch GET 200 https://registry.npmjs.org/path-exists 63ms (cache miss)
980 silly packumentCache full:https://registry.npmjs.org/path-exists set size:undefined disposed:false
981 silly fetch manifest fast-levenshtein@^2.0.6
982 silly packumentCache full:https://registry.npmjs.org/fast-levenshtein cache-miss
983 http fetch GET 200 https://registry.npmjs.org/is-extglob 74ms (cache miss)
984 silly packumentCache full:https://registry.npmjs.org/is-extglob set size:undefined disposed:false
985 http fetch GET 200 https://registry.npmjs.org/brace-expansion 80ms (cache miss)
986 silly packumentCache full:https://registry.npmjs.org/brace-expansion set size:undefined disposed:false
987 http fetch GET 200 https://registry.npmjs.org/prelude-ls 80ms (cache miss)
988 silly packumentCache full:https://registry.npmjs.org/prelude-ls set size:undefined disposed:false
989 http fetch GET 200 https://registry.npmjs.org/deep-is 322ms (cache miss)
990 silly packumentCache full:https://registry.npmjs.org/deep-is set size:undefined disposed:false
991 http fetch GET 200 https://registry.npmjs.org/word-wrap 442ms (cache miss)
992 silly packumentCache full:https://registry.npmjs.org/word-wrap set size:undefined disposed:false
993 http fetch GET 200 https://registry.npmjs.org/fast-levenshtein 408ms (cache miss)
994 silly packumentCache full:https://registry.npmjs.org/fast-levenshtein set size:undefined disposed:false
995 http fetch GET 200 https://registry.npmjs.org/type-check 548ms (cache miss)
996 silly packumentCache full:https://registry.npmjs.org/type-check set size:undefined disposed:false
997 silly placeDep node_modules/@eslint-community/eslint-utils eslint-visitor-keys@3.4.3 OK for: @eslint-community/eslint-utils@4.9.1 want: ^3.4.3
998 silly placeDep ROOT @eslint/object-schema@2.1.7 OK for: @eslint/config-array@0.21.2 want: ^2.1.7
999 silly placeDep ROOT @types/json-schema@7.0.15 OK for: @eslint/core@0.17.0 want: ^7.0.15
1000 silly placeDep ROOT globals@14.0.0 OK for: @eslint/eslintrc@3.3.5 want: ^14.0.0
1001 silly placeDep ROOT import-fresh@3.3.1 OK for: @eslint/eslintrc@3.3.5 want: ^3.2.1
1002 silly placeDep ROOT js-yaml@4.1.1 OK for: @eslint/eslintrc@3.3.5 want: ^4.1.1
1003 silly placeDep ROOT strip-json-comments@3.1.1 OK for: @eslint/eslintrc@3.3.5 want: ^3.1.1
1004 silly fetch manifest resolve-from@^4.0.0
1005 silly packumentCache full:https://registry.npmjs.org/resolve-from cache-miss
1006 silly fetch manifest parent-module@^1.0.0
1007 silly packumentCache full:https://registry.npmjs.org/parent-module cache-miss
1008 silly fetch manifest argparse@^2.0.1
1009 silly packumentCache full:https://registry.npmjs.org/argparse cache-miss
1010 http fetch GET 200 https://registry.npmjs.org/resolve-from 61ms (cache miss)
1011 silly packumentCache full:https://registry.npmjs.org/resolve-from set size:undefined disposed:false
1012 http fetch GET 200 https://registry.npmjs.org/argparse 126ms (cache miss)
1013 silly packumentCache full:https://registry.npmjs.org/argparse set size:undefined disposed:false
1014 http fetch GET 200 https://registry.npmjs.org/parent-module 146ms (cache miss)
1015 silly packumentCache full:https://registry.npmjs.org/parent-module set size:undefined disposed:false
1016 silly placeDep ROOT levn@0.4.1 OK for: @eslint/plugin-kit@0.4.1 want: ^0.4.1
1017 silly fetch manifest type-check@~0.4.0
1018 silly packumentCache full:https://registry.npmjs.org/type-check cache-miss
1019 http cache https://registry.npmjs.org/type-check 2ms (cache hit)
1020 silly packumentCache full:https://registry.npmjs.org/type-check set size:21221 disposed:false
1021 silly placeDep ROOT @humanfs/core@0.19.1 OK for: @humanfs/node@0.16.7 want: ^0.19.1
1022 silly placeDep ROOT fast-json-stable-stringify@2.1.0 OK for: ajv@6.14.0 want: ^2.0.0
1023 silly placeDep ROOT json-schema-traverse@0.4.1 OK for: ajv@6.14.0 want: ^0.4.1
1024 silly placeDep ROOT uri-js@4.4.1 OK for: ajv@6.14.0 want: ^4.2.2
1025 silly fetch manifest punycode@^2.1.0
1026 silly packumentCache full:https://registry.npmjs.org/punycode cache-miss
1027 http fetch GET 200 https://registry.npmjs.org/punycode 118ms (cache miss)
1028 silly packumentCache full:https://registry.npmjs.org/punycode set size:undefined disposed:false
1029 silly placeDep ROOT ansi-styles@4.3.0 OK for: chalk@4.1.2 want: ^4.1.0
1030 silly placeDep ROOT supports-color@7.2.0 OK for: chalk@4.1.2 want: ^7.1.0
1031 silly fetch manifest color-convert@^2.0.1
1032 silly packumentCache full:https://registry.npmjs.org/color-convert cache-miss
1033 silly fetch manifest has-flag@^4.0.0
1034 silly packumentCache full:https://registry.npmjs.org/has-flag cache-miss
1035 http fetch GET 200 https://registry.npmjs.org/color-convert 118ms (cache miss)
1036 silly packumentCache full:https://registry.npmjs.org/color-convert set size:undefined disposed:false
1037 http fetch GET 200 https://registry.npmjs.org/has-flag 121ms (cache miss)
1038 silly packumentCache full:https://registry.npmjs.org/has-flag set size:undefined disposed:false
1039 silly placeDep ROOT color-convert@2.0.1 OK for: ansi-styles@4.3.0 want: ^2.0.1
1040 silly fetch manifest color-name@~1.1.4
1041 silly packumentCache full:https://registry.npmjs.org/color-name cache-miss
1042 http fetch GET 200 https://registry.npmjs.org/color-name 95ms (cache miss)
1043 silly packumentCache full:https://registry.npmjs.org/color-name set size:undefined disposed:false
1044 silly placeDep ROOT color-name@1.1.4 OK for: color-convert@2.0.1 want: ~1.1.4
1045 silly placeDep ROOT ms@2.1.3 OK for: debug@4.4.3 want: ^2.1.3
1046 silly placeDep ROOT @next/eslint-plugin-next@15.1.0 OK for: eslint-config-next@15.1.0 want: 15.1.0
1047 silly placeDep ROOT @rushstack/eslint-patch@1.16.1 OK for: eslint-config-next@15.1.0 want: ^1.10.3
1048 silly placeDep ROOT @typescript-eslint/eslint-plugin@8.58.0 OK for: eslint-config-next@15.1.0 want: ^5.4.2 || ^6.0.0 || ^7.0.0 || ^8.0.0
1049 silly placeDep ROOT @typescript-eslint/parser@8.58.0 OK for: eslint-config-next@15.1.0 want: ^5.4.2 || ^6.0.0 || ^7.0.0 || ^8.0.0
1050 silly placeDep ROOT eslint-import-resolver-node@0.3.10 OK for: eslint-config-next@15.1.0 want: ^0.3.6
1051 silly placeDep ROOT eslint-import-resolver-typescript@3.10.1 OK for: eslint-config-next@15.1.0 want: ^3.5.2
1052 silly placeDep ROOT eslint-plugin-import@2.32.0 OK for: eslint-config-next@15.1.0 want: ^2.31.0
1053 silly placeDep ROOT eslint-plugin-jsx-a11y@6.10.2 OK for: eslint-config-next@15.1.0 want: ^6.10.0
1054 silly placeDep ROOT eslint-plugin-react@7.37.5 OK for: eslint-config-next@15.1.0 want: ^7.37.0
1055 silly placeDep ROOT eslint-plugin-react-hooks@5.2.0 OK for: eslint-config-next@15.1.0 want: ^5.0.0
1056 silly fetch manifest fast-glob@3.3.1
1057 silly packumentCache full:https://registry.npmjs.org/fast-glob cache-miss
1058 silly fetch manifest ignore@^7.0.5
1059 silly packumentCache full:https://registry.npmjs.org/ignore cache-miss
1060 silly fetch manifest ts-api-utils@^2.5.0
1061 silly packumentCache full:https://registry.npmjs.org/ts-api-utils cache-miss
1062 silly fetch manifest @typescript-eslint/utils@8.58.0
1063 silly packumentCache full:https://registry.npmjs.org/@typescript-eslint%2futils cache-miss
1064 silly fetch manifest @typescript-eslint/type-utils@8.58.0
1065 silly packumentCache full:https://registry.npmjs.org/@typescript-eslint%2ftype-utils cache-miss
1066 silly fetch manifest @typescript-eslint/visitor-keys@8.58.0
1067 silly packumentCache full:https://registry.npmjs.org/@typescript-eslint%2fvisitor-keys cache-miss
1068 silly fetch manifest @typescript-eslint/scope-manager@8.58.0
1069 silly packumentCache full:https://registry.npmjs.org/@typescript-eslint%2fscope-manager cache-miss
1070 http cache https://registry.npmjs.org/ignore 6ms (cache hit)
1071 silly packumentCache full:https://registry.npmjs.org/ignore set size:237380 disposed:false
1072 silly fetch manifest @typescript-eslint/types@8.58.0
1073 silly packumentCache full:https://registry.npmjs.org/@typescript-eslint%2ftypes cache-miss
1074 http fetch GET 200 https://registry.npmjs.org/ts-api-utils 365ms (cache miss)
1075 silly packumentCache full:https://registry.npmjs.org/ts-api-utils set size:undefined disposed:false
1076 silly fetch manifest @typescript-eslint/visitor-keys@8.58.0
1077 silly packumentCache full:https://registry.npmjs.org/@typescript-eslint%2fvisitor-keys cache-miss
1078 http fetch GET 200 https://registry.npmjs.org/fast-glob 375ms (cache miss)
1079 silly packumentCache full:https://registry.npmjs.org/fast-glob set size:undefined disposed:false
1080 silly fetch manifest @typescript-eslint/scope-manager@8.58.0
1081 silly packumentCache full:https://registry.npmjs.org/@typescript-eslint%2fscope-manager cache-miss
1082 http fetch GET 200 https://registry.npmjs.org/@typescript-eslint%2futils 591ms (cache miss)
1083 silly packumentCache full:https://registry.npmjs.org/@typescript-eslint%2futils set size:undefined disposed:false
1084 silly fetch manifest @typescript-eslint/typescript-estree@8.58.0
1085 silly packumentCache full:https://registry.npmjs.org/@typescript-eslint%2ftypescript-estree cache-miss
1086 http fetch GET 200 https://registry.npmjs.org/@typescript-eslint%2ftype-utils 671ms (cache miss)
1087 silly packumentCache full:https://registry.npmjs.org/@typescript-eslint%2ftype-utils set size:undefined disposed:false
1088 silly fetch manifest debug@^3.2.7
1089 silly packumentCache full:https://registry.npmjs.org/debug cache-hit
1090 silly fetch manifest is-core-module@^2.16.1
1091 silly packumentCache full:https://registry.npmjs.org/is-core-module cache-miss
1092 http fetch GET 200 https://registry.npmjs.org/@typescript-eslint%2ftypes 799ms (cache miss)
1093 silly packumentCache full:https://registry.npmjs.org/@typescript-eslint%2ftypes set size:undefined disposed:false
1094 silly fetch manifest resolve@^2.0.0-next.6
1095 silly packumentCache full:https://registry.npmjs.org/resolve cache-miss
1096 http fetch GET 200 https://registry.npmjs.org/is-core-module 229ms (cache miss)
1097 silly packumentCache full:https://registry.npmjs.org/is-core-module set size:undefined disposed:false
1098 silly fetch manifest tinyglobby@^0.2.13
1099 silly packumentCache full:https://registry.npmjs.org/tinyglobby cache-miss
1100 http fetch GET 200 https://registry.npmjs.org/@typescript-eslint%2fvisitor-keys 643ms (cache miss)
1101 silly packumentCache full:https://registry.npmjs.org/@typescript-eslint%2fvisitor-keys set size:undefined disposed:false
1102 silly fetch manifest stable-hash@^0.0.5
1103 silly packumentCache full:https://registry.npmjs.org/stable-hash cache-miss
1104 http fetch GET 200 https://registry.npmjs.org/resolve 204ms (cache miss)
1105 silly packumentCache full:https://registry.npmjs.org/resolve set size:undefined disposed:false
1106 silly fetch manifest get-tsconfig@^4.10.0
1107 silly packumentCache full:https://registry.npmjs.org/get-tsconfig cache-miss
1108 http fetch GET 200 https://registry.npmjs.org/@typescript-eslint%2fscope-manager 690ms (cache miss)
1109 silly packumentCache full:https://registry.npmjs.org/@typescript-eslint%2fscope-manager set size:undefined disposed:false
1110 silly fetch manifest is-bun-module@^2.0.0
1111 silly packumentCache full:https://registry.npmjs.org/is-bun-module cache-miss
1112 http fetch GET 200 https://registry.npmjs.org/tinyglobby 196ms (cache miss)
1113 silly packumentCache full:https://registry.npmjs.org/tinyglobby set size:undefined disposed:false
1114 silly fetch manifest unrs-resolver@^1.6.2
1115 silly packumentCache full:https://registry.npmjs.org/unrs-resolver cache-miss
1116 http fetch GET 200 https://registry.npmjs.org/get-tsconfig 75ms (cache miss)
1117 silly packumentCache full:https://registry.npmjs.org/get-tsconfig set size:undefined disposed:false
1118 silly fetch manifest @nolyfill/is-core-module@1.0.39
1119 silly packumentCache full:https://registry.npmjs.org/@nolyfill%2fis-core-module cache-miss
1120 http fetch GET 200 https://registry.npmjs.org/@typescript-eslint%2fvisitor-keys 1176ms (cache miss)
1121 silly packumentCache full:https://registry.npmjs.org/@typescript-eslint%2fvisitor-keys set size:undefined disposed:false
1122 silly fetch manifest @rtsao/scc@^1.1.0
1123 silly packumentCache full:https://registry.npmjs.org/@rtsao%2fscc cache-miss
1124 http fetch GET 200 https://registry.npmjs.org/@typescript-eslint%2fscope-manager 1258ms (cache miss)
1125 silly packumentCache full:https://registry.npmjs.org/@typescript-eslint%2fscope-manager set size:undefined disposed:false
1126 silly fetch manifest array-includes@^3.1.9
1127 silly packumentCache full:https://registry.npmjs.org/array-includes cache-miss
1128 http fetch GET 200 https://registry.npmjs.org/@typescript-eslint%2ftypescript-estree 713ms (cache miss)
1129 silly packumentCache full:https://registry.npmjs.org/@typescript-eslint%2ftypescript-estree set size:undefined disposed:false
1130 silly fetch manifest array.prototype.findlastindex@^1.2.6
1131 silly packumentCache full:https://registry.npmjs.org/array.prototype.findlastindex cache-miss
1132 http fetch GET 200 https://registry.npmjs.org/stable-hash 443ms (cache miss)
1133 silly packumentCache full:https://registry.npmjs.org/stable-hash set size:undefined disposed:false
1134 silly fetch manifest array.prototype.flat@^1.3.3
1135 silly packumentCache full:https://registry.npmjs.org/array.prototype.flat cache-miss
1136 http fetch GET 200 https://registry.npmjs.org/is-bun-module 382ms (cache miss)
1137 silly packumentCache full:https://registry.npmjs.org/is-bun-module set size:undefined disposed:false
1138 silly fetch manifest array.prototype.flatmap@^1.3.3
1139 silly packumentCache full:https://registry.npmjs.org/array.prototype.flatmap cache-miss
1140 http fetch GET 200 https://registry.npmjs.org/array-includes 171ms (cache miss)
1141 silly packumentCache full:https://registry.npmjs.org/array-includes set size:undefined disposed:false
1142 silly fetch manifest doctrine@^2.1.0
1143 silly packumentCache full:https://registry.npmjs.org/doctrine cache-miss
1144 http fetch GET 200 https://registry.npmjs.org/unrs-resolver 362ms (cache miss)
1145 silly packumentCache full:https://registry.npmjs.org/unrs-resolver set size:undefined disposed:false
1146 silly fetch manifest eslint-module-utils@^2.12.1
1147 silly packumentCache full:https://registry.npmjs.org/eslint-module-utils cache-miss
1148 http fetch GET 200 https://registry.npmjs.org/array.prototype.findlastindex 96ms (cache miss)
1149 silly packumentCache full:https://registry.npmjs.org/array.prototype.findlastindex set size:undefined disposed:false
1150 silly fetch manifest hasown@^2.0.2
1151 silly packumentCache full:https://registry.npmjs.org/hasown cache-miss
1152 http fetch GET 200 https://registry.npmjs.org/doctrine 69ms (cache miss)
1153 silly packumentCache full:https://registry.npmjs.org/doctrine set size:undefined disposed:false
1154 silly fetch manifest object.fromentries@^2.0.8
1155 silly packumentCache full:https://registry.npmjs.org/object.fromentries cache-miss
1156 http fetch GET 200 https://registry.npmjs.org/array.prototype.flat 77ms (cache miss)
1157 silly packumentCache full:https://registry.npmjs.org/array.prototype.flat set size:undefined disposed:false
1158 silly fetch manifest object.groupby@^1.0.3
1159 silly packumentCache full:https://registry.npmjs.org/object.groupby cache-miss
1160 http fetch GET 200 https://registry.npmjs.org/array.prototype.flatmap 110ms (cache miss)
1161 silly packumentCache full:https://registry.npmjs.org/array.prototype.flatmap set size:undefined disposed:false
1162 silly fetch manifest object.values@^1.2.1
1163 silly packumentCache full:https://registry.npmjs.org/object.values cache-miss
1164 http fetch GET 200 https://registry.npmjs.org/object.fromentries 79ms (cache miss)
1165 silly packumentCache full:https://registry.npmjs.org/object.fromentries set size:undefined disposed:false
1166 silly fetch manifest semver@^6.3.1
1167 silly packumentCache full:https://registry.npmjs.org/semver cache-miss
1168 http fetch GET 200 https://registry.npmjs.org/hasown 86ms (cache miss)
1169 silly packumentCache full:https://registry.npmjs.org/hasown set size:undefined disposed:false
1170 silly fetch manifest string.prototype.trimend@^1.0.9
1171 silly packumentCache full:https://registry.npmjs.org/string.prototype.trimend cache-miss
1172 http fetch GET 200 https://registry.npmjs.org/object.groupby 91ms (cache miss)
1173 silly packumentCache full:https://registry.npmjs.org/object.groupby set size:undefined disposed:false
1174 silly fetch manifest tsconfig-paths@^3.15.0
1175 silly packumentCache full:https://registry.npmjs.org/tsconfig-paths cache-miss
1176 http fetch GET 200 https://registry.npmjs.org/@rtsao%2fscc 443ms (cache miss)
1177 silly packumentCache full:https://registry.npmjs.org/@rtsao%2fscc set size:undefined disposed:false
1178 silly fetch manifest aria-query@^5.3.2
1179 silly packumentCache full:https://registry.npmjs.org/aria-query cache-miss
1180 http fetch GET 200 https://registry.npmjs.org/semver 82ms (cache miss)
1181 silly packumentCache full:https://registry.npmjs.org/semver set size:undefined disposed:false
1182 silly fetch manifest array-includes@^3.1.8
1183 silly packumentCache full:https://registry.npmjs.org/array-includes cache-miss
1184 http cache https://registry.npmjs.org/array-includes 4ms (cache hit)
1185 silly packumentCache full:https://registry.npmjs.org/array-includes set size:77143 disposed:false
1186 silly fetch manifest array.prototype.flatmap@^1.3.2
1187 silly packumentCache full:https://registry.npmjs.org/array.prototype.flatmap cache-miss
1188 http cache https://registry.npmjs.org/array.prototype.flatmap 2ms (cache hit)
1189 silly packumentCache full:https://registry.npmjs.org/array.prototype.flatmap set size:51458 disposed:false
1190 silly fetch manifest ast-types-flow@^0.0.8
1191 silly packumentCache full:https://registry.npmjs.org/ast-types-flow cache-miss
1192 http fetch GET 200 https://registry.npmjs.org/object.values 145ms (cache miss)
1193 silly packumentCache full:https://registry.npmjs.org/object.values set size:undefined disposed:false
1194 silly fetch manifest axe-core@^4.10.0
1195 silly packumentCache full:https://registry.npmjs.org/axe-core cache-miss
1196 http fetch GET 200 https://registry.npmjs.org/string.prototype.trimend 102ms (cache miss)
1197 silly packumentCache full:https://registry.npmjs.org/string.prototype.trimend set size:undefined disposed:false
1198 silly fetch manifest axobject-query@^4.1.0
1199 silly packumentCache full:https://registry.npmjs.org/axobject-query cache-miss
1200 http fetch GET 200 https://registry.npmjs.org/aria-query 91ms (cache miss)
1201 silly packumentCache full:https://registry.npmjs.org/aria-query set size:undefined disposed:false
1202 silly fetch manifest damerau-levenshtein@^1.0.8
1203 silly packumentCache full:https://registry.npmjs.org/damerau-levenshtein cache-miss
1204 http fetch GET 200 https://registry.npmjs.org/ast-types-flow 72ms (cache miss)
1205 silly packumentCache full:https://registry.npmjs.org/ast-types-flow set size:undefined disposed:false
1206 silly fetch manifest emoji-regex@^9.2.2
1207 silly packumentCache full:https://registry.npmjs.org/emoji-regex cache-miss
1208 http fetch GET 200 https://registry.npmjs.org/axobject-query 91ms (cache miss)
1209 silly packumentCache full:https://registry.npmjs.org/axobject-query set size:undefined disposed:false
1210 silly fetch manifest jsx-ast-utils@^3.3.5
1211 silly packumentCache full:https://registry.npmjs.org/jsx-ast-utils cache-miss
1212 http fetch GET 200 https://registry.npmjs.org/damerau-levenshtein 124ms (cache miss)
1213 silly packumentCache full:https://registry.npmjs.org/damerau-levenshtein set size:undefined disposed:false
1214 silly fetch manifest language-tags@^1.0.9
1215 silly packumentCache full:https://registry.npmjs.org/language-tags cache-miss
1216 http fetch GET 200 https://registry.npmjs.org/eslint-module-utils 392ms (cache miss)
1217 silly packumentCache full:https://registry.npmjs.org/eslint-module-utils set size:undefined disposed:false
1218 silly fetch manifest safe-regex-test@^1.0.3
1219 silly packumentCache full:https://registry.npmjs.org/safe-regex-test cache-miss
1220 http fetch GET 200 https://registry.npmjs.org/emoji-regex 129ms (cache miss)
1221 silly packumentCache full:https://registry.npmjs.org/emoji-regex set size:undefined disposed:false
1222 silly fetch manifest string.prototype.includes@^2.0.1
1223 silly packumentCache full:https://registry.npmjs.org/string.prototype.includes cache-miss
1224 http fetch GET 200 https://registry.npmjs.org/jsx-ast-utils 118ms (cache miss)
1225 silly packumentCache full:https://registry.npmjs.org/jsx-ast-utils set size:undefined disposed:false
1226 silly fetch manifest array.prototype.findlast@^1.2.5
1227 silly packumentCache full:https://registry.npmjs.org/array.prototype.findlast cache-miss
1228 http fetch GET 200 https://registry.npmjs.org/language-tags 100ms (cache miss)
1229 silly packumentCache full:https://registry.npmjs.org/language-tags set size:undefined disposed:false
1230 silly fetch manifest array.prototype.tosorted@^1.1.4
1231 silly packumentCache full:https://registry.npmjs.org/array.prototype.tosorted cache-miss
1232 http fetch GET 200 https://registry.npmjs.org/tsconfig-paths 361ms (cache miss)
1233 silly packumentCache full:https://registry.npmjs.org/tsconfig-paths set size:undefined disposed:false
1234 silly fetch manifest es-iterator-helpers@^1.2.1
1235 silly packumentCache full:https://registry.npmjs.org/es-iterator-helpers cache-miss
1236 http fetch GET 200 https://registry.npmjs.org/@nolyfill%2fis-core-module 896ms (cache miss)
1237 silly packumentCache full:https://registry.npmjs.org/@nolyfill%2fis-core-module set size:undefined disposed:false
1238 silly fetch manifest estraverse@^5.3.0
1239 silly packumentCache full:https://registry.npmjs.org/estraverse cache-miss
1240 http fetch GET 200 https://registry.npmjs.org/string.prototype.includes 88ms (cache miss)
1241 silly packumentCache full:https://registry.npmjs.org/string.prototype.includes set size:undefined disposed:false
1242 silly fetch manifest jsx-ast-utils@^2.4.1 || ^3.0.0
1243 silly packumentCache full:https://registry.npmjs.org/jsx-ast-utils cache-miss
1244 http fetch GET 200 https://registry.npmjs.org/safe-regex-test 146ms (cache miss)
1245 silly packumentCache full:https://registry.npmjs.org/safe-regex-test set size:undefined disposed:false
1246 silly fetch manifest object.entries@^1.1.9
1247 silly packumentCache full:https://registry.npmjs.org/object.entries cache-miss
1248 http cache https://registry.npmjs.org/estraverse 15ms (cache hit)
1249 silly packumentCache full:https://registry.npmjs.org/estraverse set size:62412 disposed:false
1250 silly fetch manifest prop-types@^15.8.1
1251 silly packumentCache full:https://registry.npmjs.org/prop-types cache-miss
1252 http cache https://registry.npmjs.org/jsx-ast-utils 16ms (cache hit)
1253 silly packumentCache full:https://registry.npmjs.org/jsx-ast-utils set size:115998 disposed:false
1254 silly fetch manifest resolve@^2.0.0-next.5
1255 silly packumentCache full:https://registry.npmjs.org/resolve cache-miss
1256 http cache https://registry.npmjs.org/resolve 11ms (cache hit)
1257 silly packumentCache full:https://registry.npmjs.org/resolve set size:238156 disposed:false
1258 silly fetch manifest string.prototype.matchall@^4.0.12
1259 silly packumentCache full:https://registry.npmjs.org/string.prototype.matchall cache-miss
1260 http fetch GET 200 https://registry.npmjs.org/array.prototype.tosorted 93ms (cache miss)
1261 silly packumentCache full:https://registry.npmjs.org/array.prototype.tosorted set size:undefined disposed:false
1262 silly fetch manifest string.prototype.repeat@^1.0.0
1263 silly packumentCache full:https://registry.npmjs.org/string.prototype.repeat cache-miss
1264 http fetch GET 200 https://registry.npmjs.org/array.prototype.findlast 124ms (cache miss)
1265 silly packumentCache full:https://registry.npmjs.org/array.prototype.findlast set size:undefined disposed:false
1266 http fetch GET 200 https://registry.npmjs.org/es-iterator-helpers 91ms (cache miss)
1267 silly packumentCache full:https://registry.npmjs.org/es-iterator-helpers set size:undefined disposed:false
1268 http fetch GET 200 https://registry.npmjs.org/prop-types 110ms (cache miss)
1269 silly packumentCache full:https://registry.npmjs.org/prop-types set size:undefined disposed:false
1270 http fetch GET 200 https://registry.npmjs.org/string.prototype.matchall 174ms (cache miss)
1271 silly packumentCache full:https://registry.npmjs.org/string.prototype.matchall set size:undefined disposed:false
1272 http fetch GET 200 https://registry.npmjs.org/axe-core 520ms (cache miss)
1273 silly packumentCache full:https://registry.npmjs.org/axe-core set size:undefined disposed:false
1274 http fetch GET 200 https://registry.npmjs.org/object.entries 367ms (cache miss)
1275 silly packumentCache full:https://registry.npmjs.org/object.entries set size:undefined disposed:false
1276 http fetch GET 200 https://registry.npmjs.org/string.prototype.repeat 397ms (cache miss)
1277 silly packumentCache full:https://registry.npmjs.org/string.prototype.repeat set size:undefined disposed:false
1278 silly placeDep ROOT fast-glob@3.3.1 OK for: @next/eslint-plugin-next@15.1.0 want: 3.3.1
1279 silly fetch manifest merge2@^1.3.0
1280 silly packumentCache full:https://registry.npmjs.org/merge2 cache-miss
1281 silly fetch manifest micromatch@^4.0.4
1282 silly packumentCache full:https://registry.npmjs.org/micromatch cache-miss
1283 silly fetch manifest glob-parent@^5.1.2
1284 silly packumentCache full:https://registry.npmjs.org/glob-parent cache-miss
1285 silly fetch manifest @nodelib/fs.stat@^2.0.2
1286 silly packumentCache full:https://registry.npmjs.org/@nodelib%2ffs.stat cache-miss
1287 silly fetch manifest @nodelib/fs.walk@^1.2.3
1288 silly packumentCache full:https://registry.npmjs.org/@nodelib%2ffs.walk cache-miss
1289 http cache https://registry.npmjs.org/glob-parent 13ms (cache hit)
1290 silly packumentCache full:https://registry.npmjs.org/glob-parent set size:42445 disposed:false
1291 http fetch GET 200 https://registry.npmjs.org/merge2 80ms (cache miss)
1292 silly packumentCache full:https://registry.npmjs.org/merge2 set size:undefined disposed:false
1293 http fetch GET 200 https://registry.npmjs.org/micromatch 87ms (cache miss)
1294 silly packumentCache full:https://registry.npmjs.org/micromatch set size:undefined disposed:false
1295 http fetch GET 200 https://registry.npmjs.org/@nodelib%2ffs.stat 568ms (cache miss)
1296 silly packumentCache full:https://registry.npmjs.org/@nodelib%2ffs.stat set size:undefined disposed:false
1297 http fetch GET 200 https://registry.npmjs.org/@nodelib%2ffs.walk 835ms (cache miss)
1298 silly packumentCache full:https://registry.npmjs.org/@nodelib%2ffs.walk set size:undefined disposed:false
1299 silly placeDep ROOT @typescript-eslint/scope-manager@8.58.0 OK for: @typescript-eslint/eslint-plugin@8.58.0 want: 8.58.0
1300 silly placeDep ROOT @typescript-eslint/type-utils@8.58.0 OK for: @typescript-eslint/eslint-plugin@8.58.0 want: 8.58.0
1301 silly placeDep ROOT @typescript-eslint/utils@8.58.0 OK for: @typescript-eslint/eslint-plugin@8.58.0 want: 8.58.0
1302 silly placeDep ROOT @typescript-eslint/visitor-keys@8.58.0 OK for: @typescript-eslint/eslint-plugin@8.58.0 want: 8.58.0
1303 silly placeDep node_modules/@typescript-eslint/eslint-plugin ignore@7.0.5 OK for: @typescript-eslint/eslint-plugin@8.58.0 want: ^7.0.5
1304 silly placeDep ROOT ts-api-utils@2.5.0 OK for: @typescript-eslint/eslint-plugin@8.58.0 want: ^2.5.0
1305 silly fetch manifest eslint-visitor-keys@^5.0.0
1306 silly packumentCache full:https://registry.npmjs.org/eslint-visitor-keys cache-hit
1307 silly placeDep ROOT @typescript-eslint/types@8.58.0 OK for: @typescript-eslint/parser@8.58.0 want: 8.58.0
1308 silly placeDep ROOT @typescript-eslint/typescript-estree@8.58.0 OK for: @typescript-eslint/parser@8.58.0 want: 8.58.0
1309 silly fetch manifest semver@^7.7.3
1310 silly packumentCache full:https://registry.npmjs.org/semver cache-miss
1311 silly fetch manifest minimatch@^10.2.2
1312 silly packumentCache full:https://registry.npmjs.org/minimatch cache-miss
1313 silly fetch manifest tinyglobby@^0.2.15
1314 silly packumentCache full:https://registry.npmjs.org/tinyglobby cache-miss
1315 silly fetch manifest @typescript-eslint/tsconfig-utils@8.58.0
1316 silly packumentCache full:https://registry.npmjs.org/@typescript-eslint%2ftsconfig-utils cache-miss
1317 silly fetch manifest @typescript-eslint/project-service@8.58.0
1318 silly packumentCache full:https://registry.npmjs.org/@typescript-eslint%2fproject-service cache-miss
1319 http cache https://registry.npmjs.org/tinyglobby 3ms (cache hit)
1320 silly packumentCache full:https://registry.npmjs.org/tinyglobby set size:49812 disposed:false
1321 http cache https://registry.npmjs.org/semver 4ms (cache hit)
1322 silly packumentCache full:https://registry.npmjs.org/semver set size:229620 disposed:false
1323 http cache https://registry.npmjs.org/minimatch 7ms (cache hit)
1324 silly packumentCache full:https://registry.npmjs.org/minimatch set size:375282 disposed:false
1325 http fetch GET 200 https://registry.npmjs.org/@typescript-eslint%2fproject-service 98ms (cache miss)
1326 silly packumentCache full:https://registry.npmjs.org/@typescript-eslint%2fproject-service set size:undefined disposed:false
1327 http fetch GET 200 https://registry.npmjs.org/@typescript-eslint%2ftsconfig-utils 124ms (cache miss)
1328 silly packumentCache full:https://registry.npmjs.org/@typescript-eslint%2ftsconfig-utils set size:undefined disposed:false
1329 silly placeDep ROOT @typescript-eslint/project-service@8.58.0 OK for: @typescript-eslint/typescript-estree@8.58.0 want: 8.58.0
1330 silly placeDep ROOT @typescript-eslint/tsconfig-utils@8.58.0 OK for: @typescript-eslint/typescript-estree@8.58.0 want: 8.58.0
1331 silly placeDep node_modules/@typescript-eslint/typescript-estree minimatch@10.2.5 OK for: @typescript-eslint/typescript-estree@8.58.0 want: ^10.2.2
1332 silly placeDep ROOT semver@7.7.4 OK for: @typescript-eslint/typescript-estree@8.58.0 want: ^7.7.3
1333 silly placeDep ROOT tinyglobby@0.2.15 OK for: @typescript-eslint/typescript-estree@8.58.0 want: ^0.2.15
1334 silly fetch manifest @typescript-eslint/tsconfig-utils@^8.58.0
1335 silly packumentCache full:https://registry.npmjs.org/@typescript-eslint%2ftsconfig-utils cache-miss
1336 silly fetch manifest brace-expansion@^5.0.5
1337 silly packumentCache full:https://registry.npmjs.org/brace-expansion cache-miss
1338 silly fetch manifest fdir@^6.5.0
1339 silly packumentCache full:https://registry.npmjs.org/fdir cache-miss
1340 silly fetch manifest picomatch@^4.0.3
1341 silly packumentCache full:https://registry.npmjs.org/picomatch cache-miss
1342 http cache https://registry.npmjs.org/@typescript-eslint%2ftsconfig-utils 5ms (cache hit)
1343 silly packumentCache full:https://registry.npmjs.org/@typescript-eslint%2ftsconfig-utils set size:1035729 disposed:false
1344 http cache https://registry.npmjs.org/brace-expansion 11ms (cache hit)
1345 silly packumentCache full:https://registry.npmjs.org/brace-expansion set size:61740 disposed:false
1346 http fetch GET 200 https://registry.npmjs.org/fdir 71ms (cache miss)
1347 silly packumentCache full:https://registry.npmjs.org/fdir set size:undefined disposed:false
1348 http fetch GET 200 https://registry.npmjs.org/picomatch 94ms (cache miss)
1349 silly packumentCache full:https://registry.npmjs.org/picomatch set size:undefined disposed:false
1350 silly placeDep node_modules/@typescript-eslint/visitor-keys eslint-visitor-keys@5.0.1 OK for: @typescript-eslint/visitor-keys@8.58.0 want: ^5.0.0
1351 silly placeDep node_modules/eslint-import-resolver-node debug@3.2.7 OK for: eslint-import-resolver-node@0.3.10 want: ^3.2.7
1352 silly placeDep ROOT is-core-module@2.16.1 OK for: eslint-import-resolver-node@0.3.10 want: ^2.16.1
1353 silly placeDep ROOT resolve@2.0.0-next.6 OK for: eslint-import-resolver-node@0.3.10 want: ^2.0.0-next.6
1354 silly fetch manifest es-errors@^1.3.0
1355 silly packumentCache full:https://registry.npmjs.org/es-errors cache-miss
1356 silly fetch manifest node-exports-info@^1.6.0
1357 silly packumentCache full:https://registry.npmjs.org/node-exports-info cache-miss
1358 silly fetch manifest object-keys@^1.1.1
1359 silly packumentCache full:https://registry.npmjs.org/object-keys cache-miss
1360 silly fetch manifest path-parse@^1.0.7
1361 silly packumentCache full:https://registry.npmjs.org/path-parse cache-miss
1362 silly fetch manifest supports-preserve-symlinks-flag@^1.0.0
1363 silly packumentCache full:https://registry.npmjs.org/supports-preserve-symlinks-flag cache-miss
1364 http fetch GET 200 https://registry.npmjs.org/es-errors 78ms (cache miss)
1365 silly packumentCache full:https://registry.npmjs.org/es-errors set size:undefined disposed:false
1366 http fetch GET 200 https://registry.npmjs.org/object-keys 78ms (cache miss)
1367 silly packumentCache full:https://registry.npmjs.org/object-keys set size:undefined disposed:false
1368 http fetch GET 200 https://registry.npmjs.org/node-exports-info 79ms (cache miss)
1369 silly packumentCache full:https://registry.npmjs.org/node-exports-info set size:undefined disposed:false
1370 http fetch GET 200 https://registry.npmjs.org/supports-preserve-symlinks-flag 83ms (cache miss)
1371 silly packumentCache full:https://registry.npmjs.org/supports-preserve-symlinks-flag set size:undefined disposed:false
1372 http fetch GET 200 https://registry.npmjs.org/path-parse 184ms (cache miss)
1373 silly packumentCache full:https://registry.npmjs.org/path-parse set size:undefined disposed:false
1374 silly placeDep ROOT @nolyfill/is-core-module@1.0.39 OK for: eslint-import-resolver-typescript@3.10.1 want: 1.0.39
1375 silly placeDep ROOT get-tsconfig@4.13.7 OK for: eslint-import-resolver-typescript@3.10.1 want: ^4.10.0
1376 silly placeDep ROOT is-bun-module@2.0.0 OK for: eslint-import-resolver-typescript@3.10.1 want: ^2.0.0
1377 silly placeDep ROOT stable-hash@0.0.5 OK for: eslint-import-resolver-typescript@3.10.1 want: ^0.0.5
1378 silly placeDep ROOT unrs-resolver@1.11.1 OK for: eslint-import-resolver-typescript@3.10.1 want: ^1.6.2
1379 silly fetch manifest resolve-pkg-maps@^1.0.0
1380 silly packumentCache full:https://registry.npmjs.org/resolve-pkg-maps cache-miss
1381 silly fetch manifest napi-postinstall@^0.3.0
1382 silly packumentCache full:https://registry.npmjs.org/napi-postinstall cache-miss
1383 silly fetch manifest @unrs/resolver-binding-win32-x64-msvc@1.11.1
1384 silly packumentCache full:https://registry.npmjs.org/@unrs%2fresolver-binding-win32-x64-msvc cache-miss
1385 silly fetch manifest @unrs/resolver-binding-win32-arm64-msvc@1.11.1
1386 silly packumentCache full:https://registry.npmjs.org/@unrs%2fresolver-binding-win32-arm64-msvc cache-miss
1387 silly fetch manifest @unrs/resolver-binding-win32-ia32-msvc@1.11.1
1388 silly packumentCache full:https://registry.npmjs.org/@unrs%2fresolver-binding-win32-ia32-msvc cache-miss
1389 silly fetch manifest @unrs/resolver-binding-linux-x64-gnu@1.11.1
1390 silly packumentCache full:https://registry.npmjs.org/@unrs%2fresolver-binding-linux-x64-gnu cache-miss
1391 silly fetch manifest @unrs/resolver-binding-linux-x64-musl@1.11.1
1392 silly packumentCache full:https://registry.npmjs.org/@unrs%2fresolver-binding-linux-x64-musl cache-miss
1393 http fetch GET 200 https://registry.npmjs.org/resolve-pkg-maps 80ms (cache miss)
1394 silly packumentCache full:https://registry.npmjs.org/resolve-pkg-maps set size:undefined disposed:false
1395 silly fetch manifest @unrs/resolver-binding-freebsd-x64@1.11.1
1396 silly packumentCache full:https://registry.npmjs.org/@unrs%2fresolver-binding-freebsd-x64 cache-miss
1397 http fetch GET 200 https://registry.npmjs.org/napi-postinstall 890ms (cache miss)
1398 silly packumentCache full:https://registry.npmjs.org/napi-postinstall set size:undefined disposed:false
1399 silly fetch manifest @unrs/resolver-binding-android-arm64@1.11.1
1400 silly packumentCache full:https://registry.npmjs.org/@unrs%2fresolver-binding-android-arm64 cache-miss
1401 http fetch GET 200 https://registry.npmjs.org/@unrs%2fresolver-binding-win32-x64-msvc 900ms (cache miss)
1402 silly packumentCache full:https://registry.npmjs.org/@unrs%2fresolver-binding-win32-x64-msvc set size:undefined disposed:false
1403 silly fetch manifest @unrs/resolver-binding-linux-arm64-gnu@1.11.1
1404 silly packumentCache full:https://registry.npmjs.org/@unrs%2fresolver-binding-linux-arm64-gnu cache-miss
1405 http fetch GET 200 https://registry.npmjs.org/@unrs%2fresolver-binding-win32-arm64-msvc 909ms (cache miss)
1406 silly packumentCache full:https://registry.npmjs.org/@unrs%2fresolver-binding-win32-arm64-msvc set size:undefined disposed:false
1407 silly fetch manifest @unrs/resolver-binding-linux-arm64-musl@1.11.1
1408 silly packumentCache full:https://registry.npmjs.org/@unrs%2fresolver-binding-linux-arm64-musl cache-miss
1409 http fetch GET 200 https://registry.npmjs.org/@unrs%2fresolver-binding-win32-ia32-msvc 982ms (cache miss)
1410 silly packumentCache full:https://registry.npmjs.org/@unrs%2fresolver-binding-win32-ia32-msvc set size:undefined disposed:false
1411 silly fetch manifest @unrs/resolver-binding-android-arm-eabi@1.11.1
1412 silly packumentCache full:https://registry.npmjs.org/@unrs%2fresolver-binding-android-arm-eabi cache-miss
1413 http fetch GET 200 https://registry.npmjs.org/@unrs%2fresolver-binding-linux-x64-gnu 1475ms (cache miss)
1414 silly packumentCache full:https://registry.npmjs.org/@unrs%2fresolver-binding-linux-x64-gnu set size:undefined disposed:false
1415 silly fetch manifest @unrs/resolver-binding-linux-arm-gnueabihf@1.11.1
1416 silly packumentCache full:https://registry.npmjs.org/@unrs%2fresolver-binding-linux-arm-gnueabihf cache-miss
1417 http fetch GET 200 https://registry.npmjs.org/@unrs%2fresolver-binding-linux-x64-musl 1481ms (cache miss)
1418 silly packumentCache full:https://registry.npmjs.org/@unrs%2fresolver-binding-linux-x64-musl set size:undefined disposed:false
1419 silly fetch manifest @unrs/resolver-binding-linux-arm-musleabihf@1.11.1
1420 silly packumentCache full:https://registry.npmjs.org/@unrs%2fresolver-binding-linux-arm-musleabihf cache-miss
1421 http fetch GET 200 https://registry.npmjs.org/@unrs%2fresolver-binding-freebsd-x64 1418ms (cache miss)
1422 silly packumentCache full:https://registry.npmjs.org/@unrs%2fresolver-binding-freebsd-x64 set size:undefined disposed:false
1423 silly fetch manifest @unrs/resolver-binding-linux-ppc64-gnu@1.11.1
1424 silly packumentCache full:https://registry.npmjs.org/@unrs%2fresolver-binding-linux-ppc64-gnu cache-miss
1425 http fetch GET 200 https://registry.npmjs.org/@unrs%2fresolver-binding-linux-arm64-gnu 901ms (cache miss)
1426 silly packumentCache full:https://registry.npmjs.org/@unrs%2fresolver-binding-linux-arm64-gnu set size:undefined disposed:false
1427 silly fetch manifest @unrs/resolver-binding-linux-riscv64-gnu@1.11.1
1428 silly packumentCache full:https://registry.npmjs.org/@unrs%2fresolver-binding-linux-riscv64-gnu cache-miss
1429 http fetch GET 200 https://registry.npmjs.org/@unrs%2fresolver-binding-android-arm64 958ms (cache miss)
1430 silly packumentCache full:https://registry.npmjs.org/@unrs%2fresolver-binding-android-arm64 set size:undefined disposed:false
1431 silly fetch manifest @unrs/resolver-binding-linux-riscv64-musl@1.11.1
1432 silly packumentCache full:https://registry.npmjs.org/@unrs%2fresolver-binding-linux-riscv64-musl cache-miss
1433 http fetch GET 200 https://registry.npmjs.org/@unrs%2fresolver-binding-android-arm-eabi 873ms (cache miss)
1434 silly packumentCache full:https://registry.npmjs.org/@unrs%2fresolver-binding-android-arm-eabi set size:undefined disposed:false
1435 silly fetch manifest @unrs/resolver-binding-linux-s390x-gnu@1.11.1
1436 silly packumentCache full:https://registry.npmjs.org/@unrs%2fresolver-binding-linux-s390x-gnu cache-miss
1437 http fetch GET 200 https://registry.npmjs.org/@unrs%2fresolver-binding-linux-arm64-musl 999ms (cache miss)
1438 silly packumentCache full:https://registry.npmjs.org/@unrs%2fresolver-binding-linux-arm64-musl set size:undefined disposed:false
1439 silly fetch manifest @unrs/resolver-binding-darwin-x64@1.11.1
1440 silly packumentCache full:https://registry.npmjs.org/@unrs%2fresolver-binding-darwin-x64 cache-miss
1441 http fetch GET 200 https://registry.npmjs.org/@unrs%2fresolver-binding-linux-arm-musleabihf 1036ms (cache miss)
1442 silly packumentCache full:https://registry.npmjs.org/@unrs%2fresolver-binding-linux-arm-musleabihf set size:undefined disposed:false
1443 silly fetch manifest @unrs/resolver-binding-darwin-arm64@1.11.1
1444 silly packumentCache full:https://registry.npmjs.org/@unrs%2fresolver-binding-darwin-arm64 cache-miss
1445 http fetch GET 200 https://registry.npmjs.org/@unrs%2fresolver-binding-linux-arm-gnueabihf 1043ms (cache miss)
1446 silly packumentCache full:https://registry.npmjs.org/@unrs%2fresolver-binding-linux-arm-gnueabihf set size:undefined disposed:false
1447 silly fetch manifest @unrs/resolver-binding-wasm32-wasi@1.11.1
1448 silly packumentCache full:https://registry.npmjs.org/@unrs%2fresolver-binding-wasm32-wasi cache-miss
1449 http fetch GET 200 https://registry.npmjs.org/@unrs%2fresolver-binding-linux-ppc64-gnu 1020ms (cache miss)
1450 silly packumentCache full:https://registry.npmjs.org/@unrs%2fresolver-binding-linux-ppc64-gnu set size:undefined disposed:false
1451 http fetch GET 200 https://registry.npmjs.org/@unrs%2fresolver-binding-linux-riscv64-musl 972ms (cache miss)
1452 silly packumentCache full:https://registry.npmjs.org/@unrs%2fresolver-binding-linux-riscv64-musl set size:undefined disposed:false
1453 http fetch GET 200 https://registry.npmjs.org/@unrs%2fresolver-binding-darwin-x64 988ms (cache miss)
1454 silly packumentCache full:https://registry.npmjs.org/@unrs%2fresolver-binding-darwin-x64 set size:undefined disposed:false
1455 http fetch GET 200 https://registry.npmjs.org/@unrs%2fresolver-binding-linux-riscv64-gnu 1455ms (cache miss)
1456 silly packumentCache full:https://registry.npmjs.org/@unrs%2fresolver-binding-linux-riscv64-gnu set size:undefined disposed:false
1457 http fetch GET 200 https://registry.npmjs.org/@unrs%2fresolver-binding-linux-s390x-gnu 1438ms (cache miss)
1458 silly packumentCache full:https://registry.npmjs.org/@unrs%2fresolver-binding-linux-s390x-gnu set size:undefined disposed:false
1459 http fetch GET 200 https://registry.npmjs.org/@unrs%2fresolver-binding-wasm32-wasi 924ms (cache miss)
1460 silly packumentCache full:https://registry.npmjs.org/@unrs%2fresolver-binding-wasm32-wasi set size:undefined disposed:false
1461 http fetch GET 200 https://registry.npmjs.org/@unrs%2fresolver-binding-darwin-arm64 1484ms (cache miss)
1462 silly packumentCache full:https://registry.npmjs.org/@unrs%2fresolver-binding-darwin-arm64 set size:undefined disposed:false
1463 silly placeDep ROOT @rtsao/scc@1.1.0 OK for: eslint-plugin-import@2.32.0 want: ^1.1.0
1464 silly placeDep ROOT array-includes@3.1.9 OK for: eslint-plugin-import@2.32.0 want: ^3.1.9
1465 silly placeDep ROOT array.prototype.findlastindex@1.2.6 OK for: eslint-plugin-import@2.32.0 want: ^1.2.6
1466 silly placeDep ROOT array.prototype.flat@1.3.3 OK for: eslint-plugin-import@2.32.0 want: ^1.3.3
1467 silly placeDep ROOT array.prototype.flatmap@1.3.3 OK for: eslint-plugin-import@2.32.0 want: ^1.3.3
1468 silly placeDep node_modules/eslint-plugin-import debug@3.2.7 OK for: eslint-plugin-import@2.32.0 want: ^3.2.7
1469 silly placeDep ROOT doctrine@2.1.0 OK for: eslint-plugin-import@2.32.0 want: ^2.1.0
1470 silly placeDep ROOT eslint-module-utils@2.12.1 OK for: eslint-plugin-import@2.32.0 want: ^2.12.1
1471 silly placeDep ROOT hasown@2.0.2 OK for: eslint-plugin-import@2.32.0 want: ^2.0.2
1472 silly placeDep ROOT object.fromentries@2.0.8 OK for: eslint-plugin-import@2.32.0 want: ^2.0.8
1473 silly placeDep ROOT object.groupby@1.0.3 OK for: eslint-plugin-import@2.32.0 want: ^1.0.3
1474 silly placeDep ROOT object.values@1.2.1 OK for: eslint-plugin-import@2.32.0 want: ^1.2.1
1475 silly placeDep node_modules/eslint-plugin-import semver@6.3.1 OK for: eslint-plugin-import@2.32.0 want: ^6.3.1
1476 silly placeDep ROOT string.prototype.trimend@1.0.9 OK for: eslint-plugin-import@2.32.0 want: ^1.0.9
1477 silly placeDep ROOT tsconfig-paths@3.15.0 OK for: eslint-plugin-import@2.32.0 want: ^3.15.0
1478 silly fetch manifest call-bind@^1.0.8
1479 silly packumentCache full:https://registry.npmjs.org/call-bind cache-miss
1480 silly fetch manifest call-bound@^1.0.4
1481 silly packumentCache full:https://registry.npmjs.org/call-bound cache-miss
1482 silly fetch manifest define-properties@^1.2.1
1483 silly packumentCache full:https://registry.npmjs.org/define-properties cache-miss
1484 silly fetch manifest es-abstract@^1.24.0
1485 silly packumentCache full:https://registry.npmjs.org/es-abstract cache-miss
1486 silly fetch manifest es-object-atoms@^1.1.1
1487 silly packumentCache full:https://registry.npmjs.org/es-object-atoms cache-miss
1488 silly fetch manifest get-intrinsic@^1.3.0
1489 silly packumentCache full:https://registry.npmjs.org/get-intrinsic cache-miss
1490 silly fetch manifest is-string@^1.1.1
1491 silly packumentCache full:https://registry.npmjs.org/is-string cache-miss
1492 http fetch GET 200 https://registry.npmjs.org/define-properties 84ms (cache miss)
1493 silly packumentCache full:https://registry.npmjs.org/define-properties set size:undefined disposed:false
1494 silly fetch manifest math-intrinsics@^1.1.0
1495 silly packumentCache full:https://registry.npmjs.org/math-intrinsics cache-miss
1496 http fetch GET 200 https://registry.npmjs.org/is-string 92ms (cache miss)
1497 silly packumentCache full:https://registry.npmjs.org/is-string set size:undefined disposed:false
1498 silly fetch manifest call-bind@^1.0.8
1499 silly packumentCache full:https://registry.npmjs.org/call-bind cache-miss
1500 http fetch GET 200 https://registry.npmjs.org/call-bind 95ms (cache miss)
1501 silly packumentCache full:https://registry.npmjs.org/call-bind set size:undefined disposed:false
1502 silly fetch manifest call-bound@^1.0.4
1503 silly packumentCache full:https://registry.npmjs.org/call-bound cache-miss
1504 http fetch GET 200 https://registry.npmjs.org/call-bound 97ms (cache miss)
1505 silly packumentCache full:https://registry.npmjs.org/call-bound set size:undefined disposed:false
1506 silly fetch manifest es-abstract@^1.23.9
1507 silly packumentCache full:https://registry.npmjs.org/es-abstract cache-miss
1508 http fetch GET 200 https://registry.npmjs.org/es-object-atoms 103ms (cache miss)
1509 silly packumentCache full:https://registry.npmjs.org/es-object-atoms set size:undefined disposed:false
1510 silly fetch manifest es-shim-unscopables@^1.1.0
1511 silly packumentCache full:https://registry.npmjs.org/es-shim-unscopables cache-miss
1512 http fetch GET 200 https://registry.npmjs.org/get-intrinsic 109ms (cache miss)
1513 silly packumentCache full:https://registry.npmjs.org/get-intrinsic set size:undefined disposed:false
1514 silly fetch manifest es-abstract@^1.23.5
1515 silly packumentCache full:https://registry.npmjs.org/es-abstract cache-miss
1516 http fetch GET 200 https://registry.npmjs.org/es-abstract 110ms (cache miss)
1517 silly packumentCache full:https://registry.npmjs.org/es-abstract set size:undefined disposed:false
1518 silly fetch manifest es-shim-unscopables@^1.0.2
1519 silly packumentCache full:https://registry.npmjs.org/es-shim-unscopables cache-miss
1520 http fetch GET 200 https://registry.npmjs.org/call-bound 70ms (cache miss)
1521 silly packumentCache full:https://registry.npmjs.org/call-bound set size:undefined disposed:false
1522 silly fetch manifest es-abstract@^1.23.5
1523 silly packumentCache full:https://registry.npmjs.org/es-abstract cache-miss
1524 http cache https://registry.npmjs.org/es-abstract 2ms (cache hit)
1525 silly packumentCache full:https://registry.npmjs.org/es-abstract set size:378584 disposed:false
1526 silly fetch manifest es-shim-unscopables@^1.0.2
1527 silly packumentCache full:https://registry.npmjs.org/es-shim-unscopables cache-miss
1528 http fetch GET 200 https://registry.npmjs.org/es-shim-unscopables 92ms (cache miss)
1529 silly packumentCache full:https://registry.npmjs.org/es-shim-unscopables set size:undefined disposed:false
1530 silly fetch manifest function-bind@^1.1.2
1531 silly packumentCache full:https://registry.npmjs.org/function-bind cache-miss
1532 http fetch GET 200 https://registry.npmjs.org/es-shim-unscopables 85ms (cache miss)
1533 silly packumentCache full:https://registry.npmjs.org/es-shim-unscopables set size:undefined disposed:false
1534 silly fetch manifest call-bind@^1.0.7
1535 silly packumentCache full:https://registry.npmjs.org/call-bind cache-miss
1536 http fetch GET 200 https://registry.npmjs.org/es-abstract 101ms (cache miss)
1537 silly packumentCache full:https://registry.npmjs.org/es-abstract set size:undefined disposed:false
1538 silly packumentCache full:https://registry.npmjs.org/es-abstract dispose
1539 silly fetch manifest es-abstract@^1.23.2
1540 silly packumentCache full:https://registry.npmjs.org/es-abstract cache-miss
1541 http fetch GET 200 https://registry.npmjs.org/call-bind 106ms (cache miss)
1542 silly packumentCache full:https://registry.npmjs.org/call-bind set size:undefined disposed:false
1543 silly fetch manifest es-object-atoms@^1.0.0
1544 silly packumentCache full:https://registry.npmjs.org/es-object-atoms cache-miss
1545 http fetch GET 200 https://registry.npmjs.org/math-intrinsics 115ms (cache miss)
1546 silly packumentCache full:https://registry.npmjs.org/math-intrinsics set size:undefined disposed:false
1547 silly fetch manifest call-bind@^1.0.7
1548 silly packumentCache full:https://registry.npmjs.org/call-bind cache-miss
1549 http cache https://registry.npmjs.org/call-bind 4ms (cache hit)
1550 silly packumentCache full:https://registry.npmjs.org/call-bind set size:30096 disposed:false
1551 silly fetch manifest es-abstract@^1.23.2
1552 silly packumentCache full:https://registry.npmjs.org/es-abstract cache-miss
1553 http cache https://registry.npmjs.org/es-object-atoms 2ms (cache hit)
1554 silly packumentCache full:https://registry.npmjs.org/es-object-atoms set size:15304 disposed:false
1555 silly fetch manifest call-bound@^1.0.3
1556 silly packumentCache full:https://registry.npmjs.org/call-bound cache-miss
1557 http cache https://registry.npmjs.org/es-abstract 4ms (cache hit)
1558 silly packumentCache full:https://registry.npmjs.org/es-abstract set size:378584 disposed:true
1559 silly fetch manifest call-bound@^1.0.2
1560 silly packumentCache full:https://registry.npmjs.org/call-bound cache-miss
1561 http fetch GET 200 https://registry.npmjs.org/es-abstract 96ms (cache miss)
1562 silly packumentCache full:https://registry.npmjs.org/es-abstract set size:undefined disposed:false
1563 silly packumentCache full:https://registry.npmjs.org/es-abstract dispose
1564 silly fetch manifest json5@^1.0.2
1565 silly packumentCache full:https://registry.npmjs.org/json5 cache-miss
1566 http cache https://registry.npmjs.org/call-bind 6ms (cache hit)
1567 silly packumentCache full:https://registry.npmjs.org/call-bind set size:30096 disposed:false
1568 silly packumentCache full:https://registry.npmjs.org/call-bind dispose
1569 silly fetch manifest minimist@^1.2.6
1570 silly packumentCache full:https://registry.npmjs.org/minimist cache-miss
1571 http cache https://registry.npmjs.org/es-abstract 6ms (cache hit)
1572 silly packumentCache full:https://registry.npmjs.org/es-abstract set size:378584 disposed:true
1573 silly fetch manifest strip-bom@^3.0.0
1574 silly packumentCache full:https://registry.npmjs.org/strip-bom cache-miss
1575 http cache https://registry.npmjs.org/call-bound 7ms (cache hit)
1576 silly packumentCache full:https://registry.npmjs.org/call-bound set size:15317 disposed:false
1577 silly fetch manifest @types/json5@^0.0.29
1578 silly packumentCache full:https://registry.npmjs.org/@types%2fjson5 cache-miss
1579 http cache https://registry.npmjs.org/call-bound 6ms (cache hit)
1580 silly packumentCache full:https://registry.npmjs.org/call-bound set size:15317 disposed:false
1581 silly packumentCache full:https://registry.npmjs.org/call-bound dispose
1582 http fetch GET 200 https://registry.npmjs.org/function-bind 62ms (cache miss)
1583 silly packumentCache full:https://registry.npmjs.org/function-bind set size:undefined disposed:false
1584 http fetch GET 200 https://registry.npmjs.org/minimist 68ms (cache miss)
1585 silly packumentCache full:https://registry.npmjs.org/minimist set size:undefined disposed:false
1586 http fetch GET 200 https://registry.npmjs.org/json5 73ms (cache miss)
1587 silly packumentCache full:https://registry.npmjs.org/json5 set size:undefined disposed:false
1588 http fetch GET 200 https://registry.npmjs.org/strip-bom 77ms (cache miss)
1589 silly packumentCache full:https://registry.npmjs.org/strip-bom set size:undefined disposed:false
1590 http fetch GET 200 https://registry.npmjs.org/@types%2fjson5 88ms (cache miss)
1591 silly packumentCache full:https://registry.npmjs.org/@types%2fjson5 set size:undefined disposed:false
1592 http fetch GET 200 https://registry.npmjs.org/es-shim-unscopables 155ms (cache miss)
1593 silly packumentCache full:https://registry.npmjs.org/es-shim-unscopables set size:undefined disposed:false
1594 silly placeDep ROOT call-bind@1.0.8 OK for: array-includes@3.1.9 want: ^1.0.8
1595 silly placeDep ROOT call-bound@1.0.4 OK for: array-includes@3.1.9 want: ^1.0.4
1596 silly placeDep ROOT define-properties@1.2.1 OK for: array-includes@3.1.9 want: ^1.2.1
1597 silly placeDep ROOT es-abstract@1.24.1 OK for: array-includes@3.1.9 want: ^1.24.0
1598 silly placeDep ROOT es-object-atoms@1.1.1 OK for: array-includes@3.1.9 want: ^1.1.1
1599 silly placeDep ROOT get-intrinsic@1.3.0 OK for: array-includes@3.1.9 want: ^1.3.0
1600 silly placeDep ROOT is-string@1.1.1 OK for: array-includes@3.1.9 want: ^1.1.1
1601 silly placeDep ROOT math-intrinsics@1.1.0 OK for: array-includes@3.1.9 want: ^1.1.0
1602 silly fetch manifest call-bind-apply-helpers@^1.0.0
1603 silly packumentCache full:https://registry.npmjs.org/call-bind-apply-helpers cache-miss
1604 silly fetch manifest es-define-property@^1.0.0
1605 silly packumentCache full:https://registry.npmjs.org/es-define-property cache-miss
1606 silly fetch manifest get-intrinsic@^1.2.4
1607 silly packumentCache full:https://registry.npmjs.org/get-intrinsic cache-miss
1608 silly fetch manifest set-function-length@^1.2.2
1609 silly packumentCache full:https://registry.npmjs.org/set-function-length cache-miss
1610 silly fetch manifest call-bind-apply-helpers@^1.0.2
1611 silly packumentCache full:https://registry.npmjs.org/call-bind-apply-helpers cache-miss
1612 silly fetch manifest define-data-property@^1.0.1
1613 silly packumentCache full:https://registry.npmjs.org/define-data-property cache-miss
1614 silly fetch manifest has-property-descriptors@^1.0.0
1615 silly packumentCache full:https://registry.npmjs.org/has-property-descriptors cache-miss
1616 http cache https://registry.npmjs.org/get-intrinsic 9ms (cache hit)
1617 silly packumentCache full:https://registry.npmjs.org/get-intrinsic set size:60985 disposed:false
1618 silly fetch manifest array-buffer-byte-length@^1.0.2
1619 silly packumentCache full:https://registry.npmjs.org/array-buffer-byte-length cache-miss
1620 http fetch GET 200 https://registry.npmjs.org/array-buffer-byte-length 64ms (cache miss)
1621 silly packumentCache full:https://registry.npmjs.org/array-buffer-byte-length set size:undefined disposed:false
1622 silly fetch manifest arraybuffer.prototype.slice@^1.0.4
1623 silly packumentCache full:https://registry.npmjs.org/arraybuffer.prototype.slice cache-miss
1624 http fetch GET 200 https://registry.npmjs.org/call-bind-apply-helpers 82ms (cache miss)
1625 silly packumentCache full:https://registry.npmjs.org/call-bind-apply-helpers set size:undefined disposed:false
1626 silly fetch manifest available-typed-arrays@^1.0.7
1627 silly packumentCache full:https://registry.npmjs.org/available-typed-arrays cache-miss
1628 http fetch GET 200 https://registry.npmjs.org/set-function-length 83ms (cache miss)
1629 silly packumentCache full:https://registry.npmjs.org/set-function-length set size:undefined disposed:false
1630 silly fetch manifest data-view-buffer@^1.0.2
1631 silly packumentCache full:https://registry.npmjs.org/data-view-buffer cache-miss
1632 http fetch GET 200 https://registry.npmjs.org/define-data-property 89ms (cache miss)
1633 silly packumentCache full:https://registry.npmjs.org/define-data-property set size:undefined disposed:false
1634 silly fetch manifest data-view-byte-length@^1.0.2
1635 silly packumentCache full:https://registry.npmjs.org/data-view-byte-length cache-miss
1636 http fetch GET 200 https://registry.npmjs.org/has-property-descriptors 89ms (cache miss)
1637 silly packumentCache full:https://registry.npmjs.org/has-property-descriptors set size:undefined disposed:false
1638 silly fetch manifest data-view-byte-offset@^1.0.1
1639 silly packumentCache full:https://registry.npmjs.org/data-view-byte-offset cache-miss
1640 http fetch GET 200 https://registry.npmjs.org/es-define-property 95ms (cache miss)
1641 silly packumentCache full:https://registry.npmjs.org/es-define-property set size:undefined disposed:false
1642 silly fetch manifest es-define-property@^1.0.1
1643 silly packumentCache full:https://registry.npmjs.org/es-define-property cache-miss
1644 http fetch GET 200 https://registry.npmjs.org/call-bind-apply-helpers 97ms (cache miss)
1645 silly packumentCache full:https://registry.npmjs.org/call-bind-apply-helpers set size:undefined disposed:false
1646 silly fetch manifest es-set-tostringtag@^2.1.0
1647 silly packumentCache full:https://registry.npmjs.org/es-set-tostringtag cache-miss
1648 http cache https://registry.npmjs.org/es-define-property 7ms (cache hit)
1649 silly packumentCache full:https://registry.npmjs.org/es-define-property set size:8542 disposed:false
1650 silly fetch manifest es-to-primitive@^1.3.0
1651 silly packumentCache full:https://registry.npmjs.org/es-to-primitive cache-miss
1652 http fetch GET 200 https://registry.npmjs.org/arraybuffer.prototype.slice 69ms (cache miss)
1653 silly packumentCache full:https://registry.npmjs.org/arraybuffer.prototype.slice set size:undefined disposed:false
1654 silly fetch manifest function.prototype.name@^1.1.8
1655 silly packumentCache full:https://registry.npmjs.org/function.prototype.name cache-miss
1656 http fetch GET 200 https://registry.npmjs.org/es-set-tostringtag 55ms (cache miss)
1657 silly packumentCache full:https://registry.npmjs.org/es-set-tostringtag set size:undefined disposed:false
1658 silly fetch manifest get-proto@^1.0.1
1659 silly packumentCache full:https://registry.npmjs.org/get-proto cache-miss
1660 http fetch GET 200 https://registry.npmjs.org/data-view-buffer 80ms (cache miss)
1661 silly packumentCache full:https://registry.npmjs.org/data-view-buffer set size:undefined disposed:false
1662 silly fetch manifest get-symbol-description@^1.1.0
1663 silly packumentCache full:https://registry.npmjs.org/get-symbol-description cache-miss
1664 http fetch GET 200 https://registry.npmjs.org/data-view-byte-length 77ms (cache miss)
1665 silly packumentCache full:https://registry.npmjs.org/data-view-byte-length set size:undefined disposed:false
1666 silly fetch manifest globalthis@^1.0.4
1667 silly packumentCache full:https://registry.npmjs.org/globalthis cache-miss
1668 http fetch GET 200 https://registry.npmjs.org/es-to-primitive 66ms (cache miss)
1669 silly packumentCache full:https://registry.npmjs.org/es-to-primitive set size:undefined disposed:false
1670 silly fetch manifest gopd@^1.2.0
1671 silly packumentCache full:https://registry.npmjs.org/gopd cache-miss
1672 http fetch GET 200 https://registry.npmjs.org/data-view-byte-offset 79ms (cache miss)
1673 silly packumentCache full:https://registry.npmjs.org/data-view-byte-offset set size:undefined disposed:false
1674 silly fetch manifest has-property-descriptors@^1.0.2
1675 silly packumentCache full:https://registry.npmjs.org/has-property-descriptors cache-miss
1676 http fetch GET 200 https://registry.npmjs.org/available-typed-arrays 91ms (cache miss)
1677 silly packumentCache full:https://registry.npmjs.org/available-typed-arrays set size:undefined disposed:false
1678 silly fetch manifest has-proto@^1.2.0
1679 silly packumentCache full:https://registry.npmjs.org/has-proto cache-miss
1680 http cache https://registry.npmjs.org/has-property-descriptors 7ms (cache hit)
1681 silly packumentCache full:https://registry.npmjs.org/has-property-descriptors set size:12452 disposed:false
1682 silly fetch manifest has-symbols@^1.1.0
1683 silly packumentCache full:https://registry.npmjs.org/has-symbols cache-miss
1684 http fetch GET 200 https://registry.npmjs.org/gopd 121ms (cache miss)
1685 silly packumentCache full:https://registry.npmjs.org/gopd set size:undefined disposed:false
1686 silly fetch manifest internal-slot@^1.1.0
1687 silly packumentCache full:https://registry.npmjs.org/internal-slot cache-miss
1688 http fetch GET 200 https://registry.npmjs.org/get-symbol-description 128ms (cache miss)
1689 silly packumentCache full:https://registry.npmjs.org/get-symbol-description set size:undefined disposed:false
1690 silly fetch manifest is-array-buffer@^3.0.5
1691 silly packumentCache full:https://registry.npmjs.org/is-array-buffer cache-miss
1692 http fetch GET 200 https://registry.npmjs.org/has-proto 121ms (cache miss)
1693 silly packumentCache full:https://registry.npmjs.org/has-proto set size:undefined disposed:false
1694 silly fetch manifest is-callable@^1.2.7
1695 silly packumentCache full:https://registry.npmjs.org/is-callable cache-miss
1696 http fetch GET 200 https://registry.npmjs.org/globalthis 127ms (cache miss)
1697 silly packumentCache full:https://registry.npmjs.org/globalthis set size:undefined disposed:false
1698 silly fetch manifest is-data-view@^1.0.2
1699 silly packumentCache full:https://registry.npmjs.org/is-data-view cache-miss
1700 http fetch GET 200 https://registry.npmjs.org/function.prototype.name 151ms (cache miss)
1701 silly packumentCache full:https://registry.npmjs.org/function.prototype.name set size:undefined disposed:false
1702 silly fetch manifest is-negative-zero@^2.0.3
1703 silly packumentCache full:https://registry.npmjs.org/is-negative-zero cache-miss
1704 http fetch GET 200 https://registry.npmjs.org/get-proto 145ms (cache miss)
1705 silly packumentCache full:https://registry.npmjs.org/get-proto set size:undefined disposed:false
1706 silly fetch manifest is-regex@^1.2.1
1707 silly packumentCache full:https://registry.npmjs.org/is-regex cache-miss
1708 http fetch GET 200 https://registry.npmjs.org/has-symbols 123ms (cache miss)
1709 silly packumentCache full:https://registry.npmjs.org/has-symbols set size:undefined disposed:false
1710 silly fetch manifest is-set@^2.0.3
1711 silly packumentCache full:https://registry.npmjs.org/is-set cache-miss
1712 http fetch GET 200 https://registry.npmjs.org/is-regex 68ms (cache miss)
1713 silly packumentCache full:https://registry.npmjs.org/is-regex set size:undefined disposed:false
1714 silly fetch manifest is-shared-array-buffer@^1.0.4
1715 silly packumentCache full:https://registry.npmjs.org/is-shared-array-buffer cache-miss
1716 http fetch GET 200 https://registry.npmjs.org/is-set 72ms (cache miss)
1717 silly packumentCache full:https://registry.npmjs.org/is-set set size:undefined disposed:false
1718 silly fetch manifest is-typed-array@^1.1.15
1719 silly packumentCache full:https://registry.npmjs.org/is-typed-array cache-miss
1720 http fetch GET 200 https://registry.npmjs.org/is-negative-zero 79ms (cache miss)
1721 silly packumentCache full:https://registry.npmjs.org/is-negative-zero set size:undefined disposed:false
1722 silly fetch manifest is-weakref@^1.1.1
1723 silly packumentCache full:https://registry.npmjs.org/is-weakref cache-miss
1724 http fetch GET 200 https://registry.npmjs.org/is-array-buffer 90ms (cache miss)
1725 silly packumentCache full:https://registry.npmjs.org/is-array-buffer set size:undefined disposed:false
1726 silly fetch manifest object-inspect@^1.13.4
1727 silly packumentCache full:https://registry.npmjs.org/object-inspect cache-miss
1728 http fetch GET 200 https://registry.npmjs.org/is-data-view 94ms (cache miss)
1729 silly packumentCache full:https://registry.npmjs.org/is-data-view set size:undefined disposed:false
1730 silly fetch manifest object.assign@^4.1.7
1731 silly packumentCache full:https://registry.npmjs.org/object.assign cache-miss
1732 http fetch GET 200 https://registry.npmjs.org/is-callable 104ms (cache miss)
1733 silly packumentCache full:https://registry.npmjs.org/is-callable set size:undefined disposed:false
1734 silly fetch manifest own-keys@^1.0.1
1735 silly packumentCache full:https://registry.npmjs.org/own-keys cache-miss
1736 http fetch GET 200 https://registry.npmjs.org/is-typed-array 58ms (cache miss)
1737 silly packumentCache full:https://registry.npmjs.org/is-typed-array set size:undefined disposed:false
1738 silly fetch manifest regexp.prototype.flags@^1.5.4
1739 silly packumentCache full:https://registry.npmjs.org/regexp.prototype.flags cache-miss
1740 http fetch GET 200 https://registry.npmjs.org/is-weakref 75ms (cache miss)
1741 silly packumentCache full:https://registry.npmjs.org/is-weakref set size:undefined disposed:false
1742 silly fetch manifest safe-array-concat@^1.1.3
1743 silly packumentCache full:https://registry.npmjs.org/safe-array-concat cache-miss
1744 http fetch GET 200 https://registry.npmjs.org/object.assign 63ms (cache miss)
1745 silly packumentCache full:https://registry.npmjs.org/object.assign set size:undefined disposed:false
1746 silly fetch manifest safe-push-apply@^1.0.0
1747 silly packumentCache full:https://registry.npmjs.org/safe-push-apply cache-miss
1748 http fetch GET 200 https://registry.npmjs.org/object-inspect 87ms (cache miss)
1749 silly packumentCache full:https://registry.npmjs.org/object-inspect set size:undefined disposed:false
1750 silly fetch manifest safe-regex-test@^1.1.0
1751 silly packumentCache full:https://registry.npmjs.org/safe-regex-test cache-miss
1752 http cache https://registry.npmjs.org/safe-regex-test 6ms (cache hit)
1753 silly packumentCache full:https://registry.npmjs.org/safe-regex-test set size:17412 disposed:false
1754 silly fetch manifest set-proto@^1.0.0
1755 silly packumentCache full:https://registry.npmjs.org/set-proto cache-miss
1756 http fetch GET 200 https://registry.npmjs.org/own-keys 84ms (cache miss)
1757 silly packumentCache full:https://registry.npmjs.org/own-keys set size:undefined disposed:false
1758 silly fetch manifest stop-iteration-iterator@^1.1.0
1759 silly packumentCache full:https://registry.npmjs.org/stop-iteration-iterator cache-miss
1760 http fetch GET 200 https://registry.npmjs.org/safe-array-concat 73ms (cache miss)
1761 silly packumentCache full:https://registry.npmjs.org/safe-array-concat set size:undefined disposed:false
1762 silly fetch manifest string.prototype.trim@^1.2.10
1763 silly packumentCache full:https://registry.npmjs.org/string.prototype.trim cache-miss
1764 http fetch GET 200 https://registry.npmjs.org/safe-push-apply 77ms (cache miss)
1765 silly packumentCache full:https://registry.npmjs.org/safe-push-apply set size:undefined disposed:false
1766 silly fetch manifest string.prototype.trimstart@^1.0.8
1767 silly packumentCache full:https://registry.npmjs.org/string.prototype.trimstart cache-miss
1768 http fetch GET 200 https://registry.npmjs.org/regexp.prototype.flags 108ms (cache miss)
1769 silly packumentCache full:https://registry.npmjs.org/regexp.prototype.flags set size:undefined disposed:false
1770 silly fetch manifest typed-array-buffer@^1.0.3
1771 silly packumentCache full:https://registry.npmjs.org/typed-array-buffer cache-miss
1772 http fetch GET 200 https://registry.npmjs.org/set-proto 69ms (cache miss)
1773 silly packumentCache full:https://registry.npmjs.org/set-proto set size:undefined disposed:false
1774 silly fetch manifest typed-array-byte-length@^1.0.3
1775 silly packumentCache full:https://registry.npmjs.org/typed-array-byte-length cache-miss
1776 http fetch GET 200 https://registry.npmjs.org/stop-iteration-iterator 65ms (cache miss)
1777 silly packumentCache full:https://registry.npmjs.org/stop-iteration-iterator set size:undefined disposed:false
1778 silly fetch manifest typed-array-byte-offset@^1.0.4
1779 silly packumentCache full:https://registry.npmjs.org/typed-array-byte-offset cache-miss
1780 http fetch GET 200 https://registry.npmjs.org/string.prototype.trim 60ms (cache miss)
1781 silly packumentCache full:https://registry.npmjs.org/string.prototype.trim set size:undefined disposed:false
1782 silly fetch manifest typed-array-length@^1.0.7
1783 silly packumentCache full:https://registry.npmjs.org/typed-array-length cache-miss
1784 http fetch GET 200 https://registry.npmjs.org/string.prototype.trimstart 66ms (cache miss)
1785 silly packumentCache full:https://registry.npmjs.org/string.prototype.trimstart set size:undefined disposed:false
1786 silly fetch manifest unbox-primitive@^1.1.0
1787 silly packumentCache full:https://registry.npmjs.org/unbox-primitive cache-miss
1788 http fetch GET 200 https://registry.npmjs.org/typed-array-byte-length 70ms (cache miss)
1789 silly packumentCache full:https://registry.npmjs.org/typed-array-byte-length set size:undefined disposed:false
1790 silly fetch manifest which-typed-array@^1.1.19
1791 silly packumentCache full:https://registry.npmjs.org/which-typed-array cache-miss
1792 http fetch GET 200 https://registry.npmjs.org/typed-array-buffer 81ms (cache miss)
1793 silly packumentCache full:https://registry.npmjs.org/typed-array-buffer set size:undefined disposed:false
1794 silly fetch manifest has-tostringtag@^1.0.2
1795 silly packumentCache full:https://registry.npmjs.org/has-tostringtag cache-miss
1796 http fetch GET 200 https://registry.npmjs.org/typed-array-byte-offset 84ms (cache miss)
1797 silly packumentCache full:https://registry.npmjs.org/typed-array-byte-offset set size:undefined disposed:false
1798 http fetch GET 200 https://registry.npmjs.org/typed-array-length 57ms (cache miss)
1799 silly packumentCache full:https://registry.npmjs.org/typed-array-length set size:undefined disposed:false
1800 http fetch GET 200 https://registry.npmjs.org/unbox-primitive 61ms (cache miss)
1801 silly packumentCache full:https://registry.npmjs.org/unbox-primitive set size:undefined disposed:false
1802 http fetch GET 200 https://registry.npmjs.org/internal-slot 396ms (cache miss)
1803 silly packumentCache full:https://registry.npmjs.org/internal-slot set size:undefined disposed:false
1804 http fetch GET 200 https://registry.npmjs.org/has-tostringtag 82ms (cache miss)
1805 silly packumentCache full:https://registry.npmjs.org/has-tostringtag set size:undefined disposed:false
1806 http fetch GET 200 https://registry.npmjs.org/is-shared-array-buffer 339ms (cache miss)
1807 silly packumentCache full:https://registry.npmjs.org/is-shared-array-buffer set size:undefined disposed:false
1808 http fetch GET 200 https://registry.npmjs.org/which-typed-array 111ms (cache miss)
1809 silly packumentCache full:https://registry.npmjs.org/which-typed-array set size:undefined disposed:false
1810 silly placeDep ROOT es-errors@1.3.0 OK for: array.prototype.findlastindex@1.2.6 want: ^1.3.0
1811 silly placeDep ROOT es-shim-unscopables@1.1.0 OK for: array.prototype.findlastindex@1.2.6 want: ^1.1.0
1812 silly placeDep ROOT call-bind-apply-helpers@1.0.2 OK for: call-bind@1.0.8 want: ^1.0.0
1813 silly placeDep ROOT es-define-property@1.0.1 OK for: call-bind@1.0.8 want: ^1.0.0
1814 silly placeDep ROOT set-function-length@1.2.2 OK for: call-bind@1.0.8 want: ^1.2.2
1815 silly fetch manifest define-data-property@^1.1.4
1816 silly packumentCache full:https://registry.npmjs.org/define-data-property cache-miss
1817 silly fetch manifest gopd@^1.0.1
1818 silly packumentCache full:https://registry.npmjs.org/gopd cache-miss
1819 http cache https://registry.npmjs.org/define-data-property 3ms (cache hit)
1820 silly packumentCache full:https://registry.npmjs.org/define-data-property set size:28048 disposed:false
1821 http cache https://registry.npmjs.org/gopd 2ms (cache hit)
1822 silly packumentCache full:https://registry.npmjs.org/gopd set size:11458 disposed:false
1823 silly placeDep ROOT function-bind@1.1.2 OK for: call-bind-apply-helpers@1.0.2 want: ^1.1.2
1824 silly placeDep ROOT define-data-property@1.1.4 OK for: define-properties@1.2.1 want: ^1.0.1
1825 silly placeDep ROOT has-property-descriptors@1.0.2 OK for: define-properties@1.2.1 want: ^1.0.0
1826 silly placeDep ROOT object-keys@1.1.1 OK for: define-properties@1.2.1 want: ^1.1.1
1827 silly placeDep ROOT gopd@1.2.0 OK for: define-data-property@1.1.4 want: ^1.0.1
1828 silly placeDep ROOT array-buffer-byte-length@1.0.2 OK for: es-abstract@1.24.1 want: ^1.0.2
1829 silly placeDep ROOT arraybuffer.prototype.slice@1.0.4 OK for: es-abstract@1.24.1 want: ^1.0.4
1830 silly placeDep ROOT available-typed-arrays@1.0.7 OK for: es-abstract@1.24.1 want: ^1.0.7
1831 silly placeDep ROOT data-view-buffer@1.0.2 OK for: es-abstract@1.24.1 want: ^1.0.2
1832 silly placeDep ROOT data-view-byte-length@1.0.2 OK for: es-abstract@1.24.1 want: ^1.0.2
1833 silly placeDep ROOT data-view-byte-offset@1.0.1 OK for: es-abstract@1.24.1 want: ^1.0.1
1834 silly placeDep ROOT es-set-tostringtag@2.1.0 OK for: es-abstract@1.24.1 want: ^2.1.0
1835 silly placeDep ROOT es-to-primitive@1.3.0 OK for: es-abstract@1.24.1 want: ^1.3.0
1836 silly placeDep ROOT function.prototype.name@1.1.8 OK for: es-abstract@1.24.1 want: ^1.1.8
1837 silly placeDep ROOT get-proto@1.0.1 OK for: es-abstract@1.24.1 want: ^1.0.1
1838 silly placeDep ROOT get-symbol-description@1.1.0 OK for: es-abstract@1.24.1 want: ^1.1.0
1839 silly placeDep ROOT globalthis@1.0.4 OK for: es-abstract@1.24.1 want: ^1.0.4
1840 silly placeDep ROOT has-proto@1.2.0 OK for: es-abstract@1.24.1 want: ^1.2.0
1841 silly placeDep ROOT has-symbols@1.1.0 OK for: es-abstract@1.24.1 want: ^1.1.0
1842 silly placeDep ROOT internal-slot@1.1.0 OK for: es-abstract@1.24.1 want: ^1.1.0
1843 silly placeDep ROOT is-array-buffer@3.0.5 OK for: es-abstract@1.24.1 want: ^3.0.5
1844 silly placeDep ROOT is-callable@1.2.7 OK for: es-abstract@1.24.1 want: ^1.2.7
1845 silly placeDep ROOT is-data-view@1.0.2 OK for: es-abstract@1.24.1 want: ^1.0.2
1846 silly placeDep ROOT is-negative-zero@2.0.3 OK for: es-abstract@1.24.1 want: ^2.0.3
1847 silly placeDep ROOT is-regex@1.2.1 OK for: es-abstract@1.24.1 want: ^1.2.1
1848 silly placeDep ROOT is-set@2.0.3 OK for: es-abstract@1.24.1 want: ^2.0.3
1849 silly placeDep ROOT is-shared-array-buffer@1.0.4 OK for: es-abstract@1.24.1 want: ^1.0.4
1850 silly placeDep ROOT is-typed-array@1.1.15 OK for: es-abstract@1.24.1 want: ^1.1.15
1851 silly placeDep ROOT is-weakref@1.1.1 OK for: es-abstract@1.24.1 want: ^1.1.1
1852 silly placeDep ROOT object-inspect@1.13.4 OK for: es-abstract@1.24.1 want: ^1.13.4
1853 silly placeDep ROOT object.assign@4.1.7 OK for: es-abstract@1.24.1 want: ^4.1.7
1854 silly placeDep ROOT own-keys@1.0.1 OK for: es-abstract@1.24.1 want: ^1.0.1
1855 silly placeDep ROOT regexp.prototype.flags@1.5.4 OK for: es-abstract@1.24.1 want: ^1.5.4
1856 silly placeDep ROOT safe-array-concat@1.1.3 OK for: es-abstract@1.24.1 want: ^1.1.3
1857 silly placeDep ROOT safe-push-apply@1.0.0 OK for: es-abstract@1.24.1 want: ^1.0.0
1858 silly placeDep ROOT safe-regex-test@1.1.0 OK for: es-abstract@1.24.1 want: ^1.1.0
1859 silly placeDep ROOT set-proto@1.0.0 OK for: es-abstract@1.24.1 want: ^1.0.0
1860 silly placeDep ROOT stop-iteration-iterator@1.1.0 OK for: es-abstract@1.24.1 want: ^1.1.0
1861 silly placeDep ROOT string.prototype.trim@1.2.10 OK for: es-abstract@1.24.1 want: ^1.2.10
1862 silly placeDep ROOT string.prototype.trimstart@1.0.8 OK for: es-abstract@1.24.1 want: ^1.0.8
1863 silly placeDep ROOT typed-array-buffer@1.0.3 OK for: es-abstract@1.24.1 want: ^1.0.3
1864 silly placeDep ROOT typed-array-byte-length@1.0.3 OK for: es-abstract@1.24.1 want: ^1.0.3
1865 silly placeDep ROOT typed-array-byte-offset@1.0.4 OK for: es-abstract@1.24.1 want: ^1.0.4
1866 silly placeDep ROOT typed-array-length@1.0.7 OK for: es-abstract@1.24.1 want: ^1.0.7
1867 silly placeDep ROOT unbox-primitive@1.1.0 OK for: es-abstract@1.24.1 want: ^1.1.0
1868 silly placeDep ROOT which-typed-array@1.1.20 OK for: es-abstract@1.24.1 want: ^1.1.19
1869 silly fetch manifest is-array-buffer@^3.0.4
1870 silly packumentCache full:https://registry.npmjs.org/is-array-buffer cache-miss
1871 silly fetch manifest possible-typed-array-names@^1.0.0
1872 silly packumentCache full:https://registry.npmjs.org/possible-typed-array-names cache-miss
1873 silly fetch manifest is-data-view@^1.0.1
1874 silly packumentCache full:https://registry.npmjs.org/is-data-view cache-miss
1875 silly fetch manifest is-date-object@^1.0.5
1876 silly packumentCache full:https://registry.npmjs.org/is-date-object cache-miss
1877 silly fetch manifest is-symbol@^1.0.4
1878 silly packumentCache full:https://registry.npmjs.org/is-symbol cache-miss
1879 silly fetch manifest functions-have-names@^1.2.3
1880 silly packumentCache full:https://registry.npmjs.org/functions-have-names cache-miss
1881 silly fetch manifest dunder-proto@^1.0.1
1882 silly packumentCache full:https://registry.npmjs.org/dunder-proto cache-miss
1883 http cache https://registry.npmjs.org/is-data-view 5ms (cache hit)
1884 silly packumentCache full:https://registry.npmjs.org/is-data-view set size:13756 disposed:false
1885 silly fetch manifest dunder-proto@^1.0.0
1886 silly packumentCache full:https://registry.npmjs.org/dunder-proto cache-miss
1887 http cache https://registry.npmjs.org/is-array-buffer 6ms (cache hit)
1888 silly packumentCache full:https://registry.npmjs.org/is-array-buffer set size:33562 disposed:false
1889 silly fetch manifest side-channel@^1.1.0
1890 silly packumentCache full:https://registry.npmjs.org/side-channel cache-miss
1891 http fetch GET 200 https://registry.npmjs.org/possible-typed-array-names 64ms (cache miss)
1892 silly packumentCache full:https://registry.npmjs.org/possible-typed-array-names set size:undefined disposed:false
1893 silly fetch manifest is-typed-array@^1.1.13
1894 silly packumentCache full:https://registry.npmjs.org/is-typed-array cache-miss
1895 http cache https://registry.npmjs.org/is-typed-array 2ms (cache hit)
1896 silly packumentCache full:https://registry.npmjs.org/is-typed-array set size:79965 disposed:false
1897 silly fetch manifest which-typed-array@^1.1.16
1898 silly packumentCache full:https://registry.npmjs.org/which-typed-array cache-miss
1899 http fetch GET 200 https://registry.npmjs.org/dunder-proto 65ms (cache miss)
1900 silly packumentCache full:https://registry.npmjs.org/dunder-proto set size:undefined disposed:false
1901 silly fetch manifest set-function-name@^2.0.2
1902 silly packumentCache full:https://registry.npmjs.org/set-function-name cache-miss
1903 http cache https://registry.npmjs.org/which-typed-array 2ms (cache hit)
1904 silly packumentCache full:https://registry.npmjs.org/which-typed-array set size:93605 disposed:false
1905 silly fetch manifest isarray@^2.0.5
1906 silly packumentCache full:https://registry.npmjs.org/isarray cache-miss
1907 http fetch GET 200 https://registry.npmjs.org/is-date-object 72ms (cache miss)
1908 silly packumentCache full:https://registry.npmjs.org/is-date-object set size:undefined disposed:false
1909 silly fetch manifest isarray@^2.0.5
1910 silly packumentCache full:https://registry.npmjs.org/isarray cache-miss
1911 http fetch GET 200 https://registry.npmjs.org/functions-have-names 76ms (cache miss)
1912 silly packumentCache full:https://registry.npmjs.org/functions-have-names set size:undefined disposed:false
1913 silly fetch manifest for-each@^0.3.3
1914 silly packumentCache full:https://registry.npmjs.org/for-each cache-miss
1915 http fetch GET 200 https://registry.npmjs.org/dunder-proto 78ms (cache miss)
1916 silly packumentCache full:https://registry.npmjs.org/dunder-proto set size:undefined disposed:false
1917 silly fetch manifest for-each@^0.3.3
1918 silly packumentCache full:https://registry.npmjs.org/for-each cache-miss
1919 http fetch GET 200 https://registry.npmjs.org/side-channel 78ms (cache miss)
1920 silly packumentCache full:https://registry.npmjs.org/side-channel set size:undefined disposed:false
1921 silly fetch manifest reflect.getprototypeof@^1.0.9
1922 silly packumentCache full:https://registry.npmjs.org/reflect.getprototypeof cache-miss
1923 http fetch GET 200 https://registry.npmjs.org/is-symbol 85ms (cache miss)
1924 silly packumentCache full:https://registry.npmjs.org/is-symbol set size:undefined disposed:false
1925 silly fetch manifest for-each@^0.3.3
1926 silly packumentCache full:https://registry.npmjs.org/for-each cache-miss
1927 http fetch GET 200 https://registry.npmjs.org/isarray 58ms (cache miss)
1928 silly packumentCache full:https://registry.npmjs.org/isarray set size:undefined disposed:false
1929 silly fetch manifest reflect.getprototypeof@^1.0.6
1930 silly packumentCache full:https://registry.npmjs.org/reflect.getprototypeof cache-miss
1931 http fetch GET 200 https://registry.npmjs.org/set-function-name 69ms (cache miss)
1932 silly packumentCache full:https://registry.npmjs.org/set-function-name set size:undefined disposed:false
1933 silly fetch manifest has-bigints@^1.0.2
1934 silly packumentCache full:https://registry.npmjs.org/has-bigints cache-miss
1935 http fetch GET 200 https://registry.npmjs.org/reflect.getprototypeof 65ms (cache miss)
1936 silly packumentCache full:https://registry.npmjs.org/reflect.getprototypeof set size:undefined disposed:false
1937 silly fetch manifest which-boxed-primitive@^1.1.1
1938 silly packumentCache full:https://registry.npmjs.org/which-boxed-primitive cache-miss
1939 http fetch GET 200 https://registry.npmjs.org/for-each 73ms (cache miss)
1940 silly packumentCache full:https://registry.npmjs.org/for-each set size:undefined disposed:false
1941 silly fetch manifest for-each@^0.3.5
1942 silly packumentCache full:https://registry.npmjs.org/for-each cache-miss
1943 http cache https://registry.npmjs.org/for-each 1ms (cache hit)
1944 silly packumentCache full:https://registry.npmjs.org/for-each set size:14327 disposed:false
1945 http fetch GET 200 https://registry.npmjs.org/reflect.getprototypeof 56ms (cache miss)
1946 silly packumentCache full:https://registry.npmjs.org/reflect.getprototypeof set size:undefined disposed:false
1947 http fetch GET 200 https://registry.npmjs.org/for-each 112ms (cache miss)
1948 silly packumentCache full:https://registry.npmjs.org/for-each set size:undefined disposed:false
1949 silly packumentCache full:https://registry.npmjs.org/for-each dispose
1950 http fetch GET 200 https://registry.npmjs.org/which-boxed-primitive 91ms (cache miss)
1951 silly packumentCache full:https://registry.npmjs.org/which-boxed-primitive set size:undefined disposed:false
1952 http fetch GET 200 https://registry.npmjs.org/for-each 166ms (cache miss)
1953 silly packumentCache full:https://registry.npmjs.org/for-each set size:undefined disposed:true
1954 http fetch GET 200 https://registry.npmjs.org/isarray 318ms (cache miss)
1955 silly packumentCache full:https://registry.npmjs.org/isarray set size:undefined disposed:false
1956 http fetch GET 200 https://registry.npmjs.org/has-bigints 349ms (cache miss)
1957 silly packumentCache full:https://registry.npmjs.org/has-bigints set size:undefined disposed:false
1958 silly placeDep ROOT possible-typed-array-names@1.1.0 OK for: available-typed-arrays@1.0.7 want: ^1.0.0
1959 silly placeDep ROOT has-tostringtag@1.0.2 OK for: es-set-tostringtag@2.1.0 want: ^1.0.2
1960 silly placeDep ROOT is-date-object@1.1.0 OK for: es-to-primitive@1.3.0 want: ^1.0.5
1961 silly placeDep ROOT is-symbol@1.1.1 OK for: es-to-primitive@1.3.0 want: ^1.0.4
1962 silly placeDep node_modules/eslint-module-utils debug@3.2.7 OK for: eslint-module-utils@2.12.1 want: ^3.2.7
1963 silly placeDep ROOT aria-query@5.3.2 OK for: eslint-plugin-jsx-a11y@6.10.2 want: ^5.3.2
1964 silly placeDep ROOT ast-types-flow@0.0.8 OK for: eslint-plugin-jsx-a11y@6.10.2 want: ^0.0.8
1965 silly placeDep ROOT axe-core@4.11.2 OK for: eslint-plugin-jsx-a11y@6.10.2 want: ^4.10.0
1966 silly placeDep ROOT axobject-query@4.1.0 OK for: eslint-plugin-jsx-a11y@6.10.2 want: ^4.1.0
1967 silly placeDep ROOT damerau-levenshtein@1.0.8 OK for: eslint-plugin-jsx-a11y@6.10.2 want: ^1.0.8
1968 silly placeDep ROOT emoji-regex@9.2.2 OK for: eslint-plugin-jsx-a11y@6.10.2 want: ^9.2.2
1969 silly placeDep ROOT jsx-ast-utils@3.3.5 OK for: eslint-plugin-jsx-a11y@6.10.2 want: ^3.3.5
1970 silly placeDep ROOT language-tags@1.0.9 OK for: eslint-plugin-jsx-a11y@6.10.2 want: ^1.0.9
1971 silly placeDep ROOT string.prototype.includes@2.0.1 OK for: eslint-plugin-jsx-a11y@6.10.2 want: ^2.0.1
1972 silly fetch manifest language-subtag-registry@^0.3.20
1973 silly packumentCache full:https://registry.npmjs.org/language-subtag-registry cache-miss
1974 http fetch GET 200 https://registry.npmjs.org/language-subtag-registry 120ms (cache miss)
1975 silly packumentCache full:https://registry.npmjs.org/language-subtag-registry set size:undefined disposed:false
1976 silly placeDep ROOT array.prototype.findlast@1.2.5 OK for: eslint-plugin-react@7.37.5 want: ^1.2.5
1977 silly placeDep ROOT array.prototype.tosorted@1.1.4 OK for: eslint-plugin-react@7.37.5 want: ^1.1.4
1978 silly placeDep ROOT es-iterator-helpers@1.3.1 OK for: eslint-plugin-react@7.37.5 want: ^1.2.1
1979 silly placeDep ROOT estraverse@5.3.0 OK for: eslint-plugin-react@7.37.5 want: ^5.3.0
1980 silly placeDep ROOT object.entries@1.1.9 OK for: eslint-plugin-react@7.37.5 want: ^1.1.9
1981 silly placeDep ROOT prop-types@15.8.1 OK for: eslint-plugin-react@7.37.5 want: ^15.8.1
1982 silly placeDep node_modules/eslint-plugin-react semver@6.3.1 OK for: eslint-plugin-react@7.37.5 want: ^6.3.1
1983 silly placeDep ROOT string.prototype.matchall@4.0.12 OK for: eslint-plugin-react@7.37.5 want: ^4.0.12
1984 silly placeDep ROOT string.prototype.repeat@1.0.0 OK for: eslint-plugin-react@7.37.5 want: ^1.0.0
1985 silly fetch manifest iterator.prototype@^1.1.5
1986 silly packumentCache full:https://registry.npmjs.org/iterator.prototype cache-miss
1987 silly fetch manifest loose-envify@^1.4.0
1988 silly packumentCache full:https://registry.npmjs.org/loose-envify cache-miss
1989 silly fetch manifest object-assign@^4.1.1
1990 silly packumentCache full:https://registry.npmjs.org/object-assign cache-miss
1991 silly fetch manifest react-is@^16.13.1
1992 silly packumentCache full:https://registry.npmjs.org/react-is cache-miss
1993 http fetch GET 200 https://registry.npmjs.org/loose-envify 80ms (cache miss)
1994 silly packumentCache full:https://registry.npmjs.org/loose-envify set size:undefined disposed:false
1995 http fetch GET 200 https://registry.npmjs.org/object-assign 81ms (cache miss)
1996 silly packumentCache full:https://registry.npmjs.org/object-assign set size:undefined disposed:false
1997 http fetch GET 200 https://registry.npmjs.org/iterator.prototype 81ms (cache miss)
1998 silly packumentCache full:https://registry.npmjs.org/iterator.prototype set size:undefined disposed:false
1999 http fetch GET 200 https://registry.npmjs.org/react-is 454ms (cache miss)
2000 silly packumentCache full:https://registry.npmjs.org/react-is set size:undefined disposed:false
2001 silly placeDep ROOT iterator.prototype@1.1.5 OK for: es-iterator-helpers@1.3.1 want: ^1.1.5
2002 silly placeDep ROOT esrecurse@4.3.0 OK for: eslint-scope@8.4.0 want: ^4.3.0
2003 silly placeDep ROOT acorn@8.16.0 OK for: espree@10.4.0 want: ^8.15.0
2004 silly placeDep ROOT acorn-jsx@5.3.2 OK for: espree@10.4.0 want: ^5.3.2
2005 silly placeDep ROOT @nodelib/fs.stat@2.0.5 OK for: fast-glob@3.3.1 want: ^2.0.2
2006 silly placeDep ROOT @nodelib/fs.walk@1.2.8 OK for: fast-glob@3.3.1 want: ^1.2.3
2007 silly placeDep node_modules/fast-glob glob-parent@5.1.2 OK for: fast-glob@3.3.1 want: ^5.1.2
2008 silly placeDep ROOT merge2@1.4.1 OK for: fast-glob@3.3.1 want: ^1.3.0
2009 silly placeDep ROOT micromatch@4.0.8 OK for: fast-glob@3.3.1 want: ^4.0.4
2010 silly fetch manifest fastq@^1.6.0
2011 silly packumentCache full:https://registry.npmjs.org/fastq cache-miss
2012 silly fetch manifest @nodelib/fs.scandir@2.1.5
2013 silly packumentCache full:https://registry.npmjs.org/@nodelib%2ffs.scandir cache-miss
2014 silly fetch manifest braces@^3.0.3
2015 silly packumentCache full:https://registry.npmjs.org/braces cache-miss
2016 silly fetch manifest picomatch@^2.3.1
2017 silly packumentCache full:https://registry.npmjs.org/picomatch cache-miss
2018 http cache https://registry.npmjs.org/picomatch 12ms (cache hit)
2019 silly packumentCache full:https://registry.npmjs.org/picomatch set size:126376 disposed:false
2020 http fetch GET 200 https://registry.npmjs.org/braces 81ms (cache miss)
2021 silly packumentCache full:https://registry.npmjs.org/braces set size:undefined disposed:false
2022 http fetch GET 200 https://registry.npmjs.org/fastq 356ms (cache miss)
2023 silly packumentCache full:https://registry.npmjs.org/fastq set size:undefined disposed:false
2024 http fetch GET 200 https://registry.npmjs.org/@nodelib%2ffs.scandir 633ms (cache miss)
2025 silly packumentCache full:https://registry.npmjs.org/@nodelib%2ffs.scandir set size:undefined disposed:false
2026 silly placeDep ROOT @nodelib/fs.scandir@2.1.5 OK for: @nodelib/fs.walk@1.2.8 want: 2.1.5
2027 silly placeDep ROOT fastq@1.20.1 OK for: @nodelib/fs.walk@1.2.8 want: ^1.6.0
2028 silly fetch manifest run-parallel@^1.1.9
2029 silly packumentCache full:https://registry.npmjs.org/run-parallel cache-miss
2030 silly fetch manifest reusify@^1.0.4
2031 silly packumentCache full:https://registry.npmjs.org/reusify cache-miss
2032 http fetch GET 200 https://registry.npmjs.org/reusify 412ms (cache miss)
2033 silly packumentCache full:https://registry.npmjs.org/reusify set size:undefined disposed:false
2034 http fetch GET 200 https://registry.npmjs.org/run-parallel 413ms (cache miss)
2035 silly packumentCache full:https://registry.npmjs.org/run-parallel set size:undefined disposed:false
2036 silly placeDep ROOT run-parallel@1.2.0 OK for: @nodelib/fs.scandir@2.1.5 want: ^1.1.9
2037 silly fetch manifest queue-microtask@^1.2.2
2038 silly packumentCache full:https://registry.npmjs.org/queue-microtask cache-miss
2039 http fetch GET 200 https://registry.npmjs.org/queue-microtask 61ms (cache miss)
2040 silly packumentCache full:https://registry.npmjs.org/queue-microtask set size:undefined disposed:false
2041 silly placeDep ROOT reusify@1.1.0 OK for: fastq@1.20.1 want: ^1.0.4
2042 silly placeDep ROOT flat-cache@4.0.1 OK for: file-entry-cache@8.0.0 want: ^4.0.0
2043 silly fetch manifest keyv@^4.5.4
2044 silly packumentCache full:https://registry.npmjs.org/keyv cache-miss
2045 silly fetch manifest flatted@^3.2.9
2046 silly packumentCache full:https://registry.npmjs.org/flatted cache-miss
2047 http fetch GET 200 https://registry.npmjs.org/keyv 59ms (cache miss)
2048 silly packumentCache full:https://registry.npmjs.org/keyv set size:undefined disposed:false
2049 http fetch GET 200 https://registry.npmjs.org/flatted 71ms (cache miss)
2050 silly packumentCache full:https://registry.npmjs.org/flatted set size:undefined disposed:false
2051 silly placeDep ROOT locate-path@6.0.0 OK for: find-up@5.0.0 want: ^6.0.0
2052 silly placeDep ROOT path-exists@4.0.0 OK for: find-up@5.0.0 want: ^4.0.0
2053 silly fetch manifest p-locate@^5.0.0
2054 silly packumentCache full:https://registry.npmjs.org/p-locate cache-miss
2055 http fetch GET 200 https://registry.npmjs.org/p-locate 51ms (cache miss)
2056 silly packumentCache full:https://registry.npmjs.org/p-locate set size:undefined disposed:false
2057 silly placeDep ROOT flatted@3.4.2 OK for: flat-cache@4.0.1 want: ^3.2.9
2058 silly placeDep ROOT keyv@4.5.4 OK for: flat-cache@4.0.1 want: ^4.5.4
2059 silly fetch manifest json-buffer@3.0.1
2060 silly packumentCache full:https://registry.npmjs.org/json-buffer cache-miss
2061 http fetch GET 200 https://registry.npmjs.org/json-buffer 61ms (cache miss)
2062 silly packumentCache full:https://registry.npmjs.org/json-buffer set size:undefined disposed:false
2063 silly placeDep ROOT functions-have-names@1.2.3 OK for: function.prototype.name@1.1.8 want: ^1.2.3
2064 silly placeDep ROOT dunder-proto@1.0.1 OK for: get-proto@1.0.1 want: ^1.0.1
2065 silly placeDep ROOT resolve-pkg-maps@1.0.0 OK for: get-tsconfig@4.13.7 want: ^1.0.0
2066 silly placeDep ROOT parent-module@1.0.1 OK for: import-fresh@3.3.1 want: ^1.0.0
2067 silly placeDep ROOT resolve-from@4.0.0 OK for: import-fresh@3.3.1 want: ^4.0.0
2068 silly fetch manifest callsites@^3.0.0
2069 silly packumentCache full:https://registry.npmjs.org/callsites cache-miss
2070 http fetch GET 200 https://registry.npmjs.org/callsites 75ms (cache miss)
2071 silly packumentCache full:https://registry.npmjs.org/callsites set size:undefined disposed:false
2072 silly placeDep ROOT side-channel@1.1.0 OK for: internal-slot@1.1.0 want: ^1.1.0
2073 silly fetch manifest side-channel-list@^1.0.0
2074 silly packumentCache full:https://registry.npmjs.org/side-channel-list cache-miss
2075 silly fetch manifest side-channel-map@^1.0.1
2076 silly packumentCache full:https://registry.npmjs.org/side-channel-map cache-miss
2077 silly fetch manifest side-channel-weakmap@^1.0.2
2078 silly packumentCache full:https://registry.npmjs.org/side-channel-weakmap cache-miss
2079 http fetch GET 200 https://registry.npmjs.org/side-channel-map 67ms (cache miss)
2080 silly packumentCache full:https://registry.npmjs.org/side-channel-map set size:undefined disposed:false
2081 http fetch GET 200 https://registry.npmjs.org/side-channel-weakmap 71ms (cache miss)
2082 silly packumentCache full:https://registry.npmjs.org/side-channel-weakmap set size:undefined disposed:false
2083 http fetch GET 200 https://registry.npmjs.org/side-channel-list 77ms (cache miss)
2084 silly packumentCache full:https://registry.npmjs.org/side-channel-list set size:undefined disposed:false
2085 silly placeDep ROOT is-extglob@2.1.1 OK for: is-glob@4.0.3 want: ^2.1.1
2086 silly placeDep ROOT set-function-name@2.0.2 OK for: iterator.prototype@1.1.5 want: ^2.0.2
2087 silly placeDep ROOT @types/react-reconciler@0.28.9 OK for: its-fine@2.0.0 want: ^0.28.9
2088 silly placeDep ROOT argparse@2.0.1 OK for: js-yaml@4.1.1 want: ^2.0.1
2089 silly placeDep ROOT json-buffer@3.0.1 OK for: keyv@4.5.4 want: 3.0.1
2090 silly placeDep ROOT language-subtag-registry@0.3.23 OK for: language-tags@1.0.9 want: ^0.3.20
2091 silly placeDep ROOT prelude-ls@1.2.1 OK for: levn@0.4.1 want: ^1.2.1
2092 silly placeDep ROOT type-check@0.4.0 OK for: levn@0.4.1 want: ~0.4.0
2093 silly placeDep ROOT detect-libc@2.1.2 OK for: lightningcss@1.32.0 want: ^2.0.3
2094 silly placeDep ROOT lightningcss-android-arm64@1.32.0 OK for: lightningcss@1.32.0 want: 1.32.0
2095 silly placeDep ROOT lightningcss-darwin-arm64@1.32.0 OK for: lightningcss@1.32.0 want: 1.32.0
2096 silly placeDep ROOT lightningcss-darwin-x64@1.32.0 OK for: lightningcss@1.32.0 want: 1.32.0
2097 silly placeDep ROOT lightningcss-freebsd-x64@1.32.0 OK for: lightningcss@1.32.0 want: 1.32.0
2098 silly placeDep ROOT lightningcss-linux-arm-gnueabihf@1.32.0 OK for: lightningcss@1.32.0 want: 1.32.0
2099 silly placeDep ROOT lightningcss-linux-arm64-gnu@1.32.0 OK for: lightningcss@1.32.0 want: 1.32.0
2100 silly placeDep ROOT lightningcss-linux-arm64-musl@1.32.0 OK for: lightningcss@1.32.0 want: 1.32.0
2101 silly placeDep ROOT lightningcss-linux-x64-gnu@1.32.0 OK for: lightningcss@1.32.0 want: 1.32.0
2102 silly placeDep ROOT lightningcss-linux-x64-musl@1.32.0 OK for: lightningcss@1.32.0 want: 1.32.0
2103 silly placeDep ROOT lightningcss-win32-arm64-msvc@1.32.0 OK for: lightningcss@1.32.0 want: 1.32.0
2104 silly placeDep ROOT lightningcss-win32-x64-msvc@1.32.0 OK for: lightningcss@1.32.0 want: 1.32.0
2105 silly placeDep ROOT p-locate@5.0.0 OK for: locate-path@6.0.0 want: ^5.0.0
2106 silly fetch manifest p-limit@^3.0.2
2107 silly packumentCache full:https://registry.npmjs.org/p-limit cache-miss
2108 http fetch GET 200 https://registry.npmjs.org/p-limit 101ms (cache miss)
2109 silly packumentCache full:https://registry.npmjs.org/p-limit set size:undefined disposed:false
2110 silly placeDep ROOT braces@3.0.3 OK for: micromatch@4.0.8 want: ^3.0.3
2111 silly placeDep ROOT picomatch@2.3.2 OK for: micromatch@4.0.8 want: ^2.3.1
2112 silly fetch manifest fill-range@^7.1.1
2113 silly packumentCache full:https://registry.npmjs.org/fill-range cache-miss
2114 http fetch GET 200 https://registry.npmjs.org/fill-range 76ms (cache miss)
2115 silly packumentCache full:https://registry.npmjs.org/fill-range set size:undefined disposed:false
2116 silly placeDep ROOT fill-range@7.1.1 OK for: braces@3.0.3 want: ^7.1.1
2117 silly fetch manifest to-regex-range@^5.0.1
2118 silly packumentCache full:https://registry.npmjs.org/to-regex-range cache-miss
2119 http fetch GET 200 https://registry.npmjs.org/to-regex-range 66ms (cache miss)
2120 silly packumentCache full:https://registry.npmjs.org/to-regex-range set size:undefined disposed:false
2121 silly placeDep ROOT to-regex-range@5.0.1 OK for: fill-range@7.1.1 want: ^5.0.1
2122 silly fetch manifest is-number@^7.0.0
2123 silly packumentCache full:https://registry.npmjs.org/is-number cache-miss
2124 http fetch GET 200 https://registry.npmjs.org/is-number 70ms (cache miss)
2125 silly packumentCache full:https://registry.npmjs.org/is-number set size:undefined disposed:false
2126 silly placeDep ROOT brace-expansion@1.1.13 OK for: minimatch@3.1.5 want: ^1.1.7
2127 silly fetch manifest concat-map@0.0.1
2128 silly packumentCache full:https://registry.npmjs.org/concat-map cache-miss
2129 silly fetch manifest balanced-match@^1.0.0
2130 silly packumentCache full:https://registry.npmjs.org/balanced-match cache-miss
2131 http fetch GET 200 https://registry.npmjs.org/balanced-match 63ms (cache miss)
2132 silly packumentCache full:https://registry.npmjs.org/balanced-match set size:undefined disposed:false
2133 http fetch GET 200 https://registry.npmjs.org/concat-map 80ms (cache miss)
2134 silly packumentCache full:https://registry.npmjs.org/concat-map set size:undefined disposed:false
2135 silly placeDep ROOT balanced-match@1.0.2 OK for: brace-expansion@1.1.13 want: ^1.0.0
2136 silly placeDep ROOT concat-map@0.0.1 OK for: brace-expansion@1.1.13 want: 0.0.1
2137 silly placeDep ROOT @next/env@15.1.0 OK for: next@15.1.0 want: 15.1.0
2138 silly placeDep ROOT @next/swc-darwin-arm64@15.1.0 OK for: next@15.1.0 want: 15.1.0
2139 silly placeDep ROOT @next/swc-darwin-x64@15.1.0 OK for: next@15.1.0 want: 15.1.0
2140 silly placeDep ROOT @next/swc-linux-arm64-gnu@15.1.0 OK for: next@15.1.0 want: 15.1.0
2141 silly placeDep ROOT @next/swc-linux-arm64-musl@15.1.0 OK for: next@15.1.0 want: 15.1.0
2142 silly placeDep ROOT @next/swc-linux-x64-gnu@15.1.0 OK for: next@15.1.0 want: 15.1.0
2143 silly placeDep ROOT @next/swc-linux-x64-musl@15.1.0 OK for: next@15.1.0 want: 15.1.0
2144 silly placeDep ROOT @next/swc-win32-arm64-msvc@15.1.0 OK for: next@15.1.0 want: 15.1.0
2145 silly placeDep ROOT @next/swc-win32-x64-msvc@15.1.0 OK for: next@15.1.0 want: 15.1.0
2146 silly placeDep ROOT @swc/counter@0.1.3 OK for: next@15.1.0 want: 0.1.3
2147 silly placeDep ROOT @swc/helpers@0.5.15 OK for: next@15.1.0 want: 0.5.15
2148 silly placeDep ROOT busboy@1.6.0 OK for: next@15.1.0 want: 1.6.0
2149 silly placeDep ROOT caniuse-lite@1.0.30001784 OK for: next@15.1.0 want: ^1.0.30001579
2150 silly placeDep node_modules/next postcss@8.4.31 OK for: next@15.1.0 want: 8.4.31
2151 silly placeDep ROOT sharp@0.33.5 OK for: next@15.1.0 want: ^0.33.5
2152 silly placeDep ROOT styled-jsx@5.1.6 OK for: next@15.1.0 want: 5.1.6
2153 silly fetch manifest tslib@^2.8.0
2154 silly packumentCache full:https://registry.npmjs.org/tslib cache-miss
2155 silly fetch manifest streamsearch@^1.1.0
2156 silly packumentCache full:https://registry.npmjs.org/streamsearch cache-miss
2157 silly fetch manifest nanoid@^3.3.6
2158 silly packumentCache full:https://registry.npmjs.org/nanoid cache-miss
2159 silly fetch manifest picocolors@^1.0.0
2160 silly packumentCache full:https://registry.npmjs.org/picocolors cache-miss
2161 silly fetch manifest color@^4.2.3
2162 silly packumentCache full:https://registry.npmjs.org/color cache-miss
2163 silly fetch manifest @img/sharp-wasm32@0.33.5
2164 silly packumentCache full:https://registry.npmjs.org/@img%2fsharp-wasm32 cache-miss
2165 silly fetch manifest @img/sharp-linux-arm@0.33.5
2166 silly packumentCache full:https://registry.npmjs.org/@img%2fsharp-linux-arm cache-miss
2167 http cache https://registry.npmjs.org/picocolors 3ms (cache hit)
2168 silly packumentCache full:https://registry.npmjs.org/picocolors set size:16648 disposed:false
2169 silly fetch manifest @img/sharp-linux-x64@0.33.5
2170 silly packumentCache full:https://registry.npmjs.org/@img%2fsharp-linux-x64 cache-miss
2171 http cache https://registry.npmjs.org/nanoid 4ms (cache hit)
2172 silly packumentCache full:https://registry.npmjs.org/nanoid set size:300313 disposed:false
2173 silly fetch manifest @img/sharp-win32-x64@0.33.5
2174 silly packumentCache full:https://registry.npmjs.org/@img%2fsharp-win32-x64 cache-miss
2175 http fetch GET 200 https://registry.npmjs.org/tslib 74ms (cache miss)
2176 silly packumentCache full:https://registry.npmjs.org/tslib set size:undefined disposed:false
2177 silly fetch manifest @img/sharp-darwin-x64@0.33.5
2178 silly packumentCache full:https://registry.npmjs.org/@img%2fsharp-darwin-x64 cache-miss
2179 http fetch GET 200 https://registry.npmjs.org/color 78ms (cache miss)
2180 silly packumentCache full:https://registry.npmjs.org/color set size:undefined disposed:false
2181 silly fetch manifest @img/sharp-win32-ia32@0.33.5
2182 silly packumentCache full:https://registry.npmjs.org/@img%2fsharp-win32-ia32 cache-miss
2183 http fetch GET 200 https://registry.npmjs.org/@img%2fsharp-wasm32 88ms (cache miss)
2184 silly packumentCache full:https://registry.npmjs.org/@img%2fsharp-wasm32 set size:undefined disposed:false
2185 silly fetch manifest @img/sharp-linux-arm64@0.33.5
2186 silly packumentCache full:https://registry.npmjs.org/@img%2fsharp-linux-arm64 cache-miss
2187 http fetch GET 200 https://registry.npmjs.org/@img%2fsharp-linux-arm 90ms (cache miss)
2188 silly packumentCache full:https://registry.npmjs.org/@img%2fsharp-linux-arm set size:undefined disposed:false
2189 silly fetch manifest @img/sharp-linux-s390x@0.33.5
2190 silly packumentCache full:https://registry.npmjs.org/@img%2fsharp-linux-s390x cache-miss
2191 http fetch GET 200 https://registry.npmjs.org/@img%2fsharp-win32-x64 104ms (cache miss)
2192 silly packumentCache full:https://registry.npmjs.org/@img%2fsharp-win32-x64 set size:undefined disposed:false
2193 silly fetch manifest @img/sharp-darwin-arm64@0.33.5
2194 silly packumentCache full:https://registry.npmjs.org/@img%2fsharp-darwin-arm64 cache-miss
2195 http fetch GET 200 https://registry.npmjs.org/@img%2fsharp-linux-arm64 86ms (cache miss)
2196 silly packumentCache full:https://registry.npmjs.org/@img%2fsharp-linux-arm64 set size:undefined disposed:false
2197 silly fetch manifest @img/sharp-linuxmusl-x64@0.33.5
2198 silly packumentCache full:https://registry.npmjs.org/@img%2fsharp-linuxmusl-x64 cache-miss
2199 http fetch GET 200 https://registry.npmjs.org/@img%2fsharp-darwin-x64 102ms (cache miss)
2200 silly packumentCache full:https://registry.npmjs.org/@img%2fsharp-darwin-x64 set size:undefined disposed:false
2201 silly fetch manifest @img/sharp-linuxmusl-arm64@0.33.5
2202 silly packumentCache full:https://registry.npmjs.org/@img%2fsharp-linuxmusl-arm64 cache-miss
2203 http fetch GET 200 https://registry.npmjs.org/@img%2fsharp-darwin-arm64 93ms (cache miss)
2204 silly packumentCache full:https://registry.npmjs.org/@img%2fsharp-darwin-arm64 set size:undefined disposed:false
2205 silly fetch manifest @img/sharp-libvips-linux-arm@1.0.5
2206 silly packumentCache full:https://registry.npmjs.org/@img%2fsharp-libvips-linux-arm cache-miss
2207 http fetch GET 200 https://registry.npmjs.org/@img%2fsharp-win32-ia32 127ms (cache miss)
2208 silly packumentCache full:https://registry.npmjs.org/@img%2fsharp-win32-ia32 set size:undefined disposed:false
2209 silly fetch manifest @img/sharp-libvips-linux-x64@1.0.4
2210 silly packumentCache full:https://registry.npmjs.org/@img%2fsharp-libvips-linux-x64 cache-miss
2211 http fetch GET 200 https://registry.npmjs.org/@img%2fsharp-linuxmusl-x64 80ms (cache miss)
2212 silly packumentCache full:https://registry.npmjs.org/@img%2fsharp-linuxmusl-x64 set size:undefined disposed:false
2213 silly fetch manifest @img/sharp-libvips-darwin-x64@1.0.4
2214 silly packumentCache full:https://registry.npmjs.org/@img%2fsharp-libvips-darwin-x64 cache-miss
2215 http fetch GET 200 https://registry.npmjs.org/@img%2fsharp-linuxmusl-arm64 93ms (cache miss)
2216 silly packumentCache full:https://registry.npmjs.org/@img%2fsharp-linuxmusl-arm64 set size:undefined disposed:false
2217 silly fetch manifest @img/sharp-libvips-linux-arm64@1.0.4
2218 silly packumentCache full:https://registry.npmjs.org/@img%2fsharp-libvips-linux-arm64 cache-miss
2219 http fetch GET 200 https://registry.npmjs.org/@img%2fsharp-libvips-linux-arm 119ms (cache miss)
2220 silly packumentCache full:https://registry.npmjs.org/@img%2fsharp-libvips-linux-arm set size:undefined disposed:false
2221 silly fetch manifest @img/sharp-libvips-linux-s390x@1.0.4
2222 silly packumentCache full:https://registry.npmjs.org/@img%2fsharp-libvips-linux-s390x cache-miss
2223 http fetch GET 200 https://registry.npmjs.org/@img%2fsharp-libvips-darwin-x64 83ms (cache miss)
2224 silly packumentCache full:https://registry.npmjs.org/@img%2fsharp-libvips-darwin-x64 set size:undefined disposed:false
2225 silly fetch manifest @img/sharp-libvips-darwin-arm64@1.0.4
2226 silly packumentCache full:https://registry.npmjs.org/@img%2fsharp-libvips-darwin-arm64 cache-miss
2227 http fetch GET 200 https://registry.npmjs.org/@img%2fsharp-libvips-linux-arm64 75ms (cache miss)
2228 silly packumentCache full:https://registry.npmjs.org/@img%2fsharp-libvips-linux-arm64 set size:undefined disposed:false
2229 silly fetch manifest @img/sharp-libvips-linuxmusl-x64@1.0.4
2230 silly packumentCache full:https://registry.npmjs.org/@img%2fsharp-libvips-linuxmusl-x64 cache-miss
2231 http fetch GET 200 https://registry.npmjs.org/@img%2fsharp-linux-x64 360ms (cache miss)
2232 silly packumentCache full:https://registry.npmjs.org/@img%2fsharp-linux-x64 set size:undefined disposed:false
2233 silly fetch manifest @img/sharp-libvips-linuxmusl-arm64@1.0.4
2234 silly packumentCache full:https://registry.npmjs.org/@img%2fsharp-libvips-linuxmusl-arm64 cache-miss
2235 http fetch GET 200 https://registry.npmjs.org/@img%2fsharp-libvips-darwin-arm64 83ms (cache miss)
2236 silly packumentCache full:https://registry.npmjs.org/@img%2fsharp-libvips-darwin-arm64 set size:undefined disposed:false
2237 silly fetch manifest client-only@0.0.1
2238 silly packumentCache full:https://registry.npmjs.org/client-only cache-miss
2239 http fetch GET 200 https://registry.npmjs.org/@img%2fsharp-libvips-linuxmusl-x64 84ms (cache miss)
2240 silly packumentCache full:https://registry.npmjs.org/@img%2fsharp-libvips-linuxmusl-x64 set size:undefined disposed:false
2241 http fetch GET 200 https://registry.npmjs.org/@img%2fsharp-libvips-linuxmusl-arm64 76ms (cache miss)
2242 silly packumentCache full:https://registry.npmjs.org/@img%2fsharp-libvips-linuxmusl-arm64 set size:undefined disposed:false
2243 http fetch GET 200 https://registry.npmjs.org/@img%2fsharp-libvips-linux-x64 382ms (cache miss)
2244 silly packumentCache full:https://registry.npmjs.org/@img%2fsharp-libvips-linux-x64 set size:undefined disposed:false
2245 http fetch GET 200 https://registry.npmjs.org/@img%2fsharp-linux-s390x 566ms (cache miss)
2246 silly packumentCache full:https://registry.npmjs.org/@img%2fsharp-linux-s390x set size:undefined disposed:false
2247 http fetch GET 200 https://registry.npmjs.org/@img%2fsharp-libvips-linux-s390x 410ms (cache miss)
2248 silly packumentCache full:https://registry.npmjs.org/@img%2fsharp-libvips-linux-s390x set size:undefined disposed:false
2249 http fetch GET 200 https://registry.npmjs.org/client-only 370ms (cache miss)
2250 silly packumentCache full:https://registry.npmjs.org/client-only set size:undefined disposed:false
2251 http fetch GET 200 https://registry.npmjs.org/streamsearch 869ms (cache miss)
2252 silly packumentCache full:https://registry.npmjs.org/streamsearch set size:undefined disposed:false
2253 silly placeDep ROOT tslib@2.8.1 OK for: @swc/helpers@0.5.15 want: ^2.8.0
2254 silly placeDep ROOT streamsearch@1.1.0 OK for: busboy@1.6.0 want: ^1.1.0
2255 silly placeDep ROOT deep-is@0.1.4 OK for: optionator@0.9.4 want: ^0.1.3
2256 silly placeDep ROOT fast-levenshtein@2.0.6 OK for: optionator@0.9.4 want: ^2.0.6
2257 silly placeDep ROOT word-wrap@1.2.5 OK for: optionator@0.9.4 want: ^1.2.5
2258 silly placeDep ROOT p-limit@3.1.0 OK for: p-locate@5.0.0 want: ^3.0.2
2259 silly fetch manifest yocto-queue@^0.1.0
2260 silly packumentCache full:https://registry.npmjs.org/yocto-queue cache-miss
2261 http fetch GET 200 https://registry.npmjs.org/yocto-queue 74ms (cache miss)
2262 silly packumentCache full:https://registry.npmjs.org/yocto-queue set size:undefined disposed:false
2263 silly placeDep ROOT yocto-queue@0.1.0 OK for: p-limit@3.1.0 want: ^0.1.0
2264 silly placeDep ROOT callsites@3.1.0 OK for: parent-module@1.0.1 want: ^3.0.0
2265 silly placeDep ROOT nanoid@3.3.11 OK for: postcss@8.5.8 want: ^3.3.11
2266 silly placeDep ROOT picocolors@1.1.1 OK for: postcss@8.5.8 want: ^1.1.1
2267 silly placeDep ROOT is-promise@2.2.2 OK for: promise-worker-transferable@1.0.4 want: ^2.1.0
2268 silly placeDep ROOT lie@3.3.0 OK for: promise-worker-transferable@1.0.4 want: ^3.0.2
2269 silly fetch manifest immediate@~3.0.5
2270 silly packumentCache full:https://registry.npmjs.org/immediate cache-miss
2271 http fetch GET 200 https://registry.npmjs.org/immediate 419ms (cache miss)
2272 silly packumentCache full:https://registry.npmjs.org/immediate set size:undefined disposed:false
2273 silly placeDep ROOT immediate@3.0.6 OK for: lie@3.3.0 want: ~3.0.5
2274 silly placeDep ROOT loose-envify@1.4.0 OK for: prop-types@15.8.1 want: ^1.4.0
2275 silly placeDep ROOT object-assign@4.1.1 OK for: prop-types@15.8.1 want: ^4.1.1
2276 silly placeDep ROOT react-is@16.13.1 OK for: prop-types@15.8.1 want: ^16.13.1
2277 silly fetch manifest js-tokens@^3.0.0 || ^4.0.0
2278 silly packumentCache full:https://registry.npmjs.org/js-tokens cache-miss
2279 http fetch GET 200 https://registry.npmjs.org/js-tokens 76ms (cache miss)
2280 silly packumentCache full:https://registry.npmjs.org/js-tokens set size:undefined disposed:false
2281 silly placeDep ROOT js-tokens@4.0.0 OK for: loose-envify@1.4.0 want: ^3.0.0 || ^4.0.0
2282 silly placeDep node_modules/react-dom scheduler@0.25.0 OK for: react-dom@19.0.0 want: ^0.25.0
2283 silly placeDep ROOT node-exports-info@1.6.0 OK for: resolve@2.0.0-next.6 want: ^1.6.0
2284 silly placeDep ROOT path-parse@1.0.7 OK for: resolve@2.0.0-next.6 want: ^1.0.7
2285 silly placeDep ROOT supports-preserve-symlinks-flag@1.0.0 OK for: resolve@2.0.0-next.6 want: ^1.0.0
2286 silly placeDep node_modules/node-exports-info semver@6.3.1 OK for: node-exports-info@1.6.0 want: ^6.3.1
2287 silly placeDep ROOT queue-microtask@1.2.3 OK for: run-parallel@1.2.0 want: ^1.2.2
2288 silly placeDep ROOT isarray@2.0.5 OK for: safe-array-concat@1.1.3 want: ^2.0.5
2289 silly placeDep ROOT @img/sharp-darwin-arm64@0.33.5 OK for: sharp@0.33.5 want: 0.33.5
2290 silly placeDep ROOT @img/sharp-darwin-x64@0.33.5 OK for: sharp@0.33.5 want: 0.33.5
2291 silly placeDep ROOT @img/sharp-libvips-darwin-arm64@1.0.4 OK for: sharp@0.33.5 want: 1.0.4
2292 silly placeDep ROOT @img/sharp-libvips-darwin-x64@1.0.4 OK for: sharp@0.33.5 want: 1.0.4
2293 silly placeDep ROOT @img/sharp-libvips-linux-arm@1.0.5 OK for: sharp@0.33.5 want: 1.0.5
2294 silly placeDep ROOT @img/sharp-libvips-linux-arm64@1.0.4 OK for: sharp@0.33.5 want: 1.0.4
2295 silly placeDep ROOT @img/sharp-libvips-linux-s390x@1.0.4 OK for: sharp@0.33.5 want: 1.0.4
2296 silly placeDep ROOT @img/sharp-libvips-linux-x64@1.0.4 OK for: sharp@0.33.5 want: 1.0.4
2297 silly placeDep ROOT @img/sharp-libvips-linuxmusl-arm64@1.0.4 OK for: sharp@0.33.5 want: 1.0.4
2298 silly placeDep ROOT @img/sharp-libvips-linuxmusl-x64@1.0.4 OK for: sharp@0.33.5 want: 1.0.4
2299 silly placeDep ROOT @img/sharp-linux-arm@0.33.5 OK for: sharp@0.33.5 want: 0.33.5
2300 silly placeDep ROOT @img/sharp-linux-arm64@0.33.5 OK for: sharp@0.33.5 want: 0.33.5
2301 silly placeDep ROOT @img/sharp-linux-s390x@0.33.5 OK for: sharp@0.33.5 want: 0.33.5
2302 silly placeDep ROOT @img/sharp-linux-x64@0.33.5 OK for: sharp@0.33.5 want: 0.33.5
2303 silly placeDep ROOT @img/sharp-linuxmusl-arm64@0.33.5 OK for: sharp@0.33.5 want: 0.33.5
2304 silly placeDep ROOT @img/sharp-linuxmusl-x64@0.33.5 OK for: sharp@0.33.5 want: 0.33.5
2305 silly placeDep ROOT @img/sharp-wasm32@0.33.5 OK for: sharp@0.33.5 want: 0.33.5
2306 silly placeDep ROOT @img/sharp-win32-ia32@0.33.5 OK for: sharp@0.33.5 want: 0.33.5
2307 silly placeDep ROOT @img/sharp-win32-x64@0.33.5 OK for: sharp@0.33.5 want: 0.33.5
2308 silly placeDep ROOT color@4.2.3 OK for: sharp@0.33.5 want: ^4.2.3
2309 silly fetch manifest @emnapi/runtime@^1.2.0
2310 silly packumentCache full:https://registry.npmjs.org/@emnapi%2fruntime cache-miss
2311 silly fetch manifest color-string@^1.9.0
2312 silly packumentCache full:https://registry.npmjs.org/color-string cache-miss
2313 http fetch GET 200 https://registry.npmjs.org/@emnapi%2fruntime 99ms (cache miss)
2314 silly packumentCache full:https://registry.npmjs.org/@emnapi%2fruntime set size:undefined disposed:false
2315 http fetch GET 200 https://registry.npmjs.org/color-string 387ms (cache miss)
2316 silly packumentCache full:https://registry.npmjs.org/color-string set size:undefined disposed:false
2317 silly placeDep ROOT @emnapi/runtime@1.9.2 OK for: @img/sharp-wasm32@0.33.5 want: ^1.2.0
2318 silly placeDep ROOT color-string@1.9.1 OK for: color@4.2.3 want: ^1.9.0
2319 silly fetch manifest simple-swizzle@^0.2.2
2320 silly packumentCache full:https://registry.npmjs.org/simple-swizzle cache-miss
2321 http fetch GET 200 https://registry.npmjs.org/simple-swizzle 61ms (cache miss)
2322 silly packumentCache full:https://registry.npmjs.org/simple-swizzle set size:undefined disposed:false
2323 silly placeDep ROOT simple-swizzle@0.2.4 OK for: color-string@1.9.1 want: ^0.2.2
2324 silly fetch manifest is-arrayish@^0.3.1
2325 silly packumentCache full:https://registry.npmjs.org/is-arrayish cache-miss
2326 http fetch GET 200 https://registry.npmjs.org/is-arrayish 86ms (cache miss)
2327 silly packumentCache full:https://registry.npmjs.org/is-arrayish set size:undefined disposed:false
2328 silly placeDep ROOT shebang-regex@3.0.0 OK for: shebang-command@2.0.0 want: ^3.0.0
2329 silly placeDep ROOT side-channel-list@1.0.0 OK for: side-channel@1.1.0 want: ^1.0.0
2330 silly placeDep ROOT side-channel-map@1.0.1 OK for: side-channel@1.1.0 want: ^1.0.1
2331 silly placeDep ROOT side-channel-weakmap@1.0.2 OK for: side-channel@1.1.0 want: ^1.0.2
2332 silly placeDep ROOT is-arrayish@0.3.4 OK for: simple-swizzle@0.2.4 want: ^0.3.1
2333 silly placeDep node_modules/stats-gl three@0.170.0 OK for: stats-gl@2.4.2 want: ^0.170.0
2334 silly placeDep ROOT client-only@0.0.1 OK for: styled-jsx@5.1.6 want: 0.0.1
2335 silly placeDep ROOT has-flag@4.0.0 OK for: supports-color@7.2.0 want: ^4.0.0
2336 silly placeDep ROOT @types/draco3d@1.4.10 OK for: three-stdlib@2.36.1 want: ^1.4.0
2337 silly placeDep ROOT @types/offscreencanvas@2019.7.3 OK for: three-stdlib@2.36.1 want: ^2019.6.4
2338 silly placeDep ROOT draco3d@1.5.7 OK for: three-stdlib@2.36.1 want: ^1.4.1
2339 silly placeDep ROOT potpack@1.0.2 OK for: three-stdlib@2.36.1 want: ^1.0.1
2340 silly placeDep ROOT fdir@6.5.0 OK for: tinyglobby@0.2.15 want: ^6.5.0
2341 silly placeDep node_modules/tinyglobby picomatch@4.0.4 OK for: tinyglobby@0.2.15 want: ^4.0.3
2342 silly placeDep ROOT is-number@7.0.0 OK for: to-regex-range@5.0.1 want: ^7.0.0
2343 silly placeDep ROOT bidi-js@1.0.3 OK for: troika-three-text@0.52.4 want: ^1.0.2
2344 silly placeDep ROOT troika-three-utils@0.52.4 OK for: troika-three-text@0.52.4 want: ^0.52.4
2345 silly placeDep ROOT troika-worker-utils@0.52.0 OK for: troika-three-text@0.52.4 want: ^0.52.0
2346 silly placeDep ROOT webgl-sdf-generator@1.1.1 OK for: troika-three-text@0.52.4 want: 1.1.1
2347 silly fetch manifest require-from-string@^2.0.2
2348 silly packumentCache full:https://registry.npmjs.org/require-from-string cache-miss
2349 http fetch GET 200 https://registry.npmjs.org/require-from-string 370ms (cache miss)
2350 silly packumentCache full:https://registry.npmjs.org/require-from-string set size:undefined disposed:false
2351 silly placeDep ROOT require-from-string@2.0.2 OK for: bidi-js@1.0.3 want: ^2.0.2
2352 silly placeDep ROOT @types/json5@0.0.29 OK for: tsconfig-paths@3.15.0 want: ^0.0.29
2353 silly placeDep ROOT json5@1.0.2 OK for: tsconfig-paths@3.15.0 want: ^1.0.2
2354 silly placeDep ROOT minimist@1.2.8 OK for: tsconfig-paths@3.15.0 want: ^1.2.6
2355 silly placeDep ROOT strip-bom@3.0.0 OK for: tsconfig-paths@3.15.0 want: ^3.0.0
2356 silly fetch manifest minimist@^1.2.0
2357 silly packumentCache full:https://registry.npmjs.org/minimist cache-miss
2358 http cache https://registry.npmjs.org/minimist 1ms (cache hit)
2359 silly packumentCache full:https://registry.npmjs.org/minimist set size:77063 disposed:false
2360 silly placeDep node_modules/tunnel-rat zustand@4.5.7 OK for: tunnel-rat@0.1.2 want: ^4.3.2
2361 silly placeDep ROOT for-each@0.3.5 OK for: typed-array-byte-length@1.0.3 want: ^0.3.3
2362 silly placeDep ROOT reflect.getprototypeof@1.0.10 OK for: typed-array-byte-offset@1.0.4 want: ^1.0.9
2363 silly fetch manifest which-builtin-type@^1.2.1
2364 silly packumentCache full:https://registry.npmjs.org/which-builtin-type cache-miss
2365 http fetch GET 200 https://registry.npmjs.org/which-builtin-type 66ms (cache miss)
2366 silly packumentCache full:https://registry.npmjs.org/which-builtin-type set size:undefined disposed:false
2367 silly placeDep ROOT which-builtin-type@1.2.1 OK for: reflect.getprototypeof@1.0.10 want: ^1.2.1
2368 silly fetch manifest is-async-function@^2.0.0
2369 silly packumentCache full:https://registry.npmjs.org/is-async-function cache-miss
2370 silly fetch manifest is-finalizationregistry@^1.1.0
2371 silly packumentCache full:https://registry.npmjs.org/is-finalizationregistry cache-miss
2372 silly fetch manifest is-generator-function@^1.0.10
2373 silly packumentCache full:https://registry.npmjs.org/is-generator-function cache-miss
2374 silly fetch manifest which-boxed-primitive@^1.1.0
2375 silly packumentCache full:https://registry.npmjs.org/which-boxed-primitive cache-miss
2376 silly fetch manifest which-collection@^1.0.2
2377 silly packumentCache full:https://registry.npmjs.org/which-collection cache-miss
2378 http cache https://registry.npmjs.org/which-boxed-primitive 6ms (cache hit)
2379 silly packumentCache full:https://registry.npmjs.org/which-boxed-primitive set size:19407 disposed:false
2380 http fetch GET 200 https://registry.npmjs.org/is-generator-function 59ms (cache miss)
2381 silly packumentCache full:https://registry.npmjs.org/is-generator-function set size:undefined disposed:false
2382 http fetch GET 200 https://registry.npmjs.org/is-finalizationregistry 66ms (cache miss)
2383 silly packumentCache full:https://registry.npmjs.org/is-finalizationregistry set size:undefined disposed:false
2384 http fetch GET 200 https://registry.npmjs.org/which-collection 71ms (cache miss)
2385 silly packumentCache full:https://registry.npmjs.org/which-collection set size:undefined disposed:false
2386 http fetch GET 200 https://registry.npmjs.org/is-async-function 127ms (cache miss)
2387 silly packumentCache full:https://registry.npmjs.org/is-async-function set size:undefined disposed:false
2388 silly placeDep ROOT has-bigints@1.1.0 OK for: unbox-primitive@1.1.0 want: ^1.0.2
2389 silly placeDep ROOT which-boxed-primitive@1.1.1 OK for: unbox-primitive@1.1.0 want: ^1.1.1
2390 silly fetch manifest is-bigint@^1.1.0
2391 silly packumentCache full:https://registry.npmjs.org/is-bigint cache-miss
2392 silly fetch manifest is-boolean-object@^1.2.1
2393 silly packumentCache full:https://registry.npmjs.org/is-boolean-object cache-miss
2394 silly fetch manifest is-number-object@^1.1.1
2395 silly packumentCache full:https://registry.npmjs.org/is-number-object cache-miss
2396 http fetch GET 200 https://registry.npmjs.org/is-bigint 61ms (cache miss)
2397 silly packumentCache full:https://registry.npmjs.org/is-bigint set size:undefined disposed:false
2398 http fetch GET 200 https://registry.npmjs.org/is-number-object 62ms (cache miss)
2399 silly packumentCache full:https://registry.npmjs.org/is-number-object set size:undefined disposed:false
2400 http fetch GET 200 https://registry.npmjs.org/is-boolean-object 79ms (cache miss)
2401 silly packumentCache full:https://registry.npmjs.org/is-boolean-object set size:undefined disposed:false
2402 silly placeDep ROOT @unrs/resolver-binding-android-arm-eabi@1.11.1 OK for: unrs-resolver@1.11.1 want: 1.11.1
2403 silly placeDep ROOT @unrs/resolver-binding-android-arm64@1.11.1 OK for: unrs-resolver@1.11.1 want: 1.11.1
2404 silly placeDep ROOT @unrs/resolver-binding-darwin-arm64@1.11.1 OK for: unrs-resolver@1.11.1 want: 1.11.1
2405 silly placeDep ROOT @unrs/resolver-binding-darwin-x64@1.11.1 OK for: unrs-resolver@1.11.1 want: 1.11.1
2406 silly placeDep ROOT @unrs/resolver-binding-freebsd-x64@1.11.1 OK for: unrs-resolver@1.11.1 want: 1.11.1
2407 silly placeDep ROOT @unrs/resolver-binding-linux-arm-gnueabihf@1.11.1 OK for: unrs-resolver@1.11.1 want: 1.11.1
2408 silly placeDep ROOT @unrs/resolver-binding-linux-arm-musleabihf@1.11.1 OK for: unrs-resolver@1.11.1 want: 1.11.1
2409 silly placeDep ROOT @unrs/resolver-binding-linux-arm64-gnu@1.11.1 OK for: unrs-resolver@1.11.1 want: 1.11.1
2410 silly placeDep ROOT @unrs/resolver-binding-linux-arm64-musl@1.11.1 OK for: unrs-resolver@1.11.1 want: 1.11.1
2411 silly placeDep ROOT @unrs/resolver-binding-linux-ppc64-gnu@1.11.1 OK for: unrs-resolver@1.11.1 want: 1.11.1
2412 silly placeDep ROOT @unrs/resolver-binding-linux-riscv64-gnu@1.11.1 OK for: unrs-resolver@1.11.1 want: 1.11.1
2413 silly placeDep ROOT @unrs/resolver-binding-linux-riscv64-musl@1.11.1 OK for: unrs-resolver@1.11.1 want: 1.11.1
2414 silly placeDep ROOT @unrs/resolver-binding-linux-s390x-gnu@1.11.1 OK for: unrs-resolver@1.11.1 want: 1.11.1
2415 silly placeDep ROOT @unrs/resolver-binding-linux-x64-gnu@1.11.1 OK for: unrs-resolver@1.11.1 want: 1.11.1
2416 silly placeDep ROOT @unrs/resolver-binding-linux-x64-musl@1.11.1 OK for: unrs-resolver@1.11.1 want: 1.11.1
2417 silly placeDep ROOT @unrs/resolver-binding-wasm32-wasi@1.11.1 OK for: unrs-resolver@1.11.1 want: 1.11.1
2418 silly placeDep ROOT @unrs/resolver-binding-win32-arm64-msvc@1.11.1 OK for: unrs-resolver@1.11.1 want: 1.11.1
2419 silly placeDep ROOT @unrs/resolver-binding-win32-ia32-msvc@1.11.1 OK for: unrs-resolver@1.11.1 want: 1.11.1
2420 silly placeDep ROOT @unrs/resolver-binding-win32-x64-msvc@1.11.1 OK for: unrs-resolver@1.11.1 want: 1.11.1
2421 silly placeDep ROOT napi-postinstall@0.3.4 OK for: unrs-resolver@1.11.1 want: ^0.3.0
2422 silly fetch manifest @napi-rs/wasm-runtime@^0.2.11
2423 silly packumentCache full:https://registry.npmjs.org/@napi-rs%2fwasm-runtime cache-miss
2424 http fetch GET 200 https://registry.npmjs.org/@napi-rs%2fwasm-runtime 84ms (cache miss)
2425 silly packumentCache full:https://registry.npmjs.org/@napi-rs%2fwasm-runtime set size:undefined disposed:false
2426 silly placeDep ROOT @napi-rs/wasm-runtime@0.2.12 OK for: @unrs/resolver-binding-wasm32-wasi@1.11.1 want: ^0.2.11
2427 silly fetch manifest @emnapi/core@^1.4.3
2428 silly packumentCache full:https://registry.npmjs.org/@emnapi%2fcore cache-miss
2429 silly fetch manifest @tybys/wasm-util@^0.10.0
2430 silly packumentCache full:https://registry.npmjs.org/@tybys%2fwasm-util cache-miss
2431 http fetch GET 200 https://registry.npmjs.org/@tybys%2fwasm-util 135ms (cache miss)
2432 silly packumentCache full:https://registry.npmjs.org/@tybys%2fwasm-util set size:undefined disposed:false
2433 http fetch GET 200 https://registry.npmjs.org/@emnapi%2fcore 140ms (cache miss)
2434 silly packumentCache full:https://registry.npmjs.org/@emnapi%2fcore set size:undefined disposed:false
2435 silly placeDep ROOT @emnapi/core@1.9.2 OK for: @napi-rs/wasm-runtime@0.2.12 want: ^1.4.3
2436 silly placeDep ROOT @tybys/wasm-util@0.10.1 OK for: @napi-rs/wasm-runtime@0.2.12 want: ^0.10.0
2437 silly fetch manifest @emnapi/wasi-threads@1.2.1
2438 silly packumentCache full:https://registry.npmjs.org/@emnapi%2fwasi-threads cache-miss
2439 http fetch GET 200 https://registry.npmjs.org/@emnapi%2fwasi-threads 81ms (cache miss)
2440 silly packumentCache full:https://registry.npmjs.org/@emnapi%2fwasi-threads set size:undefined disposed:false
2441 silly placeDep ROOT @emnapi/wasi-threads@1.2.1 OK for: @emnapi/core@1.9.2 want: 1.2.1
2442 silly placeDep ROOT punycode@2.3.1 OK for: uri-js@4.4.1 want: ^2.1.0
2443 silly placeDep ROOT isexe@2.0.0 OK for: which@2.0.2 want: ^2.0.0
2444 silly placeDep ROOT is-bigint@1.1.0 OK for: which-boxed-primitive@1.1.1 want: ^1.1.0
2445 silly placeDep ROOT is-boolean-object@1.2.2 OK for: which-boxed-primitive@1.1.1 want: ^1.2.1
2446 silly placeDep ROOT is-number-object@1.1.1 OK for: which-boxed-primitive@1.1.1 want: ^1.1.1
2447 silly placeDep ROOT is-async-function@2.1.1 OK for: which-builtin-type@1.2.1 want: ^2.0.0
2448 silly placeDep ROOT is-finalizationregistry@1.1.1 OK for: which-builtin-type@1.2.1 want: ^1.1.0
2449 silly placeDep ROOT is-generator-function@1.1.2 OK for: which-builtin-type@1.2.1 want: ^1.0.10
2450 silly placeDep ROOT which-collection@1.0.2 OK for: which-builtin-type@1.2.1 want: ^1.0.2
2451 silly fetch manifest async-function@^1.0.0
2452 silly packumentCache full:https://registry.npmjs.org/async-function cache-miss
2453 silly fetch manifest generator-function@^2.0.0
2454 silly packumentCache full:https://registry.npmjs.org/generator-function cache-miss
2455 silly fetch manifest is-map@^2.0.3
2456 silly packumentCache full:https://registry.npmjs.org/is-map cache-miss
2457 silly fetch manifest is-weakmap@^2.0.2
2458 silly packumentCache full:https://registry.npmjs.org/is-weakmap cache-miss
2459 silly fetch manifest is-weakset@^2.0.3
2460 silly packumentCache full:https://registry.npmjs.org/is-weakset cache-miss
2461 http fetch GET 200 https://registry.npmjs.org/is-weakmap 60ms (cache miss)
2462 silly packumentCache full:https://registry.npmjs.org/is-weakmap set size:undefined disposed:false
2463 http fetch GET 200 https://registry.npmjs.org/generator-function 61ms (cache miss)
2464 silly packumentCache full:https://registry.npmjs.org/generator-function set size:undefined disposed:false
2465 http fetch GET 200 https://registry.npmjs.org/async-function 66ms (cache miss)
2466 silly packumentCache full:https://registry.npmjs.org/async-function set size:undefined disposed:false
2467 http fetch GET 200 https://registry.npmjs.org/is-map 66ms (cache miss)
2468 silly packumentCache full:https://registry.npmjs.org/is-map set size:undefined disposed:false
2469 http fetch GET 200 https://registry.npmjs.org/is-weakset 343ms (cache miss)
2470 silly packumentCache full:https://registry.npmjs.org/is-weakset set size:undefined disposed:false
2471 silly placeDep ROOT async-function@1.0.0 OK for: is-async-function@2.1.1 want: ^1.0.0
2472 silly placeDep ROOT generator-function@2.0.1 OK for: is-generator-function@1.1.2 want: ^2.0.0
2473 silly placeDep ROOT is-map@2.0.3 OK for: which-collection@1.0.2 want: ^2.0.3
2474 silly placeDep ROOT is-weakmap@2.0.2 OK for: which-collection@1.0.2 want: ^2.0.2
2475 silly placeDep ROOT is-weakset@2.0.4 OK for: which-collection@1.0.2 want: ^2.0.3
2476 silly placeDep node_modules/@typescript-eslint/typescript-estree brace-expansion@5.0.5 OK for: minimatch@10.2.5 want: ^5.0.5
2477 silly fetch manifest balanced-match@^4.0.2
2478 silly packumentCache full:https://registry.npmjs.org/balanced-match cache-miss
2479 http cache https://registry.npmjs.org/balanced-match 4ms (cache hit)
2480 silly packumentCache full:https://registry.npmjs.org/balanced-match set size:39082 disposed:false
2481 silly placeDep node_modules/@typescript-eslint/typescript-estree balanced-match@4.0.4 OK for: brace-expansion@5.0.5 want: ^4.0.2
2482 silly reify moves {}
2483 silly audit bulk request {
2483 silly audit   '@react-three/drei': [ '10.7.7' ],
2483 silly audit   '@react-three/fiber': [ '9.5.0' ],
2483 silly audit   '@tailwindcss/postcss': [ '4.2.2' ],
2483 silly audit   '@types/node': [ '20.19.39' ],
2483 silly audit   '@types/react': [ '19.2.14' ],
2483 silly audit   '@types/react-dom': [ '19.2.3' ],
2483 silly audit   '@types/three': [ '0.160.0' ],
2483 silly audit   eslint: [ '9.39.4' ],
2483 silly audit   'eslint-config-next': [ '15.1.0' ],
2483 silly audit   'lucide-react': [ '0.312.0' ],
2483 silly audit   next: [ '15.1.0' ],
2483 silly audit   postcss: [ '8.5.8', '8.4.31' ],
2483 silly audit   react: [ '19.0.0' ],
2483 silly audit   'react-dom': [ '19.0.0' ],
2483 silly audit   tailwindcss: [ '4.2.2' ],
2483 silly audit   three: [ '0.160.1', '0.170.0' ],
2483 silly audit   typescript: [ '5.9.3' ],
2483 silly audit   '@babel/runtime': [ '7.29.2' ],
2483 silly audit   '@mediapipe/tasks-vision': [ '0.10.17' ],
2483 silly audit   '@monogrid/gainmap-js': [ '3.4.0' ],
2483 silly audit   '@use-gesture/react': [ '10.3.1' ],
2483 silly audit   'camera-controls': [ '3.1.2' ],
2483 silly audit   'cross-env': [ '7.0.3' ],
2483 silly audit   'detect-gpu': [ '5.0.70' ],
2483 silly audit   'glsl-noise': [ '0.0.0' ],
2483 silly audit   'hls.js': [ '1.6.15' ],
2483 silly audit   maath: [ '0.10.8' ],
2483 silly audit   meshline: [ '3.3.1' ],
2483 silly audit   'stats-gl': [ '2.4.2' ],
2483 silly audit   'stats.js': [ '0.17.0' ],
2483 silly audit   'suspend-react': [ '0.1.3' ],
2483 silly audit   'three-mesh-bvh': [ '0.8.3' ],
2483 silly audit   'three-stdlib': [ '2.36.1' ],
2483 silly audit   'troika-three-text': [ '0.52.4' ],
2483 silly audit   'tunnel-rat': [ '0.1.2' ],
2483 silly audit   'use-sync-external-store': [ '1.6.0' ],
2483 silly audit   'utility-types': [ '3.11.0' ],
2483 silly audit   zustand: [ '5.0.12', '4.5.7' ],
2483 silly audit   'promise-worker-transferable': [ '1.0.4' ],
2483 silly audit   '@types/webxr': [ '0.5.24' ],
2483 silly audit   'base64-js': [ '1.5.1' ],
2483 silly audit   buffer: [ '6.0.3' ],
2483 silly audit   'its-fine': [ '2.0.0' ],
2483 silly audit   'react-use-measure': [ '2.1.7' ],
2483 silly audit   scheduler: [ '0.27.0', '0.25.0' ],
2483 silly audit   '@alloc/quick-lru': [ '5.2.0' ],
2483 silly audit   '@tailwindcss/node': [ '4.2.2' ],
2483 silly audit   '@tailwindcss/oxide': [ '4.2.2' ],
2483 silly audit   '@jridgewell/remapping': [ '2.3.5' ],
2483 silly audit   'enhanced-resolve': [ '5.20.1' ],
2483 silly audit   jiti: [ '2.6.1' ],
2483 silly audit   lightningcss: [ '1.32.0' ],
2483 silly audit   'magic-string': [ '0.30.21' ],
2483 silly audit   'source-map-js': [ '1.2.1' ],
2483 silly audit   '@jridgewell/gen-mapping': [ '0.3.13' ],
2483 silly audit   '@jridgewell/trace-mapping': [ '0.3.31' ],
2483 silly audit   '@jridgewell/sourcemap-codec': [ '1.5.5' ],
2483 silly audit   '@jridgewell/resolve-uri': [ '3.1.2' ],
2483 silly audit   '@tailwindcss/oxide-android-arm64': [ '4.2.2' ],
2483 silly audit   '@tailwindcss/oxide-darwin-arm64': [ '4.2.2' ],
2483 silly audit   '@tailwindcss/oxide-darwin-x64': [ '4.2.2' ],
2483 silly audit   '@tailwindcss/oxide-freebsd-x64': [ '4.2.2' ],
2483 silly audit   '@tailwindcss/oxide-linux-arm-gnueabihf': [ '4.2.2' ],
2483 silly audit   '@tailwindcss/oxide-linux-arm64-gnu': [ '4.2.2' ],
2483 silly audit   '@tailwindcss/oxide-linux-arm64-musl': [ '4.2.2' ],
2483 silly audit   '@tailwindcss/oxide-linux-x64-gnu': [ '4.2.2' ],
2483 silly audit   '@tailwindcss/oxide-linux-x64-musl': [ '4.2.2' ],
2483 silly audit   '@tailwindcss/oxide-wasm32-wasi': [ '4.2.2' ],
2483 silly audit   '@tailwindcss/oxide-win32-arm64-msvc': [ '4.2.2' ],
2483 silly audit   '@tailwindcss/oxide-win32-x64-msvc': [ '4.2.2' ],
2483 silly audit   'undici-types': [ '6.21.0' ],
2483 silly audit   csstype: [ '3.2.3' ],
2483 silly audit   '@types/stats.js': [ '0.17.4' ],
2483 silly audit   fflate: [ '0.6.10' ],
2483 silly audit   meshoptimizer: [ '0.18.1' ],
2483 silly audit   '@use-gesture/core': [ '10.3.1' ],
2483 silly audit   ieee754: [ '1.2.1' ],
2483 silly audit   'cross-spawn': [ '7.0.6' ],
2483 silly audit   'path-key': [ '3.1.1' ],
2483 silly audit   'shebang-command': [ '2.0.0' ],
2483 silly audit   which: [ '2.0.2' ],
2483 silly audit   'webgl-constants': [ '1.1.1' ],
2483 silly audit   'graceful-fs': [ '4.2.11' ],
2483 silly audit   tapable: [ '2.3.2' ],
2483 silly audit   '@eslint-community/eslint-utils': [ '4.9.1' ],
2483 silly audit   '@eslint-community/regexpp': [ '4.12.2' ],
2483 silly audit   '@eslint/config-array': [ '0.21.2' ],
2483 silly audit   '@eslint/config-helpers': [ '0.4.2' ],
2483 silly audit   '@eslint/core': [ '0.17.0' ],
2483 silly audit   '@eslint/eslintrc': [ '3.3.5' ],
2483 silly audit   '@eslint/js': [ '9.39.4' ],
2483 silly audit   '@eslint/plugin-kit': [ '0.4.1' ],
2483 silly audit   '@humanfs/node': [ '0.16.7' ],
2483 silly audit   '@humanwhocodes/module-importer': [ '1.0.1' ],
2483 silly audit   '@humanwhocodes/retry': [ '0.4.3' ],
2483 silly audit   '@types/estree': [ '1.0.8' ],
2483 silly audit   ajv: [ '6.14.0' ],
2483 silly audit   chalk: [ '4.1.2' ],
2483 silly audit   debug: [ '4.4.3', '3.2.7' ],
2483 silly audit   'escape-string-regexp': [ '4.0.0' ],
2483 silly audit   'eslint-scope': [ '8.4.0' ],
2483 silly audit   'eslint-visitor-keys': [ '4.2.1', '3.4.3', '5.0.1' ],
2483 silly audit   espree: [ '10.4.0' ],
2483 silly audit   esquery: [ '1.7.0' ],
2483 silly audit   esutils: [ '2.0.3' ],
2483 silly audit   'fast-deep-equal': [ '3.1.3' ],
2483 silly audit   'file-entry-cache': [ '8.0.0' ],
2483 silly audit   'find-up': [ '5.0.0' ],
2483 silly audit   'glob-parent': [ '6.0.2', '5.1.2' ],
2483 silly audit   ignore: [ '5.3.2', '7.0.5' ],
2483 silly audit   imurmurhash: [ '0.1.4' ],
2483 silly audit   'is-glob': [ '4.0.3' ],
2483 silly audit   'json-stable-stringify-without-jsonify': [ '1.0.1' ],
2483 silly audit   'lodash.merge': [ '4.6.2' ],
2483 silly audit   minimatch: [ '3.1.5', '10.2.5' ],
2483 silly audit   'natural-compare': [ '1.4.0' ],
2483 silly audit   optionator: [ '0.9.4' ],
2483 silly audit   '@eslint/object-schema': [ '2.1.7' ],
2483 silly audit   '@types/json-schema': [ '7.0.15' ],
2483 silly audit   globals: [ '14.0.0' ],
2483 silly audit   'import-fresh': [ '3.3.1' ],
2483 silly audit   'js-yaml': [ '4.1.1' ],
2483 silly audit   'strip-json-comments': [ '3.1.1' ],
2483 silly audit   levn: [ '0.4.1' ],
2483 silly audit   '@humanfs/core': [ '0.19.1' ],
2483 silly audit   'fast-json-stable-stringify': [ '2.1.0' ],
2483 silly audit   'json-schema-traverse': [ '0.4.1' ],
2483 silly audit   'uri-js': [ '4.4.1' ],
2483 silly audit   'ansi-styles': [ '4.3.0' ],
2483 silly audit   'supports-color': [ '7.2.0' ],
2483 silly audit   'color-convert': [ '2.0.1' ],
2483 silly audit   'color-name': [ '1.1.4' ],
2483 silly audit   ms: [ '2.1.3' ],
2483 silly audit   '@next/eslint-plugin-next': [ '15.1.0' ],
2483 silly audit   '@rushstack/eslint-patch': [ '1.16.1' ],
2483 silly audit   '@typescript-eslint/eslint-plugin': [ '8.58.0' ],
2483 silly audit   '@typescript-eslint/parser': [ '8.58.0' ],
2483 silly audit   'eslint-import-resolver-node': [ '0.3.10' ],
2483 silly audit   'eslint-import-resolver-typescript': [ '3.10.1' ],
2483 silly audit   'eslint-plugin-import': [ '2.32.0' ],
2483 silly audit   'eslint-plugin-jsx-a11y': [ '6.10.2' ],
2483 silly audit   'eslint-plugin-react': [ '7.37.5' ],
2483 silly audit   'eslint-plugin-react-hooks': [ '5.2.0' ],
2483 silly audit   'fast-glob': [ '3.3.1' ],
2483 silly audit   '@typescript-eslint/scope-manager': [ '8.58.0' ],
2483 silly audit   '@typescript-eslint/type-utils': [ '8.58.0' ],
2483 silly audit   '@typescript-eslint/utils': [ '8.58.0' ],
2483 silly audit   '@typescript-eslint/visitor-keys': [ '8.58.0' ],
2483 silly audit   'ts-api-utils': [ '2.5.0' ],
2483 silly audit   '@typescript-eslint/types': [ '8.58.0' ],
2483 silly audit   '@typescript-eslint/typescript-estree': [ '8.58.0' ],
2483 silly audit   '@typescript-eslint/project-service': [ '8.58.0' ],
2483 silly audit   '@typescript-eslint/tsconfig-utils': [ '8.58.0' ],
2483 silly audit   semver: [ '7.7.4', '6.3.1' ],
2483 silly audit   tinyglobby: [ '0.2.15' ],
2483 silly audit   'is-core-module': [ '2.16.1' ],
2483 silly audit   resolve: [ '2.0.0-next.6' ],
2483 silly audit   '@nolyfill/is-core-module': [ '1.0.39' ],
2483 silly audit   'get-tsconfig': [ '4.13.7' ],
2483 silly audit   'is-bun-module': [ '2.0.0' ],
2483 silly audit   'stable-hash': [ '0.0.5' ],
2483 silly audit   'unrs-resolver': [ '1.11.1' ],
2483 silly audit   '@rtsao/scc': [ '1.1.0' ],
2483 silly audit   'array-includes': [ '3.1.9' ],
2483 silly audit   'array.prototype.findlastindex': [ '1.2.6' ],
2483 silly audit   'array.prototype.flat': [ '1.3.3' ],
2483 silly audit   'array.prototype.flatmap': [ '1.3.3' ],
2483 silly audit   doctrine: [ '2.1.0' ],
2483 silly audit   'eslint-module-utils': [ '2.12.1' ],
2483 silly audit   hasown: [ '2.0.2' ],
2483 silly audit   'object.fromentries': [ '2.0.8' ],
2483 silly audit   'object.groupby': [ '1.0.3' ],
2483 silly audit   'object.values': [ '1.2.1' ],
2483 silly audit   'string.prototype.trimend': [ '1.0.9' ],
2483 silly audit   'tsconfig-paths': [ '3.15.0' ],
2483 silly audit   'call-bind': [ '1.0.8' ],
2483 silly audit   'call-bound': [ '1.0.4' ],
2483 silly audit   'define-properties': [ '1.2.1' ],
2483 silly audit   'es-abstract': [ '1.24.1' ],
2483 silly audit   'es-object-atoms': [ '1.1.1' ],
2483 silly audit   'get-intrinsic': [ '1.3.0' ],
2483 silly audit   'is-string': [ '1.1.1' ],
2483 silly audit   'math-intrinsics': [ '1.1.0' ],
2483 silly audit   'es-errors': [ '1.3.0' ],
2483 silly audit   'es-shim-unscopables': [ '1.1.0' ],
2483 silly audit   'call-bind-apply-helpers': [ '1.0.2' ],
2483 silly audit   'es-define-property': [ '1.0.1' ],
2483 silly audit   'set-function-length': [ '1.2.2' ],
2483 silly audit   'function-bind': [ '1.1.2' ],
2483 silly audit   'define-data-property': [ '1.1.4' ],
2483 silly audit   'has-property-descriptors': [ '1.0.2' ],
2483 silly audit   'object-keys': [ '1.1.1' ],
2483 silly audit   gopd: [ '1.2.0' ],
2483 silly audit   'array-buffer-byte-length': [ '1.0.2' ],
2483 silly audit   'arraybuffer.prototype.slice': [ '1.0.4' ],
2483 silly audit   'available-typed-arrays': [ '1.0.7' ],
2483 silly audit   'data-view-buffer': [ '1.0.2' ],
2483 silly audit   'data-view-byte-length': [ '1.0.2' ],
2483 silly audit   'data-view-byte-offset': [ '1.0.1' ],
2483 silly audit   'es-set-tostringtag': [ '2.1.0' ],
2483 silly audit   'es-to-primitive': [ '1.3.0' ],
2483 silly audit   'function.prototype.name': [ '1.1.8' ],
2483 silly audit   'get-proto': [ '1.0.1' ],
2483 silly audit   'get-symbol-description': [ '1.1.0' ],
2483 silly audit   globalthis: [ '1.0.4' ],
2483 silly audit   'has-proto': [ '1.2.0' ],
2483 silly audit   'has-symbols': [ '1.1.0' ],
2483 silly audit   'internal-slot': [ '1.1.0' ],
2483 silly audit   'is-array-buffer': [ '3.0.5' ],
2483 silly audit   'is-callable': [ '1.2.7' ],
2483 silly audit   'is-data-view': [ '1.0.2' ],
2483 silly audit   'is-negative-zero': [ '2.0.3' ],
2483 silly audit   'is-regex': [ '1.2.1' ],
2483 silly audit   'is-set': [ '2.0.3' ],
2483 silly audit   'is-shared-array-buffer': [ '1.0.4' ],
2483 silly audit   'is-typed-array': [ '1.1.15' ],
2483 silly audit   'is-weakref': [ '1.1.1' ],
2483 silly audit   'object-inspect': [ '1.13.4' ],
2483 silly audit   'object.assign': [ '4.1.7' ],
2483 silly audit   'own-keys': [ '1.0.1' ],
2483 silly audit   'regexp.prototype.flags': [ '1.5.4' ],
2483 silly audit   'safe-array-concat': [ '1.1.3' ],
2483 silly audit   'safe-push-apply': [ '1.0.0' ],
2483 silly audit   'safe-regex-test': [ '1.1.0' ],
2483 silly audit   'set-proto': [ '1.0.0' ],
2483 silly audit   'stop-iteration-iterator': [ '1.1.0' ],
2483 silly audit   'string.prototype.trim': [ '1.2.10' ],
2483 silly audit   'string.prototype.trimstart': [ '1.0.8' ],
2483 silly audit   'typed-array-buffer': [ '1.0.3' ],
2483 silly audit   'typed-array-byte-length': [ '1.0.3' ],
2483 silly audit   'typed-array-byte-offset': [ '1.0.4' ],
2483 silly audit   'typed-array-length': [ '1.0.7' ],
2483 silly audit   'unbox-primitive': [ '1.1.0' ],
2483 silly audit   'which-typed-array': [ '1.1.20' ],
2483 silly audit   'possible-typed-array-names': [ '1.1.0' ],
2483 silly audit   'has-tostringtag': [ '1.0.2' ],
2483 silly audit   'is-date-object': [ '1.1.0' ],
2483 silly audit   'is-symbol': [ '1.1.1' ],
2483 silly audit   'aria-query': [ '5.3.2' ],
2483 silly audit   'ast-types-flow': [ '0.0.8' ],
2483 silly audit   'axe-core': [ '4.11.2' ],
2483 silly audit   'axobject-query': [ '4.1.0' ],
2483 silly audit   'damerau-levenshtein': [ '1.0.8' ],
2483 silly audit   'emoji-regex': [ '9.2.2' ],
2483 silly audit   'jsx-ast-utils': [ '3.3.5' ],
2483 silly audit   'language-tags': [ '1.0.9' ],
2483 silly audit   'string.prototype.includes': [ '2.0.1' ],
2483 silly audit   'array.prototype.findlast': [ '1.2.5' ],
2483 silly audit   'array.prototype.tosorted': [ '1.1.4' ],
2483 silly audit   'es-iterator-helpers': [ '1.3.1' ],
2483 silly audit   estraverse: [ '5.3.0' ],
2483 silly audit   'object.entries': [ '1.1.9' ],
2483 silly audit   'prop-types': [ '15.8.1' ],
2483 silly audit   'string.prototype.matchall': [ '4.0.12' ],
2483 silly audit   'string.prototype.repeat': [ '1.0.0' ],
2483 silly audit   'iterator.prototype': [ '1.1.5' ],
2483 silly audit   esrecurse: [ '4.3.0' ],
2483 silly audit   acorn: [ '8.16.0' ],
2483 silly audit   'acorn-jsx': [ '5.3.2' ],
2483 silly audit   '@nodelib/fs.stat': [ '2.0.5' ],
2483 silly audit   '@nodelib/fs.walk': [ '1.2.8' ],
2483 silly audit   merge2: [ '1.4.1' ],
2483 silly audit   micromatch: [ '4.0.8' ],
2483 silly audit   '@nodelib/fs.scandir': [ '2.1.5' ],
2483 silly audit   fastq: [ '1.20.1' ],
2483 silly audit   'run-parallel': [ '1.2.0' ],
2483 silly audit   reusify: [ '1.1.0' ],
2483 silly audit   'flat-cache': [ '4.0.1' ],
2483 silly audit   'locate-path': [ '6.0.0' ],
2483 silly audit   'path-exists': [ '4.0.0' ],
2483 silly audit   flatted: [ '3.4.2' ],
2483 silly audit   keyv: [ '4.5.4' ],
2483 silly audit   'functions-have-names': [ '1.2.3' ],
2483 silly audit   'dunder-proto': [ '1.0.1' ],
2483 silly audit   'resolve-pkg-maps': [ '1.0.0' ],
2483 silly audit   'parent-module': [ '1.0.1' ],
2483 silly audit   'resolve-from': [ '4.0.0' ],
2483 silly audit   'side-channel': [ '1.1.0' ],
2483 silly audit   'is-extglob': [ '2.1.1' ],
2483 silly audit   'set-function-name': [ '2.0.2' ],
2483 silly audit   '@types/react-reconciler': [ '0.28.9' ],
2483 silly audit   argparse: [ '2.0.1' ],
2483 silly audit   'json-buffer': [ '3.0.1' ],
2483 silly audit   'language-subtag-registry': [ '0.3.23' ],
2483 silly audit   'prelude-ls': [ '1.2.1' ],
2483 silly audit   'type-check': [ '0.4.0' ],
2483 silly audit   'detect-libc': [ '2.1.2' ],
2483 silly audit   'lightningcss-android-arm64': [ '1.32.0' ],
2483 silly audit   'lightningcss-darwin-arm64': [ '1.32.0' ],
2483 silly audit   'lightningcss-darwin-x64': [ '1.32.0' ],
2483 silly audit   'lightningcss-freebsd-x64': [ '1.32.0' ],
2483 silly audit   'lightningcss-linux-arm-gnueabihf': [ '1.32.0' ],
2483 silly audit   'lightningcss-linux-arm64-gnu': [ '1.32.0' ],
2483 silly audit   'lightningcss-linux-arm64-musl': [ '1.32.0' ],
2483 silly audit   'lightningcss-linux-x64-gnu': [ '1.32.0' ],
2483 silly audit   'lightningcss-linux-x64-musl': [ '1.32.0' ],
2483 silly audit   'lightningcss-win32-arm64-msvc': [ '1.32.0' ],
2483 silly audit   'lightningcss-win32-x64-msvc': [ '1.32.0' ],
2483 silly audit   'p-locate': [ '5.0.0' ],
2483 silly audit   braces: [ '3.0.3' ],
2483 silly audit   picomatch: [ '2.3.2', '4.0.4' ],
2483 silly audit   'fill-range': [ '7.1.1' ],
2483 silly audit   'to-regex-range': [ '5.0.1' ],
2483 silly audit   'brace-expansion': [ '1.1.13', '5.0.5' ],
2483 silly audit   'balanced-match': [ '1.0.2', '4.0.4' ],
2483 silly audit   'concat-map': [ '0.0.1' ],
2483 silly audit   '@next/env': [ '15.1.0' ],
2483 silly audit   '@next/swc-darwin-arm64': [ '15.1.0' ],
2483 silly audit   '@next/swc-darwin-x64': [ '15.1.0' ],
2483 silly audit   '@next/swc-linux-arm64-gnu': [ '15.1.0' ],
2483 silly audit   '@next/swc-linux-arm64-musl': [ '15.1.0' ],
2483 silly audit   '@next/swc-linux-x64-gnu': [ '15.1.0' ],
2483 silly audit   '@next/swc-linux-x64-musl': [ '15.1.0' ],
2483 silly audit   '@next/swc-win32-arm64-msvc': [ '15.1.0' ],
2483 silly audit   '@next/swc-win32-x64-msvc': [ '15.1.0' ],
2483 silly audit   '@swc/counter': [ '0.1.3' ],
2483 silly audit   '@swc/helpers': [ '0.5.15' ],
2483 silly audit   busboy: [ '1.6.0' ],
2483 silly audit   'caniuse-lite': [ '1.0.30001784' ],
2483 silly audit   sharp: [ '0.33.5' ],
2483 silly audit   'styled-jsx': [ '5.1.6' ],
2483 silly audit   tslib: [ '2.8.1' ],
2483 silly audit   streamsearch: [ '1.1.0' ],
2483 silly audit   'deep-is': [ '0.1.4' ],
2483 silly audit   'fast-levenshtein': [ '2.0.6' ],
2483 silly audit   'word-wrap': [ '1.2.5' ],
2483 silly audit   'p-limit': [ '3.1.0' ],
2483 silly audit   'yocto-queue': [ '0.1.0' ],
2483 silly audit   callsites: [ '3.1.0' ],
2483 silly audit   nanoid: [ '3.3.11' ],
2483 silly audit   picocolors: [ '1.1.1' ],
2483 silly audit   'is-promise': [ '2.2.2' ],
2483 silly audit   lie: [ '3.3.0' ],
2483 silly audit   immediate: [ '3.0.6' ],
2483 silly audit   'loose-envify': [ '1.4.0' ],
2483 silly audit   'object-assign': [ '4.1.1' ],
2483 silly audit   'react-is': [ '16.13.1' ],
2483 silly audit   'js-tokens': [ '4.0.0' ],
2483 silly audit   'node-exports-info': [ '1.6.0' ],
2483 silly audit   'path-parse': [ '1.0.7' ],
2483 silly audit   'supports-preserve-symlinks-flag': [ '1.0.0' ],
2483 silly audit   'queue-microtask': [ '1.2.3' ],
2483 silly audit   isarray: [ '2.0.5' ],
2483 silly audit   '@img/sharp-darwin-arm64': [ '0.33.5' ],
2483 silly audit   '@img/sharp-darwin-x64': [ '0.33.5' ],
2483 silly audit   '@img/sharp-libvips-darwin-arm64': [ '1.0.4' ],
2483 silly audit   '@img/sharp-libvips-darwin-x64': [ '1.0.4' ],
2483 silly audit   '@img/sharp-libvips-linux-arm': [ '1.0.5' ],
2483 silly audit   '@img/sharp-libvips-linux-arm64': [ '1.0.4' ],
2483 silly audit   '@img/sharp-libvips-linux-s390x': [ '1.0.4' ],
2483 silly audit   '@img/sharp-libvips-linux-x64': [ '1.0.4' ],
2483 silly audit   '@img/sharp-libvips-linuxmusl-arm64': [ '1.0.4' ],
2483 silly audit   '@img/sharp-libvips-linuxmusl-x64': [ '1.0.4' ],
2483 silly audit   '@img/sharp-linux-arm': [ '0.33.5' ],
2483 silly audit   '@img/sharp-linux-arm64': [ '0.33.5' ],
2483 silly audit   '@img/sharp-linux-s390x': [ '0.33.5' ],
2483 silly audit   '@img/sharp-linux-x64': [ '0.33.5' ],
2483 silly audit   '@img/sharp-linuxmusl-arm64': [ '0.33.5' ],
2483 silly audit   '@img/sharp-linuxmusl-x64': [ '0.33.5' ],
2483 silly audit   '@img/sharp-wasm32': [ '0.33.5' ],
2483 silly audit   '@img/sharp-win32-ia32': [ '0.33.5' ],
2483 silly audit   '@img/sharp-win32-x64': [ '0.33.5' ],
2483 silly audit   color: [ '4.2.3' ],
2483 silly audit   '@emnapi/runtime': [ '1.9.2' ],
2483 silly audit   'color-string': [ '1.9.1' ],
2483 silly audit   'simple-swizzle': [ '0.2.4' ],
2483 silly audit   'shebang-regex': [ '3.0.0' ],
2483 silly audit   'side-channel-list': [ '1.0.0' ],
2483 silly audit   'side-channel-map': [ '1.0.1' ],
2483 silly audit   'side-channel-weakmap': [ '1.0.2' ],
2483 silly audit   'is-arrayish': [ '0.3.4' ],
2483 silly audit   'client-only': [ '0.0.1' ],
2483 silly audit   'has-flag': [ '4.0.0' ],
2483 silly audit   '@types/draco3d': [ '1.4.10' ],
2483 silly audit   '@types/offscreencanvas': [ '2019.7.3' ],
2483 silly audit   draco3d: [ '1.5.7' ],
2483 silly audit   potpack: [ '1.0.2' ],
2483 silly audit   fdir: [ '6.5.0' ],
2483 silly audit   'is-number': [ '7.0.0' ],
2483 silly audit   'bidi-js': [ '1.0.3' ],
2483 silly audit   'troika-three-utils': [ '0.52.4' ],
2483 silly audit   'troika-worker-utils': [ '0.52.0' ],
2483 silly audit   'webgl-sdf-generator': [ '1.1.1' ],
2483 silly audit   'require-from-string': [ '2.0.2' ],
2483 silly audit   '@types/json5': [ '0.0.29' ],
2483 silly audit   json5: [ '1.0.2' ],
2483 silly audit   minimist: [ '1.2.8' ],
2483 silly audit   'strip-bom': [ '3.0.0' ],
2483 silly audit   'for-each': [ '0.3.5' ],
2483 silly audit   'reflect.getprototypeof': [ '1.0.10' ],
2483 silly audit   'which-builtin-type': [ '1.2.1' ],
2483 silly audit   'has-bigints': [ '1.1.0' ],
2483 silly audit   'which-boxed-primitive': [ '1.1.1' ],
2483 silly audit   '@unrs/resolver-binding-android-arm-eabi': [ '1.11.1' ],
2483 silly audit   '@unrs/resolver-binding-android-arm64': [ '1.11.1' ],
2483 silly audit   '@unrs/resolver-binding-darwin-arm64': [ '1.11.1' ],
2483 silly audit   '@unrs/resolver-binding-darwin-x64': [ '1.11.1' ],
2483 silly audit   '@unrs/resolver-binding-freebsd-x64': [ '1.11.1' ],
2483 silly audit   '@unrs/resolver-binding-linux-arm-gnueabihf': [ '1.11.1' ],
2483 silly audit   '@unrs/resolver-binding-linux-arm-musleabihf': [ '1.11.1' ],
2483 silly audit   '@unrs/resolver-binding-linux-arm64-gnu': [ '1.11.1' ],
2483 silly audit   '@unrs/resolver-binding-linux-arm64-musl': [ '1.11.1' ],
2483 silly audit   '@unrs/resolver-binding-linux-ppc64-gnu': [ '1.11.1' ],
2483 silly audit   '@unrs/resolver-binding-linux-riscv64-gnu': [ '1.11.1' ],
2483 silly audit   '@unrs/resolver-binding-linux-riscv64-musl': [ '1.11.1' ],
2483 silly audit   '@unrs/resolver-binding-linux-s390x-gnu': [ '1.11.1' ],
2483 silly audit   '@unrs/resolver-binding-linux-x64-gnu': [ '1.11.1' ],
2483 silly audit   '@unrs/resolver-binding-linux-x64-musl': [ '1.11.1' ],
2483 silly audit   '@unrs/resolver-binding-wasm32-wasi': [ '1.11.1' ],
2483 silly audit   '@unrs/resolver-binding-win32-arm64-msvc': [ '1.11.1' ],
2483 silly audit   '@unrs/resolver-binding-win32-ia32-msvc': [ '1.11.1' ],
2483 silly audit   '@unrs/resolver-binding-win32-x64-msvc': [ '1.11.1' ],
2483 silly audit   'napi-postinstall': [ '0.3.4' ],
2483 silly audit   '@napi-rs/wasm-runtime': [ '0.2.12' ],
2483 silly audit   '@emnapi/core': [ '1.9.2' ],
2483 silly audit   '@tybys/wasm-util': [ '0.10.1' ],
2483 silly audit   '@emnapi/wasi-threads': [ '1.2.1' ],
2483 silly audit   punycode: [ '2.3.1' ],
2483 silly audit   isexe: [ '2.0.0' ],
2483 silly audit   'is-bigint': [ '1.1.0' ],
2483 silly audit   'is-boolean-object': [ '1.2.2' ],
2483 silly audit   'is-number-object': [ '1.1.1' ],
2483 silly audit   'is-async-function': [ '2.1.1' ],
2483 silly audit   'is-finalizationregistry': [ '1.1.1' ],
2483 silly audit   'is-generator-function': [ '1.1.2' ],
2483 silly audit   'which-collection': [ '1.0.2' ],
2483 silly audit   'async-function': [ '1.0.0' ],
2483 silly audit   'generator-function': [ '2.0.1' ],
2483 silly audit   'is-map': [ '2.0.3' ],
2483 silly audit   'is-weakmap': [ '2.0.2' ],
2483 silly audit   'is-weakset': [ '2.0.4' ]
2483 silly audit }
2484 http cache is-weakset@https://registry.npmjs.org/is-weakset/-/is-weakset-2.0.4.tgz 0ms (cache hit)
2485 http cache is-weakmap@https://registry.npmjs.org/is-weakmap/-/is-weakmap-2.0.2.tgz 0ms (cache hit)
2486 http cache is-map@https://registry.npmjs.org/is-map/-/is-map-2.0.3.tgz 0ms (cache hit)
2487 http cache async-function@https://registry.npmjs.org/async-function/-/async-function-1.0.0.tgz 0ms (cache hit)
2488 http cache generator-function@https://registry.npmjs.org/generator-function/-/generator-function-2.0.1.tgz 0ms (cache hit)
2489 http cache which-collection@https://registry.npmjs.org/which-collection/-/which-collection-1.0.2.tgz 0ms (cache hit)
2490 http cache is-generator-function@https://registry.npmjs.org/is-generator-function/-/is-generator-function-1.1.2.tgz 0ms (cache hit)
2491 http cache is-boolean-object@https://registry.npmjs.org/is-boolean-object/-/is-boolean-object-1.2.2.tgz 0ms (cache hit)
2492 http cache punycode@https://registry.npmjs.org/punycode/-/punycode-2.3.1.tgz 0ms (cache hit)
2493 http cache is-async-function@https://registry.npmjs.org/is-async-function/-/is-async-function-2.1.1.tgz 0ms (cache hit)
2494 http cache isexe@https://registry.npmjs.org/isexe/-/isexe-2.0.0.tgz 0ms (cache hit)
2495 http cache is-bigint@https://registry.npmjs.org/is-bigint/-/is-bigint-1.1.0.tgz 0ms (cache hit)
2496 http cache is-number-object@https://registry.npmjs.org/is-number-object/-/is-number-object-1.1.1.tgz 0ms (cache hit)
2497 http cache napi-postinstall@https://registry.npmjs.org/napi-postinstall/-/napi-postinstall-0.3.4.tgz 0ms (cache hit)
2498 http cache is-finalizationregistry@https://registry.npmjs.org/is-finalizationregistry/-/is-finalizationregistry-1.1.1.tgz 0ms (cache hit)
2499 http cache which-boxed-primitive@https://registry.npmjs.org/which-boxed-primitive/-/which-boxed-primitive-1.1.1.tgz 0ms (cache hit)
2500 http cache @unrs/resolver-binding-darwin-arm64@https://registry.npmjs.org/@unrs/resolver-binding-darwin-arm64/-/resolver-binding-darwin-arm64-1.11.1.tgz 0ms (cache hit)
2501 http cache @emnapi/wasi-threads@https://registry.npmjs.org/@emnapi/wasi-threads/-/wasi-threads-1.2.1.tgz 0ms (cache hit)
2502 http cache @napi-rs/wasm-runtime@https://registry.npmjs.org/@napi-rs/wasm-runtime/-/wasm-runtime-0.2.12.tgz 0ms (cache hit)
2503 http cache has-bigints@https://registry.npmjs.org/has-bigints/-/has-bigints-1.1.0.tgz 0ms (cache hit)
2504 http cache which-builtin-type@https://registry.npmjs.org/which-builtin-type/-/which-builtin-type-1.2.1.tgz 0ms (cache hit)
2505 http cache strip-bom@https://registry.npmjs.org/strip-bom/-/strip-bom-3.0.0.tgz 0ms (cache hit)
2506 http cache json5@https://registry.npmjs.org/json5/-/json5-1.0.2.tgz 0ms (cache hit)
2507 http cache @types/json5@https://registry.npmjs.org/@types/json5/-/json5-0.0.29.tgz 0ms (cache hit)
2508 http cache reflect.getprototypeof@https://registry.npmjs.org/reflect.getprototypeof/-/reflect.getprototypeof-1.0.10.tgz 0ms (cache hit)
2509 http cache require-from-string@https://registry.npmjs.org/require-from-string/-/require-from-string-2.0.2.tgz 0ms (cache hit)
2510 http cache minimist@https://registry.npmjs.org/minimist/-/minimist-1.2.8.tgz 0ms (cache hit)
2511 http cache webgl-sdf-generator@https://registry.npmjs.org/webgl-sdf-generator/-/webgl-sdf-generator-1.1.1.tgz 0ms (cache hit)
2512 http cache troika-worker-utils@https://registry.npmjs.org/troika-worker-utils/-/troika-worker-utils-0.52.0.tgz 0ms (cache hit)
2513 http cache for-each@https://registry.npmjs.org/for-each/-/for-each-0.3.5.tgz 0ms (cache hit)
2514 http cache bidi-js@https://registry.npmjs.org/bidi-js/-/bidi-js-1.0.3.tgz 0ms (cache hit)
2515 http cache is-number@https://registry.npmjs.org/is-number/-/is-number-7.0.0.tgz 0ms (cache hit)
2516 http cache potpack@https://registry.npmjs.org/potpack/-/potpack-1.0.2.tgz 0ms (cache hit)
2517 http cache draco3d@https://registry.npmjs.org/draco3d/-/draco3d-1.5.7.tgz 0ms (cache hit)
2518 http cache fdir@https://registry.npmjs.org/fdir/-/fdir-6.5.0.tgz 0ms (cache hit)
2519 http cache @types/offscreencanvas@https://registry.npmjs.org/@types/offscreencanvas/-/offscreencanvas-2019.7.3.tgz 0ms (cache hit)
2520 http cache @types/draco3d@https://registry.npmjs.org/@types/draco3d/-/draco3d-1.4.10.tgz 0ms (cache hit)
2521 http cache troika-three-utils@https://registry.npmjs.org/troika-three-utils/-/troika-three-utils-0.52.4.tgz 0ms (cache hit)
2522 http cache has-flag@https://registry.npmjs.org/has-flag/-/has-flag-4.0.0.tgz 0ms (cache hit)
2523 http cache client-only@https://registry.npmjs.org/client-only/-/client-only-0.0.1.tgz 0ms (cache hit)
2524 http cache is-arrayish@https://registry.npmjs.org/is-arrayish/-/is-arrayish-0.3.4.tgz 0ms (cache hit)
2525 http cache side-channel-weakmap@https://registry.npmjs.org/side-channel-weakmap/-/side-channel-weakmap-1.0.2.tgz 0ms (cache hit)
2526 http cache side-channel-map@https://registry.npmjs.org/side-channel-map/-/side-channel-map-1.0.1.tgz 0ms (cache hit)
2527 http cache shebang-regex@https://registry.npmjs.org/shebang-regex/-/shebang-regex-3.0.0.tgz 0ms (cache hit)
2528 http cache color-string@https://registry.npmjs.org/color-string/-/color-string-1.9.1.tgz 0ms (cache hit)
2529 http cache simple-swizzle@https://registry.npmjs.org/simple-swizzle/-/simple-swizzle-0.2.4.tgz 0ms (cache hit)
2530 http cache @emnapi/runtime@https://registry.npmjs.org/@emnapi/runtime/-/runtime-1.9.2.tgz 0ms (cache hit)
2531 http cache color@https://registry.npmjs.org/color/-/color-4.2.3.tgz 0ms (cache hit)
2532 http cache side-channel-list@https://registry.npmjs.org/side-channel-list/-/side-channel-list-1.0.0.tgz 0ms (cache hit)
2533 http cache @img/sharp-darwin-arm64@https://registry.npmjs.org/@img/sharp-darwin-arm64/-/sharp-darwin-arm64-0.33.5.tgz 0ms (cache hit)
2534 http cache @img/sharp-libvips-darwin-arm64@https://registry.npmjs.org/@img/sharp-libvips-darwin-arm64/-/sharp-libvips-darwin-arm64-1.0.4.tgz 0ms (cache hit)
2535 http cache isarray@https://registry.npmjs.org/isarray/-/isarray-2.0.5.tgz 0ms (cache hit)
2536 http cache queue-microtask@https://registry.npmjs.org/queue-microtask/-/queue-microtask-1.2.3.tgz 0ms (cache hit)
2537 http cache @tybys/wasm-util@https://registry.npmjs.org/@tybys/wasm-util/-/wasm-util-0.10.1.tgz 0ms (cache hit)
2538 http cache supports-preserve-symlinks-flag@https://registry.npmjs.org/supports-preserve-symlinks-flag/-/supports-preserve-symlinks-flag-1.0.0.tgz 0ms (cache hit)
2539 http cache path-parse@https://registry.npmjs.org/path-parse/-/path-parse-1.0.7.tgz 0ms (cache hit)
2540 http cache node-exports-info@https://registry.npmjs.org/node-exports-info/-/node-exports-info-1.6.0.tgz 0ms (cache hit)
2541 http cache js-tokens@https://registry.npmjs.org/js-tokens/-/js-tokens-4.0.0.tgz 0ms (cache hit)
2542 http cache react-is@https://registry.npmjs.org/react-is/-/react-is-16.13.1.tgz 0ms (cache hit)
2543 http cache immediate@https://registry.npmjs.org/immediate/-/immediate-3.0.6.tgz 0ms (cache hit)
2544 http cache object-assign@https://registry.npmjs.org/object-assign/-/object-assign-4.1.1.tgz 0ms (cache hit)
2545 http cache lie@https://registry.npmjs.org/lie/-/lie-3.3.0.tgz 0ms (cache hit)
2546 http cache loose-envify@https://registry.npmjs.org/loose-envify/-/loose-envify-1.4.0.tgz 0ms (cache hit)
2547 http cache nanoid@https://registry.npmjs.org/nanoid/-/nanoid-3.3.11.tgz 0ms (cache hit)
2548 http cache picocolors@https://registry.npmjs.org/picocolors/-/picocolors-1.1.1.tgz 0ms (cache hit)
2549 http cache callsites@https://registry.npmjs.org/callsites/-/callsites-3.1.0.tgz 0ms (cache hit)
2550 http cache yocto-queue@https://registry.npmjs.org/yocto-queue/-/yocto-queue-0.1.0.tgz 0ms (cache hit)
2551 http cache p-limit@https://registry.npmjs.org/p-limit/-/p-limit-3.1.0.tgz 0ms (cache hit)
2552 http cache is-promise@https://registry.npmjs.org/is-promise/-/is-promise-2.2.2.tgz 0ms (cache hit)
2553 http cache word-wrap@https://registry.npmjs.org/word-wrap/-/word-wrap-1.2.5.tgz 0ms (cache hit)
2554 http cache fast-levenshtein@https://registry.npmjs.org/fast-levenshtein/-/fast-levenshtein-2.0.6.tgz 0ms (cache hit)
2555 http cache @emnapi/core@https://registry.npmjs.org/@emnapi/core/-/core-1.9.2.tgz 0ms (cache hit)
2556 http cache deep-is@https://registry.npmjs.org/deep-is/-/deep-is-0.1.4.tgz 0ms (cache hit)
2557 http cache tslib@https://registry.npmjs.org/tslib/-/tslib-2.8.1.tgz 0ms (cache hit)
2558 http cache styled-jsx@https://registry.npmjs.org/styled-jsx/-/styled-jsx-5.1.6.tgz 0ms (cache hit)
2559 http cache sharp@https://registry.npmjs.org/sharp/-/sharp-0.33.5.tgz 0ms (cache hit)
2560 http cache busboy@https://registry.npmjs.org/busboy/-/busboy-1.6.0.tgz 0ms (cache hit)
2561 http cache @swc/helpers@https://registry.npmjs.org/@swc/helpers/-/helpers-0.5.15.tgz 0ms (cache hit)
2562 http cache @next/swc-darwin-arm64@https://registry.npmjs.org/@next/swc-darwin-arm64/-/swc-darwin-arm64-15.1.0.tgz 0ms (cache hit)
2563 http cache @swc/counter@https://registry.npmjs.org/@swc/counter/-/counter-0.1.3.tgz 0ms (cache hit)
2564 http cache caniuse-lite@https://registry.npmjs.org/caniuse-lite/-/caniuse-lite-1.0.30001784.tgz 0ms (cache hit)
2565 http cache concat-map@https://registry.npmjs.org/concat-map/-/concat-map-0.0.1.tgz 0ms (cache hit)
2566 http cache balanced-match@https://registry.npmjs.org/balanced-match/-/balanced-match-1.0.2.tgz 0ms (cache hit)
2567 http cache brace-expansion@https://registry.npmjs.org/brace-expansion/-/brace-expansion-1.1.13.tgz 0ms (cache hit)
2568 http cache @next/env@https://registry.npmjs.org/@next/env/-/env-15.1.0.tgz 0ms (cache hit)
2569 http cache fill-range@https://registry.npmjs.org/fill-range/-/fill-range-7.1.1.tgz 0ms (cache hit)
2570 http cache braces@https://registry.npmjs.org/braces/-/braces-3.0.3.tgz 0ms (cache hit)
2571 http cache to-regex-range@https://registry.npmjs.org/to-regex-range/-/to-regex-range-5.0.1.tgz 0ms (cache hit)
2572 http cache lightningcss-darwin-arm64@https://registry.npmjs.org/lightningcss-darwin-arm64/-/lightningcss-darwin-arm64-1.32.0.tgz 0ms (cache hit)
2573 http cache p-locate@https://registry.npmjs.org/p-locate/-/p-locate-5.0.0.tgz 0ms (cache hit)
2574 http cache detect-libc@https://registry.npmjs.org/detect-libc/-/detect-libc-2.1.2.tgz 0ms (cache hit)
2575 http cache picomatch@https://registry.npmjs.org/picomatch/-/picomatch-2.3.2.tgz 0ms (cache hit)
2576 http cache type-check@https://registry.npmjs.org/type-check/-/type-check-0.4.0.tgz 0ms (cache hit)
2577 http cache json-buffer@https://registry.npmjs.org/json-buffer/-/json-buffer-3.0.1.tgz 0ms (cache hit)
2578 http cache argparse@https://registry.npmjs.org/argparse/-/argparse-2.0.1.tgz 0ms (cache hit)
2579 http cache language-subtag-registry@https://registry.npmjs.org/language-subtag-registry/-/language-subtag-registry-0.3.23.tgz 0ms (cache hit)
2580 http cache @types/react-reconciler@https://registry.npmjs.org/@types/react-reconciler/-/react-reconciler-0.28.9.tgz 0ms (cache hit)
2581 http cache prelude-ls@https://registry.npmjs.org/prelude-ls/-/prelude-ls-1.2.1.tgz 0ms (cache hit)
2582 http cache set-function-name@https://registry.npmjs.org/set-function-name/-/set-function-name-2.0.2.tgz 0ms (cache hit)
2583 http cache resolve-from@https://registry.npmjs.org/resolve-from/-/resolve-from-4.0.0.tgz 0ms (cache hit)
2584 http cache parent-module@https://registry.npmjs.org/parent-module/-/parent-module-1.0.1.tgz 0ms (cache hit)
2585 http cache is-extglob@https://registry.npmjs.org/is-extglob/-/is-extglob-2.1.1.tgz 0ms (cache hit)
2586 http cache side-channel@https://registry.npmjs.org/side-channel/-/side-channel-1.1.0.tgz 0ms (cache hit)
2587 http cache streamsearch@https://registry.npmjs.org/streamsearch/-/streamsearch-1.1.0.tgz 0ms (cache hit)
2588 http cache dunder-proto@https://registry.npmjs.org/dunder-proto/-/dunder-proto-1.0.1.tgz 0ms (cache hit)
2589 http cache resolve-pkg-maps@https://registry.npmjs.org/resolve-pkg-maps/-/resolve-pkg-maps-1.0.0.tgz 0ms (cache hit)
2590 http cache flatted@https://registry.npmjs.org/flatted/-/flatted-3.4.2.tgz 0ms (cache hit)
2591 http cache keyv@https://registry.npmjs.org/keyv/-/keyv-4.5.4.tgz 0ms (cache hit)
2592 http cache path-exists@https://registry.npmjs.org/path-exists/-/path-exists-4.0.0.tgz 0ms (cache hit)
2593 http cache flat-cache@https://registry.npmjs.org/flat-cache/-/flat-cache-4.0.1.tgz 0ms (cache hit)
2594 http cache functions-have-names@https://registry.npmjs.org/functions-have-names/-/functions-have-names-1.2.3.tgz 0ms (cache hit)
2595 http cache reusify@https://registry.npmjs.org/reusify/-/reusify-1.1.0.tgz 0ms (cache hit)
2596 http cache locate-path@https://registry.npmjs.org/locate-path/-/locate-path-6.0.0.tgz 0ms (cache hit)
2597 http cache fastq@https://registry.npmjs.org/fastq/-/fastq-1.20.1.tgz 0ms (cache hit)
2598 http cache @nodelib/fs.scandir@https://registry.npmjs.org/@nodelib/fs.scandir/-/fs.scandir-2.1.5.tgz 0ms (cache hit)
2599 http cache @nodelib/fs.stat@https://registry.npmjs.org/@nodelib/fs.stat/-/fs.stat-2.0.5.tgz 0ms (cache hit)
2600 http cache micromatch@https://registry.npmjs.org/micromatch/-/micromatch-4.0.8.tgz 0ms (cache hit)
2601 http cache @nodelib/fs.walk@https://registry.npmjs.org/@nodelib/fs.walk/-/fs.walk-1.2.8.tgz 0ms (cache hit)
2602 http cache merge2@https://registry.npmjs.org/merge2/-/merge2-1.4.1.tgz 0ms (cache hit)
2603 http cache acorn-jsx@https://registry.npmjs.org/acorn-jsx/-/acorn-jsx-5.3.2.tgz 0ms (cache hit)
2604 http cache acorn@https://registry.npmjs.org/acorn/-/acorn-8.16.0.tgz 0ms (cache hit)
2605 http cache iterator.prototype@https://registry.npmjs.org/iterator.prototype/-/iterator.prototype-1.1.5.tgz 0ms (cache hit)
2606 http cache string.prototype.repeat@https://registry.npmjs.org/string.prototype.repeat/-/string.prototype.repeat-1.0.0.tgz 0ms (cache hit)
2607 http cache string.prototype.matchall@https://registry.npmjs.org/string.prototype.matchall/-/string.prototype.matchall-4.0.12.tgz 0ms (cache hit)
2608 http cache object.entries@https://registry.npmjs.org/object.entries/-/object.entries-1.1.9.tgz 0ms (cache hit)
2609 http cache run-parallel@https://registry.npmjs.org/run-parallel/-/run-parallel-1.2.0.tgz 0ms (cache hit)
2610 http cache array.prototype.tosorted@https://registry.npmjs.org/array.prototype.tosorted/-/array.prototype.tosorted-1.1.4.tgz 0ms (cache hit)
2611 http cache estraverse@https://registry.npmjs.org/estraverse/-/estraverse-5.3.0.tgz 0ms (cache hit)
2612 http cache esrecurse@https://registry.npmjs.org/esrecurse/-/esrecurse-4.3.0.tgz 0ms (cache hit)
2613 http cache prop-types@https://registry.npmjs.org/prop-types/-/prop-types-15.8.1.tgz 0ms (cache hit)
2614 http cache string.prototype.includes@https://registry.npmjs.org/string.prototype.includes/-/string.prototype.includes-2.0.1.tgz 0ms (cache hit)
2615 http cache language-tags@https://registry.npmjs.org/language-tags/-/language-tags-1.0.9.tgz 0ms (cache hit)
2616 http cache jsx-ast-utils@https://registry.npmjs.org/jsx-ast-utils/-/jsx-ast-utils-3.3.5.tgz 0ms (cache hit)
2617 http cache emoji-regex@https://registry.npmjs.org/emoji-regex/-/emoji-regex-9.2.2.tgz 0ms (cache hit)
2618 http cache damerau-levenshtein@https://registry.npmjs.org/damerau-levenshtein/-/damerau-levenshtein-1.0.8.tgz 0ms (cache hit)
2619 http cache axobject-query@https://registry.npmjs.org/axobject-query/-/axobject-query-4.1.0.tgz 0ms (cache hit)
2620 http cache axe-core@https://registry.npmjs.org/axe-core/-/axe-core-4.11.2.tgz 0ms (cache hit)
2621 http cache ast-types-flow@https://registry.npmjs.org/ast-types-flow/-/ast-types-flow-0.0.8.tgz 0ms (cache hit)
2622 http cache aria-query@https://registry.npmjs.org/aria-query/-/aria-query-5.3.2.tgz 1ms (cache hit)
2623 http cache is-symbol@https://registry.npmjs.org/is-symbol/-/is-symbol-1.1.1.tgz 0ms (cache hit)
2624 http cache is-date-object@https://registry.npmjs.org/is-date-object/-/is-date-object-1.1.0.tgz 0ms (cache hit)
2625 http cache es-iterator-helpers@https://registry.npmjs.org/es-iterator-helpers/-/es-iterator-helpers-1.3.1.tgz 0ms (cache hit)
2626 http cache has-tostringtag@https://registry.npmjs.org/has-tostringtag/-/has-tostringtag-1.0.2.tgz 0ms (cache hit)
2627 http cache which-typed-array@https://registry.npmjs.org/which-typed-array/-/which-typed-array-1.1.20.tgz 0ms (cache hit)
2628 http cache possible-typed-array-names@https://registry.npmjs.org/possible-typed-array-names/-/possible-typed-array-names-1.1.0.tgz 0ms (cache hit)
2629 http cache unbox-primitive@https://registry.npmjs.org/unbox-primitive/-/unbox-primitive-1.1.0.tgz 0ms (cache hit)
2630 http cache typed-array-length@https://registry.npmjs.org/typed-array-length/-/typed-array-length-1.0.7.tgz 0ms (cache hit)
2631 http cache typed-array-byte-offset@https://registry.npmjs.org/typed-array-byte-offset/-/typed-array-byte-offset-1.0.4.tgz 0ms (cache hit)
2632 http cache typed-array-byte-length@https://registry.npmjs.org/typed-array-byte-length/-/typed-array-byte-length-1.0.3.tgz 0ms (cache hit)
2633 http cache typed-array-buffer@https://registry.npmjs.org/typed-array-buffer/-/typed-array-buffer-1.0.3.tgz 0ms (cache hit)
2634 http cache array.prototype.findlast@https://registry.npmjs.org/array.prototype.findlast/-/array.prototype.findlast-1.2.5.tgz 0ms (cache hit)
2635 http cache string.prototype.trimstart@https://registry.npmjs.org/string.prototype.trimstart/-/string.prototype.trimstart-1.0.8.tgz 0ms (cache hit)
2636 http cache string.prototype.trim@https://registry.npmjs.org/string.prototype.trim/-/string.prototype.trim-1.2.10.tgz 0ms (cache hit)
2637 http cache safe-regex-test@https://registry.npmjs.org/safe-regex-test/-/safe-regex-test-1.1.0.tgz 0ms (cache hit)
2638 http cache stop-iteration-iterator@https://registry.npmjs.org/stop-iteration-iterator/-/stop-iteration-iterator-1.1.0.tgz 0ms (cache hit)
2639 http cache safe-array-concat@https://registry.npmjs.org/safe-array-concat/-/safe-array-concat-1.1.3.tgz 0ms (cache hit)
2640 http cache set-proto@https://registry.npmjs.org/set-proto/-/set-proto-1.0.0.tgz 0ms (cache hit)
2641 http cache safe-push-apply@https://registry.npmjs.org/safe-push-apply/-/safe-push-apply-1.0.0.tgz 0ms (cache hit)
2642 http cache own-keys@https://registry.npmjs.org/own-keys/-/own-keys-1.0.1.tgz 0ms (cache hit)
2643 http cache object.assign@https://registry.npmjs.org/object.assign/-/object.assign-4.1.7.tgz 0ms (cache hit)
2644 http cache object-inspect@https://registry.npmjs.org/object-inspect/-/object-inspect-1.13.4.tgz 0ms (cache hit)
2645 http cache is-shared-array-buffer@https://registry.npmjs.org/is-shared-array-buffer/-/is-shared-array-buffer-1.0.4.tgz 0ms (cache hit)
2646 http cache is-weakref@https://registry.npmjs.org/is-weakref/-/is-weakref-1.1.1.tgz 0ms (cache hit)
2647 http cache is-set@https://registry.npmjs.org/is-set/-/is-set-2.0.3.tgz 0ms (cache hit)
2648 http cache is-negative-zero@https://registry.npmjs.org/is-negative-zero/-/is-negative-zero-2.0.3.tgz 0ms (cache hit)
2649 http cache is-typed-array@https://registry.npmjs.org/is-typed-array/-/is-typed-array-1.1.15.tgz 0ms (cache hit)
2650 http cache is-data-view@https://registry.npmjs.org/is-data-view/-/is-data-view-1.0.2.tgz 0ms (cache hit)
2651 http cache has-symbols@https://registry.npmjs.org/has-symbols/-/has-symbols-1.1.0.tgz 0ms (cache hit)
2652 http cache has-proto@https://registry.npmjs.org/has-proto/-/has-proto-1.2.0.tgz 0ms (cache hit)
2653 http cache internal-slot@https://registry.npmjs.org/internal-slot/-/internal-slot-1.1.0.tgz 0ms (cache hit)
2654 http cache get-symbol-description@https://registry.npmjs.org/get-symbol-description/-/get-symbol-description-1.1.0.tgz 0ms (cache hit)
2655 http cache is-array-buffer@https://registry.npmjs.org/is-array-buffer/-/is-array-buffer-3.0.5.tgz 0ms (cache hit)
2656 http cache globalthis@https://registry.npmjs.org/globalthis/-/globalthis-1.0.4.tgz 0ms (cache hit)
2657 http cache es-to-primitive@https://registry.npmjs.org/es-to-primitive/-/es-to-primitive-1.3.0.tgz 0ms (cache hit)
2658 http cache data-view-byte-offset@https://registry.npmjs.org/data-view-byte-offset/-/data-view-byte-offset-1.0.1.tgz 0ms (cache hit)
2659 http cache es-set-tostringtag@https://registry.npmjs.org/es-set-tostringtag/-/es-set-tostringtag-2.1.0.tgz 0ms (cache hit)
2660 http cache get-proto@https://registry.npmjs.org/get-proto/-/get-proto-1.0.1.tgz 0ms (cache hit)
2661 http cache function.prototype.name@https://registry.npmjs.org/function.prototype.name/-/function.prototype.name-1.1.8.tgz 0ms (cache hit)
2662 http cache data-view-byte-length@https://registry.npmjs.org/data-view-byte-length/-/data-view-byte-length-1.0.2.tgz 0ms (cache hit)
2663 http cache data-view-buffer@https://registry.npmjs.org/data-view-buffer/-/data-view-buffer-1.0.2.tgz 0ms (cache hit)
2664 http cache is-regex@https://registry.npmjs.org/is-regex/-/is-regex-1.2.1.tgz 0ms (cache hit)
2665 http cache arraybuffer.prototype.slice@https://registry.npmjs.org/arraybuffer.prototype.slice/-/arraybuffer.prototype.slice-1.0.4.tgz 0ms (cache hit)
2666 http cache available-typed-arrays@https://registry.npmjs.org/available-typed-arrays/-/available-typed-arrays-1.0.7.tgz 0ms (cache hit)
2667 http cache array-buffer-byte-length@https://registry.npmjs.org/array-buffer-byte-length/-/array-buffer-byte-length-1.0.2.tgz 0ms (cache hit)
2668 http cache object-keys@https://registry.npmjs.org/object-keys/-/object-keys-1.1.1.tgz 0ms (cache hit)
2669 http cache gopd@https://registry.npmjs.org/gopd/-/gopd-1.2.0.tgz 0ms (cache hit)
2670 http cache function-bind@https://registry.npmjs.org/function-bind/-/function-bind-1.1.2.tgz 0ms (cache hit)
2671 http cache has-property-descriptors@https://registry.npmjs.org/has-property-descriptors/-/has-property-descriptors-1.0.2.tgz 0ms (cache hit)
2672 http cache is-callable@https://registry.npmjs.org/is-callable/-/is-callable-1.2.7.tgz 0ms (cache hit)
2673 http cache define-data-property@https://registry.npmjs.org/define-data-property/-/define-data-property-1.1.4.tgz 0ms (cache hit)
2674 http cache set-function-length@https://registry.npmjs.org/set-function-length/-/set-function-length-1.2.2.tgz 0ms (cache hit)
2675 http cache es-define-property@https://registry.npmjs.org/es-define-property/-/es-define-property-1.0.1.tgz 0ms (cache hit)
2676 http cache regexp.prototype.flags@https://registry.npmjs.org/regexp.prototype.flags/-/regexp.prototype.flags-1.5.4.tgz 0ms (cache hit)
2677 http cache is-string@https://registry.npmjs.org/is-string/-/is-string-1.1.1.tgz 0ms (cache hit)
2678 http cache call-bind-apply-helpers@https://registry.npmjs.org/call-bind-apply-helpers/-/call-bind-apply-helpers-1.0.2.tgz 0ms (cache hit)
2679 http cache es-errors@https://registry.npmjs.org/es-errors/-/es-errors-1.3.0.tgz 0ms (cache hit)
2680 http cache math-intrinsics@https://registry.npmjs.org/math-intrinsics/-/math-intrinsics-1.1.0.tgz 0ms (cache hit)
2681 http cache get-intrinsic@https://registry.npmjs.org/get-intrinsic/-/get-intrinsic-1.3.0.tgz 0ms (cache hit)
2682 http cache es-object-atoms@https://registry.npmjs.org/es-object-atoms/-/es-object-atoms-1.1.1.tgz 0ms (cache hit)
2683 http cache call-bound@https://registry.npmjs.org/call-bound/-/call-bound-1.0.4.tgz 0ms (cache hit)
2684 http cache es-abstract@https://registry.npmjs.org/es-abstract/-/es-abstract-1.24.1.tgz 0ms (cache hit)
2685 http cache es-shim-unscopables@https://registry.npmjs.org/es-shim-unscopables/-/es-shim-unscopables-1.1.0.tgz 0ms (cache hit)
2686 http cache define-properties@https://registry.npmjs.org/define-properties/-/define-properties-1.2.1.tgz 0ms (cache hit)
2687 http cache tsconfig-paths@https://registry.npmjs.org/tsconfig-paths/-/tsconfig-paths-3.15.0.tgz 0ms (cache hit)
2688 http cache call-bind@https://registry.npmjs.org/call-bind/-/call-bind-1.0.8.tgz 0ms (cache hit)
2689 http cache object.fromentries@https://registry.npmjs.org/object.fromentries/-/object.fromentries-2.0.8.tgz 0ms (cache hit)
2690 http cache object.values@https://registry.npmjs.org/object.values/-/object.values-1.2.1.tgz 0ms (cache hit)
2691 http cache hasown@https://registry.npmjs.org/hasown/-/hasown-2.0.2.tgz 0ms (cache hit)
2692 http cache doctrine@https://registry.npmjs.org/doctrine/-/doctrine-2.1.0.tgz 0ms (cache hit)
2693 http cache eslint-module-utils@https://registry.npmjs.org/eslint-module-utils/-/eslint-module-utils-2.12.1.tgz 0ms (cache hit)
2694 http cache array.prototype.flat@https://registry.npmjs.org/array.prototype.flat/-/array.prototype.flat-1.3.3.tgz 0ms (cache hit)
2695 http cache array.prototype.flatmap@https://registry.npmjs.org/array.prototype.flatmap/-/array.prototype.flatmap-1.3.3.tgz 0ms (cache hit)
2696 http cache object.groupby@https://registry.npmjs.org/object.groupby/-/object.groupby-1.0.3.tgz 0ms (cache hit)
2697 http cache array.prototype.findlastindex@https://registry.npmjs.org/array.prototype.findlastindex/-/array.prototype.findlastindex-1.2.6.tgz 0ms (cache hit)
2698 http cache array-includes@https://registry.npmjs.org/array-includes/-/array-includes-3.1.9.tgz 0ms (cache hit)
2699 http cache unrs-resolver@https://registry.npmjs.org/unrs-resolver/-/unrs-resolver-1.11.1.tgz 0ms (cache hit)
2700 http cache stable-hash@https://registry.npmjs.org/stable-hash/-/stable-hash-0.0.5.tgz 0ms (cache hit)
2701 http cache is-bun-module@https://registry.npmjs.org/is-bun-module/-/is-bun-module-2.0.0.tgz 0ms (cache hit)
2702 http cache get-tsconfig@https://registry.npmjs.org/get-tsconfig/-/get-tsconfig-4.13.7.tgz 0ms (cache hit)
2703 http cache @nolyfill/is-core-module@https://registry.npmjs.org/@nolyfill/is-core-module/-/is-core-module-1.0.39.tgz 0ms (cache hit)
2704 http cache resolve@https://registry.npmjs.org/resolve/-/resolve-2.0.0-next.6.tgz 0ms (cache hit)
2705 http cache semver@https://registry.npmjs.org/semver/-/semver-7.7.4.tgz 0ms (cache hit)
2706 http cache @typescript-eslint/project-service@https://registry.npmjs.org/@typescript-eslint/project-service/-/project-service-8.58.0.tgz 0ms (cache hit)
2707 http cache is-core-module@https://registry.npmjs.org/is-core-module/-/is-core-module-2.16.1.tgz 0ms (cache hit)
2708 http cache @typescript-eslint/typescript-estree@https://registry.npmjs.org/@typescript-eslint/typescript-estree/-/typescript-estree-8.58.0.tgz 0ms (cache hit)
2709 http cache @typescript-eslint/tsconfig-utils@https://registry.npmjs.org/@typescript-eslint/tsconfig-utils/-/tsconfig-utils-8.58.0.tgz 0ms (cache hit)
2710 http cache tinyglobby@https://registry.npmjs.org/tinyglobby/-/tinyglobby-0.2.15.tgz 0ms (cache hit)
2711 http cache @typescript-eslint/utils@https://registry.npmjs.org/@typescript-eslint/utils/-/utils-8.58.0.tgz 0ms (cache hit)
2712 http cache @typescript-eslint/visitor-keys@https://registry.npmjs.org/@typescript-eslint/visitor-keys/-/visitor-keys-8.58.0.tgz 0ms (cache hit)
2713 http cache @typescript-eslint/scope-manager@https://registry.npmjs.org/@typescript-eslint/scope-manager/-/scope-manager-8.58.0.tgz 0ms (cache hit)
2714 http cache @typescript-eslint/type-utils@https://registry.npmjs.org/@typescript-eslint/type-utils/-/type-utils-8.58.0.tgz 0ms (cache hit)
2715 http cache fast-glob@https://registry.npmjs.org/fast-glob/-/fast-glob-3.3.1.tgz 0ms (cache hit)
2716 http cache @typescript-eslint/types@https://registry.npmjs.org/@typescript-eslint/types/-/types-8.58.0.tgz 0ms (cache hit)
2717 http cache eslint-plugin-react-hooks@https://registry.npmjs.org/eslint-plugin-react-hooks/-/eslint-plugin-react-hooks-5.2.0.tgz 0ms (cache hit)
2718 http cache ts-api-utils@https://registry.npmjs.org/ts-api-utils/-/ts-api-utils-2.5.0.tgz 0ms (cache hit)
2719 http cache eslint-plugin-react@https://registry.npmjs.org/eslint-plugin-react/-/eslint-plugin-react-7.37.5.tgz 0ms (cache hit)
2720 http cache eslint-plugin-jsx-a11y@https://registry.npmjs.org/eslint-plugin-jsx-a11y/-/eslint-plugin-jsx-a11y-6.10.2.tgz 0ms (cache hit)
2721 http cache eslint-plugin-import@https://registry.npmjs.org/eslint-plugin-import/-/eslint-plugin-import-2.32.0.tgz 0ms (cache hit)
2722 http cache eslint-import-resolver-node@https://registry.npmjs.org/eslint-import-resolver-node/-/eslint-import-resolver-node-0.3.10.tgz 0ms (cache hit)
2723 http cache eslint-import-resolver-typescript@https://registry.npmjs.org/eslint-import-resolver-typescript/-/eslint-import-resolver-typescript-3.10.1.tgz 0ms (cache hit)
2724 http cache @rtsao/scc@https://registry.npmjs.org/@rtsao/scc/-/scc-1.1.0.tgz 0ms (cache hit)
2725 http cache @typescript-eslint/eslint-plugin@https://registry.npmjs.org/@typescript-eslint/eslint-plugin/-/eslint-plugin-8.58.0.tgz 0ms (cache hit)
2726 http cache @typescript-eslint/parser@https://registry.npmjs.org/@typescript-eslint/parser/-/parser-8.58.0.tgz 0ms (cache hit)
2727 http cache @next/eslint-plugin-next@https://registry.npmjs.org/@next/eslint-plugin-next/-/eslint-plugin-next-15.1.0.tgz 0ms (cache hit)
2728 http cache ms@https://registry.npmjs.org/ms/-/ms-2.1.3.tgz 0ms (cache hit)
2729 http cache @rushstack/eslint-patch@https://registry.npmjs.org/@rushstack/eslint-patch/-/eslint-patch-1.16.1.tgz 0ms (cache hit)
2730 http cache color-name@https://registry.npmjs.org/color-name/-/color-name-1.1.4.tgz 0ms (cache hit)
2731 http cache color-convert@https://registry.npmjs.org/color-convert/-/color-convert-2.0.1.tgz 0ms (cache hit)
2732 http cache supports-color@https://registry.npmjs.org/supports-color/-/supports-color-7.2.0.tgz 0ms (cache hit)
2733 http cache ansi-styles@https://registry.npmjs.org/ansi-styles/-/ansi-styles-4.3.0.tgz 0ms (cache hit)
2734 http cache json-schema-traverse@https://registry.npmjs.org/json-schema-traverse/-/json-schema-traverse-0.4.1.tgz 0ms (cache hit)
2735 http cache uri-js@https://registry.npmjs.org/uri-js/-/uri-js-4.4.1.tgz 0ms (cache hit)
2736 http cache levn@https://registry.npmjs.org/levn/-/levn-0.4.1.tgz 0ms (cache hit)
2737 http cache js-yaml@https://registry.npmjs.org/js-yaml/-/js-yaml-4.1.1.tgz 0ms (cache hit)
2738 http cache fast-json-stable-stringify@https://registry.npmjs.org/fast-json-stable-stringify/-/fast-json-stable-stringify-2.1.0.tgz 0ms (cache hit)
2739 http cache @humanfs/core@https://registry.npmjs.org/@humanfs/core/-/core-0.19.1.tgz 0ms (cache hit)
2740 http cache import-fresh@https://registry.npmjs.org/import-fresh/-/import-fresh-3.3.1.tgz 0ms (cache hit)
2741 http cache strip-json-comments@https://registry.npmjs.org/strip-json-comments/-/strip-json-comments-3.1.1.tgz 0ms (cache hit)
2742 http cache @types/json-schema@https://registry.npmjs.org/@types/json-schema/-/json-schema-7.0.15.tgz 0ms (cache hit)
2743 http cache optionator@https://registry.npmjs.org/optionator/-/optionator-0.9.4.tgz 0ms (cache hit)
2744 http cache globals@https://registry.npmjs.org/globals/-/globals-14.0.0.tgz 0ms (cache hit)
2745 http cache natural-compare@https://registry.npmjs.org/natural-compare/-/natural-compare-1.4.0.tgz 0ms (cache hit)
2746 http cache @eslint/object-schema@https://registry.npmjs.org/@eslint/object-schema/-/object-schema-2.1.7.tgz 0ms (cache hit)
2747 http cache lodash.merge@https://registry.npmjs.org/lodash.merge/-/lodash.merge-4.6.2.tgz 0ms (cache hit)
2748 http cache minimatch@https://registry.npmjs.org/minimatch/-/minimatch-3.1.5.tgz 0ms (cache hit)
2749 http cache is-glob@https://registry.npmjs.org/is-glob/-/is-glob-4.0.3.tgz 0ms (cache hit)
2750 http cache string.prototype.trimend@https://registry.npmjs.org/string.prototype.trimend/-/string.prototype.trimend-1.0.9.tgz 0ms (cache hit)
2751 http cache json-stable-stringify-without-jsonify@https://registry.npmjs.org/json-stable-stringify-without-jsonify/-/json-stable-stringify-without-jsonify-1.0.1.tgz 0ms (cache hit)
2752 http cache imurmurhash@https://registry.npmjs.org/imurmurhash/-/imurmurhash-0.1.4.tgz 1ms (cache hit)
2753 http cache ignore@https://registry.npmjs.org/ignore/-/ignore-5.3.2.tgz 0ms (cache hit)
2754 http cache glob-parent@https://registry.npmjs.org/glob-parent/-/glob-parent-6.0.2.tgz 0ms (cache hit)
2755 http cache esutils@https://registry.npmjs.org/esutils/-/esutils-2.0.3.tgz 0ms (cache hit)
2756 http cache find-up@https://registry.npmjs.org/find-up/-/find-up-5.0.0.tgz 0ms (cache hit)
2757 http cache esquery@https://registry.npmjs.org/esquery/-/esquery-1.7.0.tgz 0ms (cache hit)
2758 http cache file-entry-cache@https://registry.npmjs.org/file-entry-cache/-/file-entry-cache-8.0.0.tgz 0ms (cache hit)
2759 http cache eslint-scope@https://registry.npmjs.org/eslint-scope/-/eslint-scope-8.4.0.tgz 0ms (cache hit)
2760 http cache espree@https://registry.npmjs.org/espree/-/espree-10.4.0.tgz 0ms (cache hit)
2761 http cache escape-string-regexp@https://registry.npmjs.org/escape-string-regexp/-/escape-string-regexp-4.0.0.tgz 0ms (cache hit)
2762 http cache fast-deep-equal@https://registry.npmjs.org/fast-deep-equal/-/fast-deep-equal-3.1.3.tgz 0ms (cache hit)
2763 http cache debug@https://registry.npmjs.org/debug/-/debug-4.4.3.tgz 0ms (cache hit)
2764 http cache eslint-visitor-keys@https://registry.npmjs.org/eslint-visitor-keys/-/eslint-visitor-keys-4.2.1.tgz 0ms (cache hit)
2765 http cache chalk@https://registry.npmjs.org/chalk/-/chalk-4.1.2.tgz 0ms (cache hit)
2766 http cache @types/estree@https://registry.npmjs.org/@types/estree/-/estree-1.0.8.tgz 0ms (cache hit)
2767 http cache ajv@https://registry.npmjs.org/ajv/-/ajv-6.14.0.tgz 0ms (cache hit)
2768 http cache @humanwhocodes/retry@https://registry.npmjs.org/@humanwhocodes/retry/-/retry-0.4.3.tgz 0ms (cache hit)
2769 http cache @humanwhocodes/module-importer@https://registry.npmjs.org/@humanwhocodes/module-importer/-/module-importer-1.0.1.tgz 0ms (cache hit)
2770 http cache @humanfs/node@https://registry.npmjs.org/@humanfs/node/-/node-0.16.7.tgz 0ms (cache hit)
2771 http cache @eslint/plugin-kit@https://registry.npmjs.org/@eslint/plugin-kit/-/plugin-kit-0.4.1.tgz 0ms (cache hit)
2772 http cache @eslint/js@https://registry.npmjs.org/@eslint/js/-/js-9.39.4.tgz 0ms (cache hit)
2773 http cache @eslint/eslintrc@https://registry.npmjs.org/@eslint/eslintrc/-/eslintrc-3.3.5.tgz 0ms (cache hit)
2774 http cache @eslint/config-helpers@https://registry.npmjs.org/@eslint/config-helpers/-/config-helpers-0.4.2.tgz 0ms (cache hit)
2775 http cache @eslint/core@https://registry.npmjs.org/@eslint/core/-/core-0.17.0.tgz 0ms (cache hit)
2776 http cache @eslint/config-array@https://registry.npmjs.org/@eslint/config-array/-/config-array-0.21.2.tgz 0ms (cache hit)
2777 http cache @eslint-community/eslint-utils@https://registry.npmjs.org/@eslint-community/eslint-utils/-/eslint-utils-4.9.1.tgz 0ms (cache hit)
2778 http cache @eslint-community/regexpp@https://registry.npmjs.org/@eslint-community/regexpp/-/regexpp-4.12.2.tgz 0ms (cache hit)
2779 http cache tapable@https://registry.npmjs.org/tapable/-/tapable-2.3.2.tgz 0ms (cache hit)
2780 http cache graceful-fs@https://registry.npmjs.org/graceful-fs/-/graceful-fs-4.2.11.tgz 0ms (cache hit)
2781 http cache webgl-constants@https://registry.npmjs.org/webgl-constants/-/webgl-constants-1.1.1.tgz 0ms (cache hit)
2782 http cache which@https://registry.npmjs.org/which/-/which-2.0.2.tgz 0ms (cache hit)
2783 http cache shebang-command@https://registry.npmjs.org/shebang-command/-/shebang-command-2.0.0.tgz 0ms (cache hit)
2784 http cache path-key@https://registry.npmjs.org/path-key/-/path-key-3.1.1.tgz 0ms (cache hit)
2785 http cache ieee754@https://registry.npmjs.org/ieee754/-/ieee754-1.2.1.tgz 0ms (cache hit)
2786 http cache cross-spawn@https://registry.npmjs.org/cross-spawn/-/cross-spawn-7.0.6.tgz 0ms (cache hit)
2787 http cache meshoptimizer@https://registry.npmjs.org/meshoptimizer/-/meshoptimizer-0.18.1.tgz 0ms (cache hit)
2788 http cache csstype@https://registry.npmjs.org/csstype/-/csstype-3.2.3.tgz 0ms (cache hit)
2789 http cache @types/stats.js@https://registry.npmjs.org/@types/stats.js/-/stats.js-0.17.4.tgz 0ms (cache hit)
2790 http cache fflate@https://registry.npmjs.org/fflate/-/fflate-0.6.10.tgz 0ms (cache hit)
2791 http cache undici-types@https://registry.npmjs.org/undici-types/-/undici-types-6.21.0.tgz 0ms (cache hit)
2792 http cache @use-gesture/core@https://registry.npmjs.org/@use-gesture/core/-/core-10.3.1.tgz 0ms (cache hit)
2793 http cache @jridgewell/resolve-uri@https://registry.npmjs.org/@jridgewell/resolve-uri/-/resolve-uri-3.1.2.tgz 0ms (cache hit)
2794 http cache @jridgewell/trace-mapping@https://registry.npmjs.org/@jridgewell/trace-mapping/-/trace-mapping-0.3.31.tgz 0ms (cache hit)
2795 http cache @tailwindcss/oxide-darwin-arm64@https://registry.npmjs.org/@tailwindcss/oxide-darwin-arm64/-/oxide-darwin-arm64-4.2.2.tgz 0ms (cache hit)
2796 http cache @jridgewell/gen-mapping@https://registry.npmjs.org/@jridgewell/gen-mapping/-/gen-mapping-0.3.13.tgz 0ms (cache hit)
2797 http cache @jridgewell/sourcemap-codec@https://registry.npmjs.org/@jridgewell/sourcemap-codec/-/sourcemap-codec-1.5.5.tgz 0ms (cache hit)
2798 http cache source-map-js@https://registry.npmjs.org/source-map-js/-/source-map-js-1.2.1.tgz 0ms (cache hit)
2799 http cache magic-string@https://registry.npmjs.org/magic-string/-/magic-string-0.30.21.tgz 0ms (cache hit)
2800 http cache lightningcss@https://registry.npmjs.org/lightningcss/-/lightningcss-1.32.0.tgz 0ms (cache hit)
2801 http cache @jridgewell/remapping@https://registry.npmjs.org/@jridgewell/remapping/-/remapping-2.3.5.tgz 0ms (cache hit)
2802 http cache enhanced-resolve@https://registry.npmjs.org/enhanced-resolve/-/enhanced-resolve-5.20.1.tgz 0ms (cache hit)
2803 http cache @tailwindcss/oxide@https://registry.npmjs.org/@tailwindcss/oxide/-/oxide-4.2.2.tgz 0ms (cache hit)
2804 http cache @tailwindcss/node@https://registry.npmjs.org/@tailwindcss/node/-/node-4.2.2.tgz 0ms (cache hit)
2805 http cache jiti@https://registry.npmjs.org/jiti/-/jiti-2.6.1.tgz 0ms (cache hit)
2806 http cache react-use-measure@https://registry.npmjs.org/react-use-measure/-/react-use-measure-2.1.7.tgz 0ms (cache hit)
2807 http cache scheduler@https://registry.npmjs.org/scheduler/-/scheduler-0.27.0.tgz 0ms (cache hit)
2808 http cache @alloc/quick-lru@https://registry.npmjs.org/@alloc/quick-lru/-/quick-lru-5.2.0.tgz 0ms (cache hit)
2809 http cache promise-worker-transferable@https://registry.npmjs.org/promise-worker-transferable/-/promise-worker-transferable-1.0.4.tgz 0ms (cache hit)
2810 http cache its-fine@https://registry.npmjs.org/its-fine/-/its-fine-2.0.0.tgz 0ms (cache hit)
2811 http cache base64-js@https://registry.npmjs.org/base64-js/-/base64-js-1.5.1.tgz 0ms (cache hit)
2812 http cache @types/webxr@https://registry.npmjs.org/@types/webxr/-/webxr-0.5.24.tgz 0ms (cache hit)
2813 http cache utility-types@https://registry.npmjs.org/utility-types/-/utility-types-3.11.0.tgz 0ms (cache hit)
2814 http cache use-sync-external-store@https://registry.npmjs.org/use-sync-external-store/-/use-sync-external-store-1.6.0.tgz 0ms (cache hit)
2815 http cache tunnel-rat@https://registry.npmjs.org/tunnel-rat/-/tunnel-rat-0.1.2.tgz 0ms (cache hit)
2816 http cache zustand@https://registry.npmjs.org/zustand/-/zustand-5.0.12.tgz 0ms (cache hit)
2817 http cache buffer@https://registry.npmjs.org/buffer/-/buffer-6.0.3.tgz 0ms (cache hit)
2818 http cache three-stdlib@https://registry.npmjs.org/three-stdlib/-/three-stdlib-2.36.1.tgz 0ms (cache hit)
2819 http cache troika-three-text@https://registry.npmjs.org/troika-three-text/-/troika-three-text-0.52.4.tgz 0ms (cache hit)
2820 http cache suspend-react@https://registry.npmjs.org/suspend-react/-/suspend-react-0.1.3.tgz 0ms (cache hit)
2821 http cache maath@https://registry.npmjs.org/maath/-/maath-0.10.8.tgz 0ms (cache hit)
2822 http cache three-mesh-bvh@https://registry.npmjs.org/three-mesh-bvh/-/three-mesh-bvh-0.8.3.tgz 0ms (cache hit)
2823 http cache meshline@https://registry.npmjs.org/meshline/-/meshline-3.3.1.tgz 0ms (cache hit)
2824 http cache stats-gl@https://registry.npmjs.org/stats-gl/-/stats-gl-2.4.2.tgz 0ms (cache hit)
2825 http cache stats.js@https://registry.npmjs.org/stats.js/-/stats.js-0.17.0.tgz 0ms (cache hit)
2826 http cache glsl-noise@https://registry.npmjs.org/glsl-noise/-/glsl-noise-0.0.0.tgz 0ms (cache hit)
2827 http cache detect-gpu@https://registry.npmjs.org/detect-gpu/-/detect-gpu-5.0.70.tgz 0ms (cache hit)
2828 http cache @use-gesture/react@https://registry.npmjs.org/@use-gesture/react/-/react-10.3.1.tgz 0ms (cache hit)
2829 http cache hls.js@https://registry.npmjs.org/hls.js/-/hls.js-1.6.15.tgz 0ms (cache hit)
2830 http cache cross-env@https://registry.npmjs.org/cross-env/-/cross-env-7.0.3.tgz 0ms (cache hit)
2831 http cache camera-controls@https://registry.npmjs.org/camera-controls/-/camera-controls-3.1.2.tgz 0ms (cache hit)
2832 http cache @monogrid/gainmap-js@https://registry.npmjs.org/@monogrid/gainmap-js/-/gainmap-js-3.4.0.tgz 0ms (cache hit)
2833 http cache typescript@https://registry.npmjs.org/typescript/-/typescript-5.9.3.tgz 0ms (cache hit)
2834 http cache @mediapipe/tasks-vision@https://registry.npmjs.org/@mediapipe/tasks-vision/-/tasks-vision-0.10.17.tgz 0ms (cache hit)
2835 http cache three@https://registry.npmjs.org/three/-/three-0.160.1.tgz 0ms (cache hit)
2836 http cache @babel/runtime@https://registry.npmjs.org/@babel/runtime/-/runtime-7.29.2.tgz 0ms (cache hit)
2837 http cache tailwindcss@https://registry.npmjs.org/tailwindcss/-/tailwindcss-4.2.2.tgz 0ms (cache hit)
2838 http cache react-dom@https://registry.npmjs.org/react-dom/-/react-dom-19.0.0.tgz 0ms (cache hit)
2839 http cache react@https://registry.npmjs.org/react/-/react-19.0.0.tgz 0ms (cache hit)
2840 http cache next@https://registry.npmjs.org/next/-/next-15.1.0.tgz 0ms (cache hit)
2841 http cache eslint@https://registry.npmjs.org/eslint/-/eslint-9.39.4.tgz 0ms (cache hit)
2842 http cache @types/three@https://registry.npmjs.org/@types/three/-/three-0.160.0.tgz 0ms (cache hit)
2843 http cache eslint-config-next@https://registry.npmjs.org/eslint-config-next/-/eslint-config-next-15.1.0.tgz 0ms (cache hit)
2844 http cache postcss@https://registry.npmjs.org/postcss/-/postcss-8.5.8.tgz 0ms (cache hit)
2845 http cache lucide-react@https://registry.npmjs.org/lucide-react/-/lucide-react-0.312.0.tgz 0ms (cache hit)
2846 http cache @types/react-dom@https://registry.npmjs.org/@types/react-dom/-/react-dom-19.2.3.tgz 0ms (cache hit)
2847 http cache @tailwindcss/postcss@https://registry.npmjs.org/@tailwindcss/postcss/-/postcss-4.2.2.tgz 0ms (cache hit)
2848 http cache @types/node@https://registry.npmjs.org/@types/node/-/node-20.19.39.tgz 0ms (cache hit)
2849 http cache semver@https://registry.npmjs.org/semver/-/semver-6.3.1.tgz 0ms (cache hit)
2850 http cache @types/react@https://registry.npmjs.org/@types/react/-/react-19.2.14.tgz 0ms (cache hit)
2851 http cache picomatch@https://registry.npmjs.org/picomatch/-/picomatch-4.0.4.tgz 0ms (cache hit)
2852 http cache @react-three/drei@https://registry.npmjs.org/@react-three/drei/-/drei-10.7.7.tgz 0ms (cache hit)
2853 http cache debug@https://registry.npmjs.org/debug/-/debug-3.2.7.tgz 0ms (cache hit)
2854 http cache @react-three/fiber@https://registry.npmjs.org/@react-three/fiber/-/fiber-9.5.0.tgz 0ms (cache hit)
2855 http cache glob-parent@https://registry.npmjs.org/glob-parent/-/glob-parent-5.1.2.tgz 0ms (cache hit)
2856 http cache minimatch@https://registry.npmjs.org/minimatch/-/minimatch-10.2.5.tgz 0ms (cache hit)
2857 http cache eslint-visitor-keys@https://registry.npmjs.org/eslint-visitor-keys/-/eslint-visitor-keys-5.0.1.tgz 0ms (cache hit)
2858 http cache semver@https://registry.npmjs.org/semver/-/semver-6.3.1.tgz 0ms (cache hit)
2859 http cache brace-expansion@https://registry.npmjs.org/brace-expansion/-/brace-expansion-5.0.5.tgz 0ms (cache hit)
2860 http cache semver@https://registry.npmjs.org/semver/-/semver-6.3.1.tgz 0ms (cache hit)
2861 http cache three@https://registry.npmjs.org/three/-/three-0.170.0.tgz 0ms (cache hit)
2862 http cache debug@https://registry.npmjs.org/debug/-/debug-3.2.7.tgz 0ms (cache hit)
2863 http cache debug@https://registry.npmjs.org/debug/-/debug-3.2.7.tgz 0ms (cache hit)
2864 http cache scheduler@https://registry.npmjs.org/scheduler/-/scheduler-0.25.0.tgz 0ms (cache hit)
2865 http cache ignore@https://registry.npmjs.org/ignore/-/ignore-7.0.5.tgz 0ms (cache hit)
2866 http cache balanced-match@https://registry.npmjs.org/balanced-match/-/balanced-match-4.0.4.tgz 0ms (cache hit)
2867 silly tarball no local data for is-weakset@https://registry.npmjs.org/is-weakset/-/is-weakset-2.0.4.tgz. Extracting by manifest.
2868 silly tarball no local data for is-weakmap@https://registry.npmjs.org/is-weakmap/-/is-weakmap-2.0.2.tgz. Extracting by manifest.
2869 http cache eslint-visitor-keys@https://registry.npmjs.org/eslint-visitor-keys/-/eslint-visitor-keys-3.4.3.tgz 0ms (cache hit)
2870 silly tarball no local data for is-map@https://registry.npmjs.org/is-map/-/is-map-2.0.3.tgz. Extracting by manifest.
2871 http cache zustand@https://registry.npmjs.org/zustand/-/zustand-4.5.7.tgz 0ms (cache hit)
2872 http cache postcss@https://registry.npmjs.org/postcss/-/postcss-8.4.31.tgz 0ms (cache hit)
2873 silly tarball no local data for async-function@https://registry.npmjs.org/async-function/-/async-function-1.0.0.tgz. Extracting by manifest.
2874 silly tarball no local data for generator-function@https://registry.npmjs.org/generator-function/-/generator-function-2.0.1.tgz. Extracting by manifest.
2875 silly tarball no local data for which-collection@https://registry.npmjs.org/which-collection/-/which-collection-1.0.2.tgz. Extracting by manifest.
2876 silly tarball no local data for is-generator-function@https://registry.npmjs.org/is-generator-function/-/is-generator-function-1.1.2.tgz. Extracting by manifest.
2877 silly tarball no local data for is-boolean-object@https://registry.npmjs.org/is-boolean-object/-/is-boolean-object-1.2.2.tgz. Extracting by manifest.
2878 silly tarball no local data for punycode@https://registry.npmjs.org/punycode/-/punycode-2.3.1.tgz. Extracting by manifest.
2879 silly tarball no local data for is-async-function@https://registry.npmjs.org/is-async-function/-/is-async-function-2.1.1.tgz. Extracting by manifest.
2880 silly tarball no local data for isexe@https://registry.npmjs.org/isexe/-/isexe-2.0.0.tgz. Extracting by manifest.
2881 silly tarball no local data for is-bigint@https://registry.npmjs.org/is-bigint/-/is-bigint-1.1.0.tgz. Extracting by manifest.
2882 silly tarball no local data for is-number-object@https://registry.npmjs.org/is-number-object/-/is-number-object-1.1.1.tgz. Extracting by manifest.
2883 silly tarball no local data for napi-postinstall@https://registry.npmjs.org/napi-postinstall/-/napi-postinstall-0.3.4.tgz. Extracting by manifest.
2884 silly tarball no local data for is-finalizationregistry@https://registry.npmjs.org/is-finalizationregistry/-/is-finalizationregistry-1.1.1.tgz. Extracting by manifest.
2885 silly tarball no local data for which-boxed-primitive@https://registry.npmjs.org/which-boxed-primitive/-/which-boxed-primitive-1.1.1.tgz. Extracting by manifest.
2886 silly tarball no local data for @unrs/resolver-binding-darwin-arm64@https://registry.npmjs.org/@unrs/resolver-binding-darwin-arm64/-/resolver-binding-darwin-arm64-1.11.1.tgz. Extracting by manifest.
2887 silly tarball no local data for @emnapi/wasi-threads@https://registry.npmjs.org/@emnapi/wasi-threads/-/wasi-threads-1.2.1.tgz. Extracting by manifest.
2888 silly tarball no local data for @napi-rs/wasm-runtime@https://registry.npmjs.org/@napi-rs/wasm-runtime/-/wasm-runtime-0.2.12.tgz. Extracting by manifest.
2889 silly tarball no local data for has-bigints@https://registry.npmjs.org/has-bigints/-/has-bigints-1.1.0.tgz. Extracting by manifest.
2890 silly tarball no local data for which-builtin-type@https://registry.npmjs.org/which-builtin-type/-/which-builtin-type-1.2.1.tgz. Extracting by manifest.
2891 silly tarball no local data for strip-bom@https://registry.npmjs.org/strip-bom/-/strip-bom-3.0.0.tgz. Extracting by manifest.
2892 silly tarball no local data for json5@https://registry.npmjs.org/json5/-/json5-1.0.2.tgz. Extracting by manifest.
2893 silly tarball no local data for @types/json5@https://registry.npmjs.org/@types/json5/-/json5-0.0.29.tgz. Extracting by manifest.
2894 silly tarball no local data for reflect.getprototypeof@https://registry.npmjs.org/reflect.getprototypeof/-/reflect.getprototypeof-1.0.10.tgz. Extracting by manifest.
2895 silly tarball no local data for require-from-string@https://registry.npmjs.org/require-from-string/-/require-from-string-2.0.2.tgz. Extracting by manifest.
2896 silly tarball no local data for minimist@https://registry.npmjs.org/minimist/-/minimist-1.2.8.tgz. Extracting by manifest.
2897 silly tarball no local data for webgl-sdf-generator@https://registry.npmjs.org/webgl-sdf-generator/-/webgl-sdf-generator-1.1.1.tgz. Extracting by manifest.
2898 silly tarball no local data for troika-worker-utils@https://registry.npmjs.org/troika-worker-utils/-/troika-worker-utils-0.52.0.tgz. Extracting by manifest.
2899 silly tarball no local data for for-each@https://registry.npmjs.org/for-each/-/for-each-0.3.5.tgz. Extracting by manifest.
2900 silly tarball no local data for bidi-js@https://registry.npmjs.org/bidi-js/-/bidi-js-1.0.3.tgz. Extracting by manifest.
2901 silly tarball no local data for is-number@https://registry.npmjs.org/is-number/-/is-number-7.0.0.tgz. Extracting by manifest.
2902 silly tarball no local data for potpack@https://registry.npmjs.org/potpack/-/potpack-1.0.2.tgz. Extracting by manifest.
2903 silly tarball no local data for draco3d@https://registry.npmjs.org/draco3d/-/draco3d-1.5.7.tgz. Extracting by manifest.
2904 silly tarball no local data for fdir@https://registry.npmjs.org/fdir/-/fdir-6.5.0.tgz. Extracting by manifest.
2905 silly tarball no local data for @types/offscreencanvas@https://registry.npmjs.org/@types/offscreencanvas/-/offscreencanvas-2019.7.3.tgz. Extracting by manifest.
2906 silly tarball no local data for @types/draco3d@https://registry.npmjs.org/@types/draco3d/-/draco3d-1.4.10.tgz. Extracting by manifest.
2907 silly tarball no local data for troika-three-utils@https://registry.npmjs.org/troika-three-utils/-/troika-three-utils-0.52.4.tgz. Extracting by manifest.
2908 silly tarball no local data for has-flag@https://registry.npmjs.org/has-flag/-/has-flag-4.0.0.tgz. Extracting by manifest.
2909 silly tarball no local data for client-only@https://registry.npmjs.org/client-only/-/client-only-0.0.1.tgz. Extracting by manifest.
2910 silly tarball no local data for is-arrayish@https://registry.npmjs.org/is-arrayish/-/is-arrayish-0.3.4.tgz. Extracting by manifest.
2911 silly tarball no local data for side-channel-weakmap@https://registry.npmjs.org/side-channel-weakmap/-/side-channel-weakmap-1.0.2.tgz. Extracting by manifest.
2912 silly tarball no local data for side-channel-map@https://registry.npmjs.org/side-channel-map/-/side-channel-map-1.0.1.tgz. Extracting by manifest.
2913 silly tarball no local data for shebang-regex@https://registry.npmjs.org/shebang-regex/-/shebang-regex-3.0.0.tgz. Extracting by manifest.
2914 silly tarball no local data for color-string@https://registry.npmjs.org/color-string/-/color-string-1.9.1.tgz. Extracting by manifest.
2915 silly tarball no local data for simple-swizzle@https://registry.npmjs.org/simple-swizzle/-/simple-swizzle-0.2.4.tgz. Extracting by manifest.
2916 silly tarball no local data for @emnapi/runtime@https://registry.npmjs.org/@emnapi/runtime/-/runtime-1.9.2.tgz. Extracting by manifest.
2917 silly tarball no local data for color@https://registry.npmjs.org/color/-/color-4.2.3.tgz. Extracting by manifest.
2918 silly tarball no local data for side-channel-list@https://registry.npmjs.org/side-channel-list/-/side-channel-list-1.0.0.tgz. Extracting by manifest.
2919 silly tarball no local data for @img/sharp-darwin-arm64@https://registry.npmjs.org/@img/sharp-darwin-arm64/-/sharp-darwin-arm64-0.33.5.tgz. Extracting by manifest.
2920 silly tarball no local data for @img/sharp-libvips-darwin-arm64@https://registry.npmjs.org/@img/sharp-libvips-darwin-arm64/-/sharp-libvips-darwin-arm64-1.0.4.tgz. Extracting by manifest.
2921 silly tarball no local data for isarray@https://registry.npmjs.org/isarray/-/isarray-2.0.5.tgz. Extracting by manifest.
2922 silly tarball no local data for queue-microtask@https://registry.npmjs.org/queue-microtask/-/queue-microtask-1.2.3.tgz. Extracting by manifest.
2923 silly tarball no local data for @tybys/wasm-util@https://registry.npmjs.org/@tybys/wasm-util/-/wasm-util-0.10.1.tgz. Extracting by manifest.
2924 silly tarball no local data for supports-preserve-symlinks-flag@https://registry.npmjs.org/supports-preserve-symlinks-flag/-/supports-preserve-symlinks-flag-1.0.0.tgz. Extracting by manifest.
2925 silly tarball no local data for path-parse@https://registry.npmjs.org/path-parse/-/path-parse-1.0.7.tgz. Extracting by manifest.
2926 silly tarball no local data for node-exports-info@https://registry.npmjs.org/node-exports-info/-/node-exports-info-1.6.0.tgz. Extracting by manifest.
2927 silly tarball no local data for js-tokens@https://registry.npmjs.org/js-tokens/-/js-tokens-4.0.0.tgz. Extracting by manifest.
2928 silly tarball no local data for react-is@https://registry.npmjs.org/react-is/-/react-is-16.13.1.tgz. Extracting by manifest.
2929 silly tarball no local data for immediate@https://registry.npmjs.org/immediate/-/immediate-3.0.6.tgz. Extracting by manifest.
2930 silly tarball no local data for object-assign@https://registry.npmjs.org/object-assign/-/object-assign-4.1.1.tgz. Extracting by manifest.
2931 silly tarball no local data for lie@https://registry.npmjs.org/lie/-/lie-3.3.0.tgz. Extracting by manifest.
2932 silly tarball no local data for loose-envify@https://registry.npmjs.org/loose-envify/-/loose-envify-1.4.0.tgz. Extracting by manifest.
2933 silly tarball no local data for nanoid@https://registry.npmjs.org/nanoid/-/nanoid-3.3.11.tgz. Extracting by manifest.
2934 silly tarball no local data for picocolors@https://registry.npmjs.org/picocolors/-/picocolors-1.1.1.tgz. Extracting by manifest.
2935 silly tarball no local data for callsites@https://registry.npmjs.org/callsites/-/callsites-3.1.0.tgz. Extracting by manifest.
2936 silly tarball no local data for yocto-queue@https://registry.npmjs.org/yocto-queue/-/yocto-queue-0.1.0.tgz. Extracting by manifest.
2937 silly tarball no local data for p-limit@https://registry.npmjs.org/p-limit/-/p-limit-3.1.0.tgz. Extracting by manifest.
2938 silly tarball no local data for is-promise@https://registry.npmjs.org/is-promise/-/is-promise-2.2.2.tgz. Extracting by manifest.
2939 silly tarball no local data for word-wrap@https://registry.npmjs.org/word-wrap/-/word-wrap-1.2.5.tgz. Extracting by manifest.
2940 silly tarball no local data for fast-levenshtein@https://registry.npmjs.org/fast-levenshtein/-/fast-levenshtein-2.0.6.tgz. Extracting by manifest.
2941 silly tarball no local data for @emnapi/core@https://registry.npmjs.org/@emnapi/core/-/core-1.9.2.tgz. Extracting by manifest.
2942 silly tarball no local data for deep-is@https://registry.npmjs.org/deep-is/-/deep-is-0.1.4.tgz. Extracting by manifest.
2943 silly tarball no local data for tslib@https://registry.npmjs.org/tslib/-/tslib-2.8.1.tgz. Extracting by manifest.
2944 silly tarball no local data for styled-jsx@https://registry.npmjs.org/styled-jsx/-/styled-jsx-5.1.6.tgz. Extracting by manifest.
2945 silly tarball no local data for sharp@https://registry.npmjs.org/sharp/-/sharp-0.33.5.tgz. Extracting by manifest.
2946 silly tarball no local data for busboy@https://registry.npmjs.org/busboy/-/busboy-1.6.0.tgz. Extracting by manifest.
2947 silly tarball no local data for @swc/helpers@https://registry.npmjs.org/@swc/helpers/-/helpers-0.5.15.tgz. Extracting by manifest.
2948 silly tarball no local data for @next/swc-darwin-arm64@https://registry.npmjs.org/@next/swc-darwin-arm64/-/swc-darwin-arm64-15.1.0.tgz. Extracting by manifest.
2949 silly tarball no local data for @swc/counter@https://registry.npmjs.org/@swc/counter/-/counter-0.1.3.tgz. Extracting by manifest.
2950 silly tarball no local data for caniuse-lite@https://registry.npmjs.org/caniuse-lite/-/caniuse-lite-1.0.30001784.tgz. Extracting by manifest.
2951 silly tarball no local data for concat-map@https://registry.npmjs.org/concat-map/-/concat-map-0.0.1.tgz. Extracting by manifest.
2952 silly tarball no local data for balanced-match@https://registry.npmjs.org/balanced-match/-/balanced-match-1.0.2.tgz. Extracting by manifest.
2953 silly tarball no local data for brace-expansion@https://registry.npmjs.org/brace-expansion/-/brace-expansion-1.1.13.tgz. Extracting by manifest.
2954 silly tarball no local data for @next/env@https://registry.npmjs.org/@next/env/-/env-15.1.0.tgz. Extracting by manifest.
2955 silly tarball no local data for fill-range@https://registry.npmjs.org/fill-range/-/fill-range-7.1.1.tgz. Extracting by manifest.
2956 silly tarball no local data for braces@https://registry.npmjs.org/braces/-/braces-3.0.3.tgz. Extracting by manifest.
2957 silly tarball no local data for to-regex-range@https://registry.npmjs.org/to-regex-range/-/to-regex-range-5.0.1.tgz. Extracting by manifest.
2958 silly tarball no local data for lightningcss-darwin-arm64@https://registry.npmjs.org/lightningcss-darwin-arm64/-/lightningcss-darwin-arm64-1.32.0.tgz. Extracting by manifest.
2959 silly tarball no local data for p-locate@https://registry.npmjs.org/p-locate/-/p-locate-5.0.0.tgz. Extracting by manifest.
2960 silly tarball no local data for detect-libc@https://registry.npmjs.org/detect-libc/-/detect-libc-2.1.2.tgz. Extracting by manifest.
2961 silly tarball no local data for type-check@https://registry.npmjs.org/type-check/-/type-check-0.4.0.tgz. Extracting by manifest.
2962 silly tarball no local data for json-buffer@https://registry.npmjs.org/json-buffer/-/json-buffer-3.0.1.tgz. Extracting by manifest.
2963 silly tarball no local data for picomatch@https://registry.npmjs.org/picomatch/-/picomatch-2.3.2.tgz. Extracting by manifest.
2964 silly tarball no local data for argparse@https://registry.npmjs.org/argparse/-/argparse-2.0.1.tgz. Extracting by manifest.
2965 silly tarball no local data for language-subtag-registry@https://registry.npmjs.org/language-subtag-registry/-/language-subtag-registry-0.3.23.tgz. Extracting by manifest.
2966 silly tarball no local data for @types/react-reconciler@https://registry.npmjs.org/@types/react-reconciler/-/react-reconciler-0.28.9.tgz. Extracting by manifest.
2967 silly tarball no local data for prelude-ls@https://registry.npmjs.org/prelude-ls/-/prelude-ls-1.2.1.tgz. Extracting by manifest.
2968 silly tarball no local data for set-function-name@https://registry.npmjs.org/set-function-name/-/set-function-name-2.0.2.tgz. Extracting by manifest.
2969 silly tarball no local data for resolve-from@https://registry.npmjs.org/resolve-from/-/resolve-from-4.0.0.tgz. Extracting by manifest.
2970 silly tarball no local data for parent-module@https://registry.npmjs.org/parent-module/-/parent-module-1.0.1.tgz. Extracting by manifest.
2971 silly tarball no local data for is-extglob@https://registry.npmjs.org/is-extglob/-/is-extglob-2.1.1.tgz. Extracting by manifest.
2972 silly tarball no local data for side-channel@https://registry.npmjs.org/side-channel/-/side-channel-1.1.0.tgz. Extracting by manifest.
2973 silly tarball no local data for streamsearch@https://registry.npmjs.org/streamsearch/-/streamsearch-1.1.0.tgz. Extracting by manifest.
2974 silly tarball no local data for dunder-proto@https://registry.npmjs.org/dunder-proto/-/dunder-proto-1.0.1.tgz. Extracting by manifest.
2975 silly tarball no local data for resolve-pkg-maps@https://registry.npmjs.org/resolve-pkg-maps/-/resolve-pkg-maps-1.0.0.tgz. Extracting by manifest.
2976 silly tarball no local data for flatted@https://registry.npmjs.org/flatted/-/flatted-3.4.2.tgz. Extracting by manifest.
2977 silly tarball no local data for keyv@https://registry.npmjs.org/keyv/-/keyv-4.5.4.tgz. Extracting by manifest.
2978 silly tarball no local data for path-exists@https://registry.npmjs.org/path-exists/-/path-exists-4.0.0.tgz. Extracting by manifest.
2979 silly tarball no local data for flat-cache@https://registry.npmjs.org/flat-cache/-/flat-cache-4.0.1.tgz. Extracting by manifest.
2980 silly tarball no local data for functions-have-names@https://registry.npmjs.org/functions-have-names/-/functions-have-names-1.2.3.tgz. Extracting by manifest.
2981 silly tarball no local data for reusify@https://registry.npmjs.org/reusify/-/reusify-1.1.0.tgz. Extracting by manifest.
2982 silly tarball no local data for locate-path@https://registry.npmjs.org/locate-path/-/locate-path-6.0.0.tgz. Extracting by manifest.
2983 silly tarball no local data for fastq@https://registry.npmjs.org/fastq/-/fastq-1.20.1.tgz. Extracting by manifest.
2984 silly tarball no local data for @nodelib/fs.scandir@https://registry.npmjs.org/@nodelib/fs.scandir/-/fs.scandir-2.1.5.tgz. Extracting by manifest.
2985 silly tarball no local data for @nodelib/fs.stat@https://registry.npmjs.org/@nodelib/fs.stat/-/fs.stat-2.0.5.tgz. Extracting by manifest.
2986 silly tarball no local data for micromatch@https://registry.npmjs.org/micromatch/-/micromatch-4.0.8.tgz. Extracting by manifest.
2987 silly tarball no local data for @nodelib/fs.walk@https://registry.npmjs.org/@nodelib/fs.walk/-/fs.walk-1.2.8.tgz. Extracting by manifest.
2988 silly tarball no local data for merge2@https://registry.npmjs.org/merge2/-/merge2-1.4.1.tgz. Extracting by manifest.
2989 silly tarball no local data for acorn-jsx@https://registry.npmjs.org/acorn-jsx/-/acorn-jsx-5.3.2.tgz. Extracting by manifest.
2990 silly tarball no local data for acorn@https://registry.npmjs.org/acorn/-/acorn-8.16.0.tgz. Extracting by manifest.
2991 silly tarball no local data for iterator.prototype@https://registry.npmjs.org/iterator.prototype/-/iterator.prototype-1.1.5.tgz. Extracting by manifest.
2992 silly tarball no local data for string.prototype.repeat@https://registry.npmjs.org/string.prototype.repeat/-/string.prototype.repeat-1.0.0.tgz. Extracting by manifest.
2993 silly tarball no local data for string.prototype.matchall@https://registry.npmjs.org/string.prototype.matchall/-/string.prototype.matchall-4.0.12.tgz. Extracting by manifest.
2994 silly tarball no local data for object.entries@https://registry.npmjs.org/object.entries/-/object.entries-1.1.9.tgz. Extracting by manifest.
2995 silly tarball no local data for run-parallel@https://registry.npmjs.org/run-parallel/-/run-parallel-1.2.0.tgz. Extracting by manifest.
2996 silly tarball no local data for array.prototype.tosorted@https://registry.npmjs.org/array.prototype.tosorted/-/array.prototype.tosorted-1.1.4.tgz. Extracting by manifest.
2997 silly tarball no local data for estraverse@https://registry.npmjs.org/estraverse/-/estraverse-5.3.0.tgz. Extracting by manifest.
2998 silly tarball no local data for esrecurse@https://registry.npmjs.org/esrecurse/-/esrecurse-4.3.0.tgz. Extracting by manifest.
2999 silly tarball no local data for prop-types@https://registry.npmjs.org/prop-types/-/prop-types-15.8.1.tgz. Extracting by manifest.
3000 silly tarball no local data for string.prototype.includes@https://registry.npmjs.org/string.prototype.includes/-/string.prototype.includes-2.0.1.tgz. Extracting by manifest.
3001 silly tarball no local data for language-tags@https://registry.npmjs.org/language-tags/-/language-tags-1.0.9.tgz. Extracting by manifest.
3002 silly tarball no local data for jsx-ast-utils@https://registry.npmjs.org/jsx-ast-utils/-/jsx-ast-utils-3.3.5.tgz. Extracting by manifest.
3003 silly tarball no local data for emoji-regex@https://registry.npmjs.org/emoji-regex/-/emoji-regex-9.2.2.tgz. Extracting by manifest.
3004 silly tarball no local data for damerau-levenshtein@https://registry.npmjs.org/damerau-levenshtein/-/damerau-levenshtein-1.0.8.tgz. Extracting by manifest.
3005 silly tarball no local data for axobject-query@https://registry.npmjs.org/axobject-query/-/axobject-query-4.1.0.tgz. Extracting by manifest.
3006 silly tarball no local data for axe-core@https://registry.npmjs.org/axe-core/-/axe-core-4.11.2.tgz. Extracting by manifest.
3007 silly tarball no local data for ast-types-flow@https://registry.npmjs.org/ast-types-flow/-/ast-types-flow-0.0.8.tgz. Extracting by manifest.
3008 silly tarball no local data for aria-query@https://registry.npmjs.org/aria-query/-/aria-query-5.3.2.tgz. Extracting by manifest.
3009 silly tarball no local data for is-symbol@https://registry.npmjs.org/is-symbol/-/is-symbol-1.1.1.tgz. Extracting by manifest.
3010 silly tarball no local data for is-date-object@https://registry.npmjs.org/is-date-object/-/is-date-object-1.1.0.tgz. Extracting by manifest.
3011 silly tarball no local data for es-iterator-helpers@https://registry.npmjs.org/es-iterator-helpers/-/es-iterator-helpers-1.3.1.tgz. Extracting by manifest.
3012 silly tarball no local data for has-tostringtag@https://registry.npmjs.org/has-tostringtag/-/has-tostringtag-1.0.2.tgz. Extracting by manifest.
3013 silly tarball no local data for which-typed-array@https://registry.npmjs.org/which-typed-array/-/which-typed-array-1.1.20.tgz. Extracting by manifest.
3014 silly tarball no local data for possible-typed-array-names@https://registry.npmjs.org/possible-typed-array-names/-/possible-typed-array-names-1.1.0.tgz. Extracting by manifest.
3015 silly tarball no local data for unbox-primitive@https://registry.npmjs.org/unbox-primitive/-/unbox-primitive-1.1.0.tgz. Extracting by manifest.
3016 silly tarball no local data for typed-array-length@https://registry.npmjs.org/typed-array-length/-/typed-array-length-1.0.7.tgz. Extracting by manifest.
3017 silly tarball no local data for typed-array-byte-offset@https://registry.npmjs.org/typed-array-byte-offset/-/typed-array-byte-offset-1.0.4.tgz. Extracting by manifest.
3018 silly tarball no local data for typed-array-byte-length@https://registry.npmjs.org/typed-array-byte-length/-/typed-array-byte-length-1.0.3.tgz. Extracting by manifest.
3019 silly tarball no local data for typed-array-buffer@https://registry.npmjs.org/typed-array-buffer/-/typed-array-buffer-1.0.3.tgz. Extracting by manifest.
3020 silly tarball no local data for array.prototype.findlast@https://registry.npmjs.org/array.prototype.findlast/-/array.prototype.findlast-1.2.5.tgz. Extracting by manifest.
3021 silly tarball no local data for string.prototype.trimstart@https://registry.npmjs.org/string.prototype.trimstart/-/string.prototype.trimstart-1.0.8.tgz. Extracting by manifest.
3022 silly tarball no local data for string.prototype.trim@https://registry.npmjs.org/string.prototype.trim/-/string.prototype.trim-1.2.10.tgz. Extracting by manifest.
3023 silly tarball no local data for safe-regex-test@https://registry.npmjs.org/safe-regex-test/-/safe-regex-test-1.1.0.tgz. Extracting by manifest.
3024 silly tarball no local data for stop-iteration-iterator@https://registry.npmjs.org/stop-iteration-iterator/-/stop-iteration-iterator-1.1.0.tgz. Extracting by manifest.
3025 silly tarball no local data for safe-array-concat@https://registry.npmjs.org/safe-array-concat/-/safe-array-concat-1.1.3.tgz. Extracting by manifest.
3026 silly tarball no local data for set-proto@https://registry.npmjs.org/set-proto/-/set-proto-1.0.0.tgz. Extracting by manifest.
3027 silly tarball no local data for safe-push-apply@https://registry.npmjs.org/safe-push-apply/-/safe-push-apply-1.0.0.tgz. Extracting by manifest.
3028 silly tarball no local data for own-keys@https://registry.npmjs.org/own-keys/-/own-keys-1.0.1.tgz. Extracting by manifest.
3029 silly tarball no local data for object.assign@https://registry.npmjs.org/object.assign/-/object.assign-4.1.7.tgz. Extracting by manifest.
3030 silly tarball no local data for object-inspect@https://registry.npmjs.org/object-inspect/-/object-inspect-1.13.4.tgz. Extracting by manifest.
3031 silly tarball no local data for is-shared-array-buffer@https://registry.npmjs.org/is-shared-array-buffer/-/is-shared-array-buffer-1.0.4.tgz. Extracting by manifest.
3032 silly tarball no local data for is-weakref@https://registry.npmjs.org/is-weakref/-/is-weakref-1.1.1.tgz. Extracting by manifest.
3033 silly tarball no local data for is-set@https://registry.npmjs.org/is-set/-/is-set-2.0.3.tgz. Extracting by manifest.
3034 silly tarball no local data for is-negative-zero@https://registry.npmjs.org/is-negative-zero/-/is-negative-zero-2.0.3.tgz. Extracting by manifest.
3035 silly tarball no local data for is-typed-array@https://registry.npmjs.org/is-typed-array/-/is-typed-array-1.1.15.tgz. Extracting by manifest.
3036 silly tarball no local data for is-data-view@https://registry.npmjs.org/is-data-view/-/is-data-view-1.0.2.tgz. Extracting by manifest.
3037 silly tarball no local data for has-symbols@https://registry.npmjs.org/has-symbols/-/has-symbols-1.1.0.tgz. Extracting by manifest.
3038 silly tarball no local data for has-proto@https://registry.npmjs.org/has-proto/-/has-proto-1.2.0.tgz. Extracting by manifest.
3039 silly tarball no local data for internal-slot@https://registry.npmjs.org/internal-slot/-/internal-slot-1.1.0.tgz. Extracting by manifest.
3040 silly tarball no local data for get-symbol-description@https://registry.npmjs.org/get-symbol-description/-/get-symbol-description-1.1.0.tgz. Extracting by manifest.
3041 silly tarball no local data for is-array-buffer@https://registry.npmjs.org/is-array-buffer/-/is-array-buffer-3.0.5.tgz. Extracting by manifest.
3042 silly tarball no local data for globalthis@https://registry.npmjs.org/globalthis/-/globalthis-1.0.4.tgz. Extracting by manifest.
3043 silly tarball no local data for es-to-primitive@https://registry.npmjs.org/es-to-primitive/-/es-to-primitive-1.3.0.tgz. Extracting by manifest.
3044 silly tarball no local data for data-view-byte-offset@https://registry.npmjs.org/data-view-byte-offset/-/data-view-byte-offset-1.0.1.tgz. Extracting by manifest.
3045 silly tarball no local data for es-set-tostringtag@https://registry.npmjs.org/es-set-tostringtag/-/es-set-tostringtag-2.1.0.tgz. Extracting by manifest.
3046 silly tarball no local data for get-proto@https://registry.npmjs.org/get-proto/-/get-proto-1.0.1.tgz. Extracting by manifest.
3047 silly tarball no local data for function.prototype.name@https://registry.npmjs.org/function.prototype.name/-/function.prototype.name-1.1.8.tgz. Extracting by manifest.
3048 silly tarball no local data for data-view-byte-length@https://registry.npmjs.org/data-view-byte-length/-/data-view-byte-length-1.0.2.tgz. Extracting by manifest.
3049 silly tarball no local data for data-view-buffer@https://registry.npmjs.org/data-view-buffer/-/data-view-buffer-1.0.2.tgz. Extracting by manifest.
3050 silly tarball no local data for is-regex@https://registry.npmjs.org/is-regex/-/is-regex-1.2.1.tgz. Extracting by manifest.
3051 silly tarball no local data for arraybuffer.prototype.slice@https://registry.npmjs.org/arraybuffer.prototype.slice/-/arraybuffer.prototype.slice-1.0.4.tgz. Extracting by manifest.
3052 silly tarball no local data for available-typed-arrays@https://registry.npmjs.org/available-typed-arrays/-/available-typed-arrays-1.0.7.tgz. Extracting by manifest.
3053 silly tarball no local data for array-buffer-byte-length@https://registry.npmjs.org/array-buffer-byte-length/-/array-buffer-byte-length-1.0.2.tgz. Extracting by manifest.
3054 silly tarball no local data for object-keys@https://registry.npmjs.org/object-keys/-/object-keys-1.1.1.tgz. Extracting by manifest.
3055 silly tarball no local data for gopd@https://registry.npmjs.org/gopd/-/gopd-1.2.0.tgz. Extracting by manifest.
3056 silly tarball no local data for function-bind@https://registry.npmjs.org/function-bind/-/function-bind-1.1.2.tgz. Extracting by manifest.
3057 silly tarball no local data for has-property-descriptors@https://registry.npmjs.org/has-property-descriptors/-/has-property-descriptors-1.0.2.tgz. Extracting by manifest.
3058 silly tarball no local data for is-callable@https://registry.npmjs.org/is-callable/-/is-callable-1.2.7.tgz. Extracting by manifest.
3059 silly tarball no local data for define-data-property@https://registry.npmjs.org/define-data-property/-/define-data-property-1.1.4.tgz. Extracting by manifest.
3060 silly tarball no local data for set-function-length@https://registry.npmjs.org/set-function-length/-/set-function-length-1.2.2.tgz. Extracting by manifest.
3061 silly tarball no local data for es-define-property@https://registry.npmjs.org/es-define-property/-/es-define-property-1.0.1.tgz. Extracting by manifest.
3062 silly tarball no local data for regexp.prototype.flags@https://registry.npmjs.org/regexp.prototype.flags/-/regexp.prototype.flags-1.5.4.tgz. Extracting by manifest.
3063 silly tarball no local data for is-string@https://registry.npmjs.org/is-string/-/is-string-1.1.1.tgz. Extracting by manifest.
3064 silly tarball no local data for call-bind-apply-helpers@https://registry.npmjs.org/call-bind-apply-helpers/-/call-bind-apply-helpers-1.0.2.tgz. Extracting by manifest.
3065 silly tarball no local data for es-errors@https://registry.npmjs.org/es-errors/-/es-errors-1.3.0.tgz. Extracting by manifest.
3066 silly tarball no local data for math-intrinsics@https://registry.npmjs.org/math-intrinsics/-/math-intrinsics-1.1.0.tgz. Extracting by manifest.
3067 silly tarball no local data for get-intrinsic@https://registry.npmjs.org/get-intrinsic/-/get-intrinsic-1.3.0.tgz. Extracting by manifest.
3068 silly tarball no local data for es-object-atoms@https://registry.npmjs.org/es-object-atoms/-/es-object-atoms-1.1.1.tgz. Extracting by manifest.
3069 silly tarball no local data for call-bound@https://registry.npmjs.org/call-bound/-/call-bound-1.0.4.tgz. Extracting by manifest.
3070 silly tarball no local data for es-abstract@https://registry.npmjs.org/es-abstract/-/es-abstract-1.24.1.tgz. Extracting by manifest.
3071 silly tarball no local data for es-shim-unscopables@https://registry.npmjs.org/es-shim-unscopables/-/es-shim-unscopables-1.1.0.tgz. Extracting by manifest.
3072 silly tarball no local data for define-properties@https://registry.npmjs.org/define-properties/-/define-properties-1.2.1.tgz. Extracting by manifest.
3073 silly tarball no local data for tsconfig-paths@https://registry.npmjs.org/tsconfig-paths/-/tsconfig-paths-3.15.0.tgz. Extracting by manifest.
3074 silly tarball no local data for call-bind@https://registry.npmjs.org/call-bind/-/call-bind-1.0.8.tgz. Extracting by manifest.
3075 silly tarball no local data for object.fromentries@https://registry.npmjs.org/object.fromentries/-/object.fromentries-2.0.8.tgz. Extracting by manifest.
3076 silly tarball no local data for object.values@https://registry.npmjs.org/object.values/-/object.values-1.2.1.tgz. Extracting by manifest.
3077 silly tarball no local data for hasown@https://registry.npmjs.org/hasown/-/hasown-2.0.2.tgz. Extracting by manifest.
3078 silly tarball no local data for doctrine@https://registry.npmjs.org/doctrine/-/doctrine-2.1.0.tgz. Extracting by manifest.
3079 silly tarball no local data for eslint-module-utils@https://registry.npmjs.org/eslint-module-utils/-/eslint-module-utils-2.12.1.tgz. Extracting by manifest.
3080 silly tarball no local data for array.prototype.flat@https://registry.npmjs.org/array.prototype.flat/-/array.prototype.flat-1.3.3.tgz. Extracting by manifest.
3081 silly tarball no local data for array.prototype.flatmap@https://registry.npmjs.org/array.prototype.flatmap/-/array.prototype.flatmap-1.3.3.tgz. Extracting by manifest.
3082 silly tarball no local data for object.groupby@https://registry.npmjs.org/object.groupby/-/object.groupby-1.0.3.tgz. Extracting by manifest.
3083 silly tarball no local data for array.prototype.findlastindex@https://registry.npmjs.org/array.prototype.findlastindex/-/array.prototype.findlastindex-1.2.6.tgz. Extracting by manifest.
3084 silly tarball no local data for array-includes@https://registry.npmjs.org/array-includes/-/array-includes-3.1.9.tgz. Extracting by manifest.
3085 silly tarball no local data for unrs-resolver@https://registry.npmjs.org/unrs-resolver/-/unrs-resolver-1.11.1.tgz. Extracting by manifest.
3086 silly tarball no local data for stable-hash@https://registry.npmjs.org/stable-hash/-/stable-hash-0.0.5.tgz. Extracting by manifest.
3087 silly tarball no local data for is-bun-module@https://registry.npmjs.org/is-bun-module/-/is-bun-module-2.0.0.tgz. Extracting by manifest.
3088 silly tarball no local data for get-tsconfig@https://registry.npmjs.org/get-tsconfig/-/get-tsconfig-4.13.7.tgz. Extracting by manifest.
3089 silly tarball no local data for @nolyfill/is-core-module@https://registry.npmjs.org/@nolyfill/is-core-module/-/is-core-module-1.0.39.tgz. Extracting by manifest.
3090 silly tarball no local data for resolve@https://registry.npmjs.org/resolve/-/resolve-2.0.0-next.6.tgz. Extracting by manifest.
3091 silly tarball no local data for semver@https://registry.npmjs.org/semver/-/semver-7.7.4.tgz. Extracting by manifest.
3092 silly tarball no local data for @typescript-eslint/project-service@https://registry.npmjs.org/@typescript-eslint/project-service/-/project-service-8.58.0.tgz. Extracting by manifest.
3093 silly tarball no local data for is-core-module@https://registry.npmjs.org/is-core-module/-/is-core-module-2.16.1.tgz. Extracting by manifest.
3094 silly tarball no local data for @typescript-eslint/typescript-estree@https://registry.npmjs.org/@typescript-eslint/typescript-estree/-/typescript-estree-8.58.0.tgz. Extracting by manifest.
3095 silly tarball no local data for @typescript-eslint/tsconfig-utils@https://registry.npmjs.org/@typescript-eslint/tsconfig-utils/-/tsconfig-utils-8.58.0.tgz. Extracting by manifest.
3096 silly tarball no local data for tinyglobby@https://registry.npmjs.org/tinyglobby/-/tinyglobby-0.2.15.tgz. Extracting by manifest.
3097 silly tarball no local data for @typescript-eslint/utils@https://registry.npmjs.org/@typescript-eslint/utils/-/utils-8.58.0.tgz. Extracting by manifest.
3098 silly tarball no local data for @typescript-eslint/visitor-keys@https://registry.npmjs.org/@typescript-eslint/visitor-keys/-/visitor-keys-8.58.0.tgz. Extracting by manifest.
3099 silly tarball no local data for @typescript-eslint/scope-manager@https://registry.npmjs.org/@typescript-eslint/scope-manager/-/scope-manager-8.58.0.tgz. Extracting by manifest.
3100 silly tarball no local data for @typescript-eslint/type-utils@https://registry.npmjs.org/@typescript-eslint/type-utils/-/type-utils-8.58.0.tgz. Extracting by manifest.
3101 silly tarball no local data for fast-glob@https://registry.npmjs.org/fast-glob/-/fast-glob-3.3.1.tgz. Extracting by manifest.
3102 silly tarball no local data for @typescript-eslint/types@https://registry.npmjs.org/@typescript-eslint/types/-/types-8.58.0.tgz. Extracting by manifest.
3103 silly tarball no local data for eslint-plugin-react-hooks@https://registry.npmjs.org/eslint-plugin-react-hooks/-/eslint-plugin-react-hooks-5.2.0.tgz. Extracting by manifest.
3104 silly tarball no local data for ts-api-utils@https://registry.npmjs.org/ts-api-utils/-/ts-api-utils-2.5.0.tgz. Extracting by manifest.
3105 silly tarball no local data for eslint-plugin-react@https://registry.npmjs.org/eslint-plugin-react/-/eslint-plugin-react-7.37.5.tgz. Extracting by manifest.
3106 silly tarball no local data for eslint-plugin-jsx-a11y@https://registry.npmjs.org/eslint-plugin-jsx-a11y/-/eslint-plugin-jsx-a11y-6.10.2.tgz. Extracting by manifest.
3107 silly tarball no local data for eslint-plugin-import@https://registry.npmjs.org/eslint-plugin-import/-/eslint-plugin-import-2.32.0.tgz. Extracting by manifest.
3108 silly tarball no local data for eslint-import-resolver-node@https://registry.npmjs.org/eslint-import-resolver-node/-/eslint-import-resolver-node-0.3.10.tgz. Extracting by manifest.
3109 silly tarball no local data for eslint-import-resolver-typescript@https://registry.npmjs.org/eslint-import-resolver-typescript/-/eslint-import-resolver-typescript-3.10.1.tgz. Extracting by manifest.
3110 silly tarball no local data for @rtsao/scc@https://registry.npmjs.org/@rtsao/scc/-/scc-1.1.0.tgz. Extracting by manifest.
3111 silly tarball no local data for @typescript-eslint/eslint-plugin@https://registry.npmjs.org/@typescript-eslint/eslint-plugin/-/eslint-plugin-8.58.0.tgz. Extracting by manifest.
3112 silly tarball no local data for @typescript-eslint/parser@https://registry.npmjs.org/@typescript-eslint/parser/-/parser-8.58.0.tgz. Extracting by manifest.
3113 silly tarball no local data for @next/eslint-plugin-next@https://registry.npmjs.org/@next/eslint-plugin-next/-/eslint-plugin-next-15.1.0.tgz. Extracting by manifest.
3114 silly tarball no local data for ms@https://registry.npmjs.org/ms/-/ms-2.1.3.tgz. Extracting by manifest.
3115 silly tarball no local data for @rushstack/eslint-patch@https://registry.npmjs.org/@rushstack/eslint-patch/-/eslint-patch-1.16.1.tgz. Extracting by manifest.
3116 silly tarball no local data for color-name@https://registry.npmjs.org/color-name/-/color-name-1.1.4.tgz. Extracting by manifest.
3117 silly tarball no local data for color-convert@https://registry.npmjs.org/color-convert/-/color-convert-2.0.1.tgz. Extracting by manifest.
3118 silly tarball no local data for supports-color@https://registry.npmjs.org/supports-color/-/supports-color-7.2.0.tgz. Extracting by manifest.
3119 silly tarball no local data for ansi-styles@https://registry.npmjs.org/ansi-styles/-/ansi-styles-4.3.0.tgz. Extracting by manifest.
3120 silly tarball no local data for json-schema-traverse@https://registry.npmjs.org/json-schema-traverse/-/json-schema-traverse-0.4.1.tgz. Extracting by manifest.
3121 silly tarball no local data for uri-js@https://registry.npmjs.org/uri-js/-/uri-js-4.4.1.tgz. Extracting by manifest.
3122 silly tarball no local data for levn@https://registry.npmjs.org/levn/-/levn-0.4.1.tgz. Extracting by manifest.
3123 silly tarball no local data for js-yaml@https://registry.npmjs.org/js-yaml/-/js-yaml-4.1.1.tgz. Extracting by manifest.
3124 silly tarball no local data for fast-json-stable-stringify@https://registry.npmjs.org/fast-json-stable-stringify/-/fast-json-stable-stringify-2.1.0.tgz. Extracting by manifest.
3125 silly tarball no local data for @humanfs/core@https://registry.npmjs.org/@humanfs/core/-/core-0.19.1.tgz. Extracting by manifest.
3126 silly tarball no local data for import-fresh@https://registry.npmjs.org/import-fresh/-/import-fresh-3.3.1.tgz. Extracting by manifest.
3127 silly tarball no local data for strip-json-comments@https://registry.npmjs.org/strip-json-comments/-/strip-json-comments-3.1.1.tgz. Extracting by manifest.
3128 silly tarball no local data for @types/json-schema@https://registry.npmjs.org/@types/json-schema/-/json-schema-7.0.15.tgz. Extracting by manifest.
3129 silly tarball no local data for optionator@https://registry.npmjs.org/optionator/-/optionator-0.9.4.tgz. Extracting by manifest.
3130 silly tarball no local data for globals@https://registry.npmjs.org/globals/-/globals-14.0.0.tgz. Extracting by manifest.
3131 silly tarball no local data for natural-compare@https://registry.npmjs.org/natural-compare/-/natural-compare-1.4.0.tgz. Extracting by manifest.
3132 silly tarball no local data for @eslint/object-schema@https://registry.npmjs.org/@eslint/object-schema/-/object-schema-2.1.7.tgz. Extracting by manifest.
3133 silly tarball no local data for lodash.merge@https://registry.npmjs.org/lodash.merge/-/lodash.merge-4.6.2.tgz. Extracting by manifest.
3134 silly tarball no local data for minimatch@https://registry.npmjs.org/minimatch/-/minimatch-3.1.5.tgz. Extracting by manifest.
3135 silly tarball no local data for is-glob@https://registry.npmjs.org/is-glob/-/is-glob-4.0.3.tgz. Extracting by manifest.
3136 silly tarball no local data for string.prototype.trimend@https://registry.npmjs.org/string.prototype.trimend/-/string.prototype.trimend-1.0.9.tgz. Extracting by manifest.
3137 silly tarball no local data for json-stable-stringify-without-jsonify@https://registry.npmjs.org/json-stable-stringify-without-jsonify/-/json-stable-stringify-without-jsonify-1.0.1.tgz. Extracting by manifest.
3138 silly tarball no local data for imurmurhash@https://registry.npmjs.org/imurmurhash/-/imurmurhash-0.1.4.tgz. Extracting by manifest.
3139 silly tarball no local data for ignore@https://registry.npmjs.org/ignore/-/ignore-5.3.2.tgz. Extracting by manifest.
3140 silly tarball no local data for glob-parent@https://registry.npmjs.org/glob-parent/-/glob-parent-6.0.2.tgz. Extracting by manifest.
3141 silly tarball no local data for esutils@https://registry.npmjs.org/esutils/-/esutils-2.0.3.tgz. Extracting by manifest.
3142 silly tarball no local data for find-up@https://registry.npmjs.org/find-up/-/find-up-5.0.0.tgz. Extracting by manifest.
3143 silly tarball no local data for esquery@https://registry.npmjs.org/esquery/-/esquery-1.7.0.tgz. Extracting by manifest.
3144 silly tarball no local data for file-entry-cache@https://registry.npmjs.org/file-entry-cache/-/file-entry-cache-8.0.0.tgz. Extracting by manifest.
3145 silly tarball no local data for eslint-scope@https://registry.npmjs.org/eslint-scope/-/eslint-scope-8.4.0.tgz. Extracting by manifest.
3146 silly tarball no local data for espree@https://registry.npmjs.org/espree/-/espree-10.4.0.tgz. Extracting by manifest.
3147 silly tarball no local data for escape-string-regexp@https://registry.npmjs.org/escape-string-regexp/-/escape-string-regexp-4.0.0.tgz. Extracting by manifest.
3148 silly tarball no local data for fast-deep-equal@https://registry.npmjs.org/fast-deep-equal/-/fast-deep-equal-3.1.3.tgz. Extracting by manifest.
3149 silly tarball no local data for debug@https://registry.npmjs.org/debug/-/debug-4.4.3.tgz. Extracting by manifest.
3150 silly tarball no local data for eslint-visitor-keys@https://registry.npmjs.org/eslint-visitor-keys/-/eslint-visitor-keys-4.2.1.tgz. Extracting by manifest.
3151 silly tarball no local data for chalk@https://registry.npmjs.org/chalk/-/chalk-4.1.2.tgz. Extracting by manifest.
3152 silly tarball no local data for @types/estree@https://registry.npmjs.org/@types/estree/-/estree-1.0.8.tgz. Extracting by manifest.
3153 silly tarball no local data for ajv@https://registry.npmjs.org/ajv/-/ajv-6.14.0.tgz. Extracting by manifest.
3154 silly tarball no local data for @humanwhocodes/retry@https://registry.npmjs.org/@humanwhocodes/retry/-/retry-0.4.3.tgz. Extracting by manifest.
3155 silly tarball no local data for @humanwhocodes/module-importer@https://registry.npmjs.org/@humanwhocodes/module-importer/-/module-importer-1.0.1.tgz. Extracting by manifest.
3156 silly tarball no local data for @humanfs/node@https://registry.npmjs.org/@humanfs/node/-/node-0.16.7.tgz. Extracting by manifest.
3157 silly tarball no local data for @eslint/plugin-kit@https://registry.npmjs.org/@eslint/plugin-kit/-/plugin-kit-0.4.1.tgz. Extracting by manifest.
3158 silly tarball no local data for @eslint/js@https://registry.npmjs.org/@eslint/js/-/js-9.39.4.tgz. Extracting by manifest.
3159 silly tarball no local data for @eslint/eslintrc@https://registry.npmjs.org/@eslint/eslintrc/-/eslintrc-3.3.5.tgz. Extracting by manifest.
3160 silly tarball no local data for @eslint/config-helpers@https://registry.npmjs.org/@eslint/config-helpers/-/config-helpers-0.4.2.tgz. Extracting by manifest.
3161 silly tarball no local data for @eslint/core@https://registry.npmjs.org/@eslint/core/-/core-0.17.0.tgz. Extracting by manifest.
3162 silly tarball no local data for @eslint/config-array@https://registry.npmjs.org/@eslint/config-array/-/config-array-0.21.2.tgz. Extracting by manifest.
3163 silly tarball no local data for @eslint-community/eslint-utils@https://registry.npmjs.org/@eslint-community/eslint-utils/-/eslint-utils-4.9.1.tgz. Extracting by manifest.
3164 silly tarball no local data for @eslint-community/regexpp@https://registry.npmjs.org/@eslint-community/regexpp/-/regexpp-4.12.2.tgz. Extracting by manifest.
3165 silly tarball no local data for tapable@https://registry.npmjs.org/tapable/-/tapable-2.3.2.tgz. Extracting by manifest.
3166 silly tarball no local data for graceful-fs@https://registry.npmjs.org/graceful-fs/-/graceful-fs-4.2.11.tgz. Extracting by manifest.
3167 silly tarball no local data for webgl-constants@https://registry.npmjs.org/webgl-constants/-/webgl-constants-1.1.1.tgz. Extracting by manifest.
3168 silly tarball no local data for path-key@https://registry.npmjs.org/path-key/-/path-key-3.1.1.tgz. Extracting by manifest.
3169 silly tarball no local data for shebang-command@https://registry.npmjs.org/shebang-command/-/shebang-command-2.0.0.tgz. Extracting by manifest.
3170 silly tarball no local data for cross-spawn@https://registry.npmjs.org/cross-spawn/-/cross-spawn-7.0.6.tgz. Extracting by manifest.
3171 silly tarball no local data for ieee754@https://registry.npmjs.org/ieee754/-/ieee754-1.2.1.tgz. Extracting by manifest.
3172 silly tarball no local data for which@https://registry.npmjs.org/which/-/which-2.0.2.tgz. Extracting by manifest.
3173 silly tarball no local data for meshoptimizer@https://registry.npmjs.org/meshoptimizer/-/meshoptimizer-0.18.1.tgz. Extracting by manifest.
3174 silly tarball no local data for csstype@https://registry.npmjs.org/csstype/-/csstype-3.2.3.tgz. Extracting by manifest.
3175 silly tarball no local data for @types/stats.js@https://registry.npmjs.org/@types/stats.js/-/stats.js-0.17.4.tgz. Extracting by manifest.
3176 silly tarball no local data for fflate@https://registry.npmjs.org/fflate/-/fflate-0.6.10.tgz. Extracting by manifest.
3177 silly tarball no local data for undici-types@https://registry.npmjs.org/undici-types/-/undici-types-6.21.0.tgz. Extracting by manifest.
3178 silly tarball no local data for @use-gesture/core@https://registry.npmjs.org/@use-gesture/core/-/core-10.3.1.tgz. Extracting by manifest.
3179 silly tarball no local data for @jridgewell/resolve-uri@https://registry.npmjs.org/@jridgewell/resolve-uri/-/resolve-uri-3.1.2.tgz. Extracting by manifest.
3180 silly tarball no local data for @jridgewell/trace-mapping@https://registry.npmjs.org/@jridgewell/trace-mapping/-/trace-mapping-0.3.31.tgz. Extracting by manifest.
3181 silly tarball no local data for @tailwindcss/oxide-darwin-arm64@https://registry.npmjs.org/@tailwindcss/oxide-darwin-arm64/-/oxide-darwin-arm64-4.2.2.tgz. Extracting by manifest.
3182 silly tarball no local data for @jridgewell/gen-mapping@https://registry.npmjs.org/@jridgewell/gen-mapping/-/gen-mapping-0.3.13.tgz. Extracting by manifest.
3183 silly tarball no local data for @jridgewell/sourcemap-codec@https://registry.npmjs.org/@jridgewell/sourcemap-codec/-/sourcemap-codec-1.5.5.tgz. Extracting by manifest.
3184 silly tarball no local data for source-map-js@https://registry.npmjs.org/source-map-js/-/source-map-js-1.2.1.tgz. Extracting by manifest.
3185 silly tarball no local data for magic-string@https://registry.npmjs.org/magic-string/-/magic-string-0.30.21.tgz. Extracting by manifest.
3186 silly tarball no local data for lightningcss@https://registry.npmjs.org/lightningcss/-/lightningcss-1.32.0.tgz. Extracting by manifest.
3187 silly tarball no local data for @jridgewell/remapping@https://registry.npmjs.org/@jridgewell/remapping/-/remapping-2.3.5.tgz. Extracting by manifest.
3188 silly tarball no local data for enhanced-resolve@https://registry.npmjs.org/enhanced-resolve/-/enhanced-resolve-5.20.1.tgz. Extracting by manifest.
3189 silly tarball no local data for @tailwindcss/oxide@https://registry.npmjs.org/@tailwindcss/oxide/-/oxide-4.2.2.tgz. Extracting by manifest.
3190 silly tarball no local data for @tailwindcss/node@https://registry.npmjs.org/@tailwindcss/node/-/node-4.2.2.tgz. Extracting by manifest.
3191 silly tarball no local data for jiti@https://registry.npmjs.org/jiti/-/jiti-2.6.1.tgz. Extracting by manifest.
3192 silly tarball no local data for react-use-measure@https://registry.npmjs.org/react-use-measure/-/react-use-measure-2.1.7.tgz. Extracting by manifest.
3193 silly tarball no local data for scheduler@https://registry.npmjs.org/scheduler/-/scheduler-0.27.0.tgz. Extracting by manifest.
3194 silly tarball no local data for @alloc/quick-lru@https://registry.npmjs.org/@alloc/quick-lru/-/quick-lru-5.2.0.tgz. Extracting by manifest.
3195 silly tarball no local data for promise-worker-transferable@https://registry.npmjs.org/promise-worker-transferable/-/promise-worker-transferable-1.0.4.tgz. Extracting by manifest.
3196 silly tarball no local data for its-fine@https://registry.npmjs.org/its-fine/-/its-fine-2.0.0.tgz. Extracting by manifest.
3197 silly tarball no local data for base64-js@https://registry.npmjs.org/base64-js/-/base64-js-1.5.1.tgz. Extracting by manifest.
3198 silly tarball no local data for @types/webxr@https://registry.npmjs.org/@types/webxr/-/webxr-0.5.24.tgz. Extracting by manifest.
3199 silly tarball no local data for utility-types@https://registry.npmjs.org/utility-types/-/utility-types-3.11.0.tgz. Extracting by manifest.
3200 silly tarball no local data for use-sync-external-store@https://registry.npmjs.org/use-sync-external-store/-/use-sync-external-store-1.6.0.tgz. Extracting by manifest.
3201 silly tarball no local data for tunnel-rat@https://registry.npmjs.org/tunnel-rat/-/tunnel-rat-0.1.2.tgz. Extracting by manifest.
3202 silly tarball no local data for zustand@https://registry.npmjs.org/zustand/-/zustand-5.0.12.tgz. Extracting by manifest.
3203 silly tarball no local data for buffer@https://registry.npmjs.org/buffer/-/buffer-6.0.3.tgz. Extracting by manifest.
3204 silly tarball no local data for three-stdlib@https://registry.npmjs.org/three-stdlib/-/three-stdlib-2.36.1.tgz. Extracting by manifest.
3205 silly tarball no local data for troika-three-text@https://registry.npmjs.org/troika-three-text/-/troika-three-text-0.52.4.tgz. Extracting by manifest.
3206 silly tarball no local data for suspend-react@https://registry.npmjs.org/suspend-react/-/suspend-react-0.1.3.tgz. Extracting by manifest.
3207 silly tarball no local data for maath@https://registry.npmjs.org/maath/-/maath-0.10.8.tgz. Extracting by manifest.
3208 silly tarball no local data for three-mesh-bvh@https://registry.npmjs.org/three-mesh-bvh/-/three-mesh-bvh-0.8.3.tgz. Extracting by manifest.
3209 silly tarball no local data for meshline@https://registry.npmjs.org/meshline/-/meshline-3.3.1.tgz. Extracting by manifest.
3210 silly tarball no local data for stats-gl@https://registry.npmjs.org/stats-gl/-/stats-gl-2.4.2.tgz. Extracting by manifest.
3211 silly tarball no local data for stats.js@https://registry.npmjs.org/stats.js/-/stats.js-0.17.0.tgz. Extracting by manifest.
3212 silly tarball no local data for glsl-noise@https://registry.npmjs.org/glsl-noise/-/glsl-noise-0.0.0.tgz. Extracting by manifest.
3213 silly tarball no local data for detect-gpu@https://registry.npmjs.org/detect-gpu/-/detect-gpu-5.0.70.tgz. Extracting by manifest.
3214 silly tarball no local data for @use-gesture/react@https://registry.npmjs.org/@use-gesture/react/-/react-10.3.1.tgz. Extracting by manifest.
3215 silly tarball no local data for hls.js@https://registry.npmjs.org/hls.js/-/hls.js-1.6.15.tgz. Extracting by manifest.
3216 silly tarball no local data for cross-env@https://registry.npmjs.org/cross-env/-/cross-env-7.0.3.tgz. Extracting by manifest.
3217 silly tarball no local data for @monogrid/gainmap-js@https://registry.npmjs.org/@monogrid/gainmap-js/-/gainmap-js-3.4.0.tgz. Extracting by manifest.
3218 silly tarball no local data for camera-controls@https://registry.npmjs.org/camera-controls/-/camera-controls-3.1.2.tgz. Extracting by manifest.
3219 silly tarball no local data for typescript@https://registry.npmjs.org/typescript/-/typescript-5.9.3.tgz. Extracting by manifest.
3220 silly tarball no local data for @mediapipe/tasks-vision@https://registry.npmjs.org/@mediapipe/tasks-vision/-/tasks-vision-0.10.17.tgz. Extracting by manifest.
3221 silly tarball no local data for three@https://registry.npmjs.org/three/-/three-0.160.1.tgz. Extracting by manifest.
3222 silly tarball no local data for @babel/runtime@https://registry.npmjs.org/@babel/runtime/-/runtime-7.29.2.tgz. Extracting by manifest.
3223 silly tarball no local data for tailwindcss@https://registry.npmjs.org/tailwindcss/-/tailwindcss-4.2.2.tgz. Extracting by manifest.
3224 silly tarball no local data for react-dom@https://registry.npmjs.org/react-dom/-/react-dom-19.0.0.tgz. Extracting by manifest.
3225 silly tarball no local data for react@https://registry.npmjs.org/react/-/react-19.0.0.tgz. Extracting by manifest.
3226 silly tarball no local data for next@https://registry.npmjs.org/next/-/next-15.1.0.tgz. Extracting by manifest.
3227 silly tarball no local data for eslint@https://registry.npmjs.org/eslint/-/eslint-9.39.4.tgz. Extracting by manifest.
3228 silly tarball no local data for @types/three@https://registry.npmjs.org/@types/three/-/three-0.160.0.tgz. Extracting by manifest.
3229 silly tarball no local data for eslint-config-next@https://registry.npmjs.org/eslint-config-next/-/eslint-config-next-15.1.0.tgz. Extracting by manifest.
3230 silly tarball no local data for postcss@https://registry.npmjs.org/postcss/-/postcss-8.5.8.tgz. Extracting by manifest.
3231 silly tarball no local data for lucide-react@https://registry.npmjs.org/lucide-react/-/lucide-react-0.312.0.tgz. Extracting by manifest.
3232 silly tarball no local data for @types/react-dom@https://registry.npmjs.org/@types/react-dom/-/react-dom-19.2.3.tgz. Extracting by manifest.
3233 silly tarball no local data for @tailwindcss/postcss@https://registry.npmjs.org/@tailwindcss/postcss/-/postcss-4.2.2.tgz. Extracting by manifest.
3234 silly tarball no local data for @types/node@https://registry.npmjs.org/@types/node/-/node-20.19.39.tgz. Extracting by manifest.
3235 silly tarball no local data for semver@https://registry.npmjs.org/semver/-/semver-6.3.1.tgz. Extracting by manifest.
3236 silly tarball no local data for @types/react@https://registry.npmjs.org/@types/react/-/react-19.2.14.tgz. Extracting by manifest.
3237 silly tarball no local data for picomatch@https://registry.npmjs.org/picomatch/-/picomatch-4.0.4.tgz. Extracting by manifest.
3238 silly tarball no local data for @react-three/drei@https://registry.npmjs.org/@react-three/drei/-/drei-10.7.7.tgz. Extracting by manifest.
3239 silly tarball no local data for debug@https://registry.npmjs.org/debug/-/debug-3.2.7.tgz. Extracting by manifest.
3240 silly tarball no local data for @react-three/fiber@https://registry.npmjs.org/@react-three/fiber/-/fiber-9.5.0.tgz. Extracting by manifest.
3241 silly tarball no local data for glob-parent@https://registry.npmjs.org/glob-parent/-/glob-parent-5.1.2.tgz. Extracting by manifest.
3242 silly tarball no local data for minimatch@https://registry.npmjs.org/minimatch/-/minimatch-10.2.5.tgz. Extracting by manifest.
3243 silly tarball no local data for eslint-visitor-keys@https://registry.npmjs.org/eslint-visitor-keys/-/eslint-visitor-keys-5.0.1.tgz. Extracting by manifest.
3244 silly tarball no local data for semver@https://registry.npmjs.org/semver/-/semver-6.3.1.tgz. Extracting by manifest.
3245 silly tarball no local data for brace-expansion@https://registry.npmjs.org/brace-expansion/-/brace-expansion-5.0.5.tgz. Extracting by manifest.
3246 silly tarball no local data for semver@https://registry.npmjs.org/semver/-/semver-6.3.1.tgz. Extracting by manifest.
3247 silly tarball no local data for three@https://registry.npmjs.org/three/-/three-0.170.0.tgz. Extracting by manifest.
3248 silly tarball no local data for debug@https://registry.npmjs.org/debug/-/debug-3.2.7.tgz. Extracting by manifest.
3249 silly tarball no local data for debug@https://registry.npmjs.org/debug/-/debug-3.2.7.tgz. Extracting by manifest.
3250 silly tarball no local data for scheduler@https://registry.npmjs.org/scheduler/-/scheduler-0.25.0.tgz. Extracting by manifest.
3251 silly tarball no local data for ignore@https://registry.npmjs.org/ignore/-/ignore-7.0.5.tgz. Extracting by manifest.
3252 silly tarball no local data for balanced-match@https://registry.npmjs.org/balanced-match/-/balanced-match-4.0.4.tgz. Extracting by manifest.
3253 silly tarball no local data for eslint-visitor-keys@https://registry.npmjs.org/eslint-visitor-keys/-/eslint-visitor-keys-3.4.3.tgz. Extracting by manifest.
3254 silly tarball no local data for zustand@https://registry.npmjs.org/zustand/-/zustand-4.5.7.tgz. Extracting by manifest.
3255 silly tarball no local data for postcss@https://registry.npmjs.org/postcss/-/postcss-8.4.31.tgz. Extracting by manifest.
3256 http fetch POST 200 https://registry.npmjs.org/-/npm/v1/security/advisories/bulk 729ms
3257 silly audit report {
3257 silly audit report   next: [
3257 silly audit report     {
3257 silly audit report       id: 1101437,
3257 silly audit report       url: 'https://github.com/advisories/GHSA-7m27-7ghc-44w9',
3257 silly audit report       title: 'Next.js Allows a Denial of Service (DoS) with Server Actions',
3257 silly audit report       severity: 'moderate',
3257 silly audit report       vulnerable_versions: '>=15.0.0 <15.1.2',
3257 silly audit report       cwe: [Array],
3257 silly audit report       cvss: [Object]
3257 silly audit report     },
3257 silly audit report     {
3257 silly audit report       id: 1105462,
3257 silly audit report       url: 'https://github.com/advisories/GHSA-3h52-269p-cp9r',
3257 silly audit report       title: 'Information exposure in Next.js dev server due to lack of origin verification',
3257 silly audit report       severity: 'low',
3257 silly audit report       vulnerable_versions: '>=15.0.0 <15.2.2',
3257 silly audit report       cwe: [Array],
3257 silly audit report       cvss: [Object]
3257 silly audit report     },
3257 silly audit report     {
3257 silly audit report       id: 1105948,
3257 silly audit report       url: 'https://github.com/advisories/GHSA-67rr-84xm-4c7r',
3257 silly audit report       title: 'Next.JS vulnerability can lead to DoS via cache poisoning ',
3257 silly audit report       severity: 'high',
3257 silly audit report       vulnerable_versions: '>=15.0.4-canary.51 <15.1.8',
3257 silly audit report       cwe: [Array],
3257 silly audit report       cvss: [Object]
3257 silly audit report     },
3257 silly audit report     {
3257 silly audit report       id: 1111367,
3257 silly audit report       url: 'https://github.com/advisories/GHSA-9qr9-h5gf-34mp',
3257 silly audit report       title: 'Next.js is vulnerable to RCE in React flight protocol',
3257 silly audit report       severity: 'critical',
3257 silly audit report       vulnerable_versions: '>=15.1.0-canary.0 <15.1.9',
3257 silly audit report       cwe: [Array],
3257 silly audit report       cvss: [Object]
3257 silly audit report     },
3257 silly audit report     {
3257 silly audit report       id: 1107228,
3257 silly audit report       url: 'https://github.com/advisories/GHSA-g5qg-72qw-gw5v',
3257 silly audit report       title: 'Next.js Affected by Cache Key Confusion for Image Optimization API Routes',
3257 silly audit report       severity: 'moderate',
3257 silly audit report       vulnerable_versions: '>=15.0.0 <=15.4.4',
3257 silly audit report       cwe: [Array],
3257 silly audit report       cvss: [Object]
3257 silly audit report     },
3257 silly audit report     {
3257 silly audit report       id: 1107514,
3257 silly audit report       url: 'https://github.com/advisories/GHSA-xv57-4mr9-wg8v',
3257 silly audit report       title: 'Next.js Content Injection Vulnerability for Image Optimization',
3257 silly audit report       severity: 'moderate',
3257 silly audit report       vulnerable_versions: '>=15.0.0 <=15.4.4',
3257 silly audit report       cwe: [Array],
3257 silly audit report       cvss: [Object]
3257 silly audit report     },
3257 silly audit report     {
3257 silly audit report       id: 1107515,
3257 silly audit report       url: 'https://github.com/advisories/GHSA-4342-x723-ch2f',
3257 silly audit report       title: 'Next.js Improper Middleware Redirect Handling Leads to SSRF',
3257 silly audit report       severity: 'moderate',
3257 silly audit report       vulnerable_versions: '>=15.0.0-canary.0 <15.4.7',
3257 silly audit report       cwe: [Array],
3257 silly audit report       cvss: [Object]
3257 silly audit report     },
3257 silly audit report     {
3257 silly audit report       id: 1108410,
3257 silly audit report       url: 'https://github.com/advisories/GHSA-qpjv-v59x-3qc4',
3257 silly audit report       title: 'Next.js Race Condition to Cache Poisoning',
3257 silly audit report       severity: 'low',
3257 silly audit report       vulnerable_versions: '>=15.0.0 <15.1.6',
3257 silly audit report       cwe: [Array],
3257 silly audit report       cvss: [Object]
3257 silly audit report     },
3257 silly audit report     {
3257 silly audit report       id: 1112593,
3257 silly audit report       url: 'https://github.com/advisories/GHSA-9g9p-9gw9-jx7f',
3257 silly audit report       title: 'Next.js self-hosted applications vulnerable to DoS via Image Optimizer remotePatterns configuration',
3257 silly audit report       severity: 'moderate',
3257 silly audit report       vulnerable_versions: '>=10.0.0 <15.5.10',
3257 silly audit report       cwe: [Array],
3257 silly audit report       cvss: [Object]
3257 silly audit report     },
3257 silly audit report     {
3257 silly audit report       id: 1113688,
3257 silly audit report       url: 'https://github.com/advisories/GHSA-f82v-jwr5-mffw',
3257 silly audit report       title: 'Authorization Bypass in Next.js Middleware',
3257 silly audit report       severity: 'critical',
3257 silly audit report       vulnerable_versions: '>=15.0.0 <15.2.3',
3257 silly audit report       cwe: [Array],
3257 silly audit report       cvss: [Object]
3257 silly audit report     },
3257 silly audit report     {
3257 silly audit report       id: 1114897,
3257 silly audit report       url: 'https://github.com/advisories/GHSA-ggv3-7p47-pfv8',
3257 silly audit report       title: 'Next.js: HTTP request smuggling in rewrites',
3257 silly audit report       severity: 'moderate',
3257 silly audit report       vulnerable_versions: '>=9.5.0 <15.5.13',
3257 silly audit report       cwe: [Array],
3257 silly audit report       cvss: [Object]
3257 silly audit report     },
3257 silly audit report     {
3257 silly audit report       id: 1114940,
3257 silly audit report       url: 'https://github.com/advisories/GHSA-3x4c-7xq6-9pq8',
3257 silly audit report       title: 'Next.js: Unbounded next/image disk cache growth can exhaust storage',
3257 silly audit report       severity: 'moderate',
3257 silly audit report       vulnerable_versions: '>=10.0.0 <15.5.14',
3257 silly audit report       cwe: [Array],
3257 silly audit report       cvss: [Object]
3257 silly audit report     }
3257 silly audit report   ]
3257 silly audit report }
3258 silly packumentCache corgi:https://registry.npmjs.org/next cache-miss
3259 http fetch GET 200 https://registry.npmjs.org/is-weakmap/-/is-weakmap-2.0.2.tgz 628ms (cache miss)
3260 http fetch GET 200 https://registry.npmjs.org/async-function/-/async-function-1.0.0.tgz 625ms (cache miss)
3261 http fetch GET 200 https://registry.npmjs.org/which-collection/-/which-collection-1.0.2.tgz 626ms (cache miss)
3262 http fetch GET 200 https://registry.npmjs.org/has-bigints/-/has-bigints-1.1.0.tgz 602ms (cache miss)
3263 http fetch GET 200 https://registry.npmjs.org/is-weakset/-/is-weakset-2.0.4.tgz 635ms (cache miss)
3264 http fetch GET 200 https://registry.npmjs.org/is-map/-/is-map-2.0.3.tgz 631ms (cache miss)
3265 http fetch GET 200 https://registry.npmjs.org/napi-postinstall/-/napi-postinstall-0.3.4.tgz 611ms (cache miss)
3266 http fetch GET 200 https://registry.npmjs.org/generator-function/-/generator-function-2.0.1.tgz 631ms (cache miss)
3267 http fetch GET 200 https://registry.npmjs.org/which-boxed-primitive/-/which-boxed-primitive-1.1.1.tgz 610ms (cache miss)
3268 http fetch GET 200 https://registry.npmjs.org/which-builtin-type/-/which-builtin-type-1.2.1.tgz 607ms (cache miss)
3269 http fetch GET 200 https://registry.npmjs.org/strip-bom/-/strip-bom-3.0.0.tgz 608ms (cache miss)
3270 http fetch GET 200 https://registry.npmjs.org/json5/-/json5-1.0.2.tgz 609ms (cache miss)
3271 http fetch GET 200 https://registry.npmjs.org/reflect.getprototypeof/-/reflect.getprototypeof-1.0.10.tgz 648ms (cache miss)
3272 http fetch GET 200 https://registry.npmjs.org/require-from-string/-/require-from-string-2.0.2.tgz 648ms (cache miss)
3273 http fetch GET 200 https://registry.npmjs.org/isexe/-/isexe-2.0.0.tgz 679ms (cache miss)
3274 http fetch GET 200 https://registry.npmjs.org/is-finalizationregistry/-/is-finalizationregistry-1.1.1.tgz 680ms (cache miss)
3275 http fetch GET 200 https://registry.npmjs.org/punycode/-/punycode-2.3.1.tgz 693ms (cache miss)
3276 http fetch GET 200 https://registry.npmjs.org/is-boolean-object/-/is-boolean-object-1.2.2.tgz 704ms (cache miss)
3277 http fetch GET 200 https://registry.npmjs.org/minimist/-/minimist-1.2.8.tgz 683ms (cache miss)
3278 http fetch GET 200 https://registry.npmjs.org/is-generator-function/-/is-generator-function-1.1.2.tgz 708ms (cache miss)
3279 http fetch GET 200 https://registry.npmjs.org/is-number-object/-/is-number-object-1.1.1.tgz 692ms (cache miss)
3280 http fetch GET 200 https://registry.npmjs.org/is-async-function/-/is-async-function-2.1.1.tgz 694ms (cache miss)
3281 http fetch GET 200 https://registry.npmjs.org/is-bigint/-/is-bigint-1.1.0.tgz 693ms (cache miss)
3282 http fetch GET 200 https://registry.npmjs.org/webgl-sdf-generator/-/webgl-sdf-generator-1.1.1.tgz 698ms (cache miss)
3283 http fetch GET 200 https://registry.npmjs.org/troika-worker-utils/-/troika-worker-utils-0.52.0.tgz 704ms (cache miss)
3284 http fetch GET 200 https://registry.npmjs.org/is-number/-/is-number-7.0.0.tgz 738ms (cache miss)
3285 http fetch GET 200 https://registry.npmjs.org/for-each/-/for-each-0.3.5.tgz 743ms (cache miss)
3286 http fetch GET 200 https://registry.npmjs.org/fdir/-/fdir-6.5.0.tgz 742ms (cache miss)
3287 http fetch GET 200 https://registry.npmjs.org/client-only/-/client-only-0.0.1.tgz 746ms (cache miss)
3288 http fetch GET 200 https://registry.npmjs.org/potpack/-/potpack-1.0.2.tgz 761ms (cache miss)
3289 http fetch GET 200 https://registry.npmjs.org/bidi-js/-/bidi-js-1.0.3.tgz 774ms (cache miss)
3290 http fetch GET 200 https://registry.npmjs.org/has-flag/-/has-flag-4.0.0.tgz 768ms (cache miss)
3291 http fetch GET 200 https://registry.npmjs.org/is-arrayish/-/is-arrayish-0.3.4.tgz 811ms (cache miss)
3292 http fetch GET 200 https://registry.npmjs.org/side-channel-map/-/side-channel-map-1.0.1.tgz 820ms (cache miss)
3293 http fetch GET 200 https://registry.npmjs.org/side-channel-weakmap/-/side-channel-weakmap-1.0.2.tgz 822ms (cache miss)
3294 http fetch GET 200 https://registry.npmjs.org/color-string/-/color-string-1.9.1.tgz 838ms (cache miss)
3295 http fetch GET 200 https://registry.npmjs.org/troika-three-utils/-/troika-three-utils-0.52.4.tgz 849ms (cache miss)
3296 http fetch GET 200 https://registry.npmjs.org/shebang-regex/-/shebang-regex-3.0.0.tgz 845ms (cache miss)
3297 http fetch GET 200 https://registry.npmjs.org/simple-swizzle/-/simple-swizzle-0.2.4.tgz 853ms (cache miss)
3298 http fetch GET 200 https://registry.npmjs.org/color/-/color-4.2.3.tgz 853ms (cache miss)
3299 http fetch GET 200 https://registry.npmjs.org/side-channel-list/-/side-channel-list-1.0.0.tgz 862ms (cache miss)
3300 http fetch GET 200 https://registry.npmjs.org/draco3d/-/draco3d-1.5.7.tgz 878ms (cache miss)
3301 http fetch GET 200 https://registry.npmjs.org/@emnapi/wasi-threads/-/wasi-threads-1.2.1.tgz 887ms (cache miss)
3302 http fetch GET 200 https://registry.npmjs.org/queue-microtask/-/queue-microtask-1.2.3.tgz 884ms (cache miss)
3303 http fetch GET 200 https://registry.npmjs.org/isarray/-/isarray-2.0.5.tgz 888ms (cache miss)
3304 http fetch GET 200 https://registry.npmjs.org/@unrs/resolver-binding-darwin-arm64/-/resolver-binding-darwin-arm64-1.11.1.tgz 911ms (cache miss)
3305 http fetch GET 200 https://registry.npmjs.org/supports-preserve-symlinks-flag/-/supports-preserve-symlinks-flag-1.0.0.tgz 903ms (cache miss)
3306 http fetch GET 200 https://registry.npmjs.org/@emnapi/runtime/-/runtime-1.9.2.tgz 906ms (cache miss)
3307 http fetch GET 200 https://registry.npmjs.org/@types/json5/-/json5-0.0.29.tgz 925ms (cache miss)
3308 http fetch GET 200 https://registry.npmjs.org/path-parse/-/path-parse-1.0.7.tgz 916ms (cache miss)
3309 http fetch GET 200 https://registry.npmjs.org/lie/-/lie-3.3.0.tgz 939ms (cache miss)
3310 http fetch GET 200 https://registry.npmjs.org/js-tokens/-/js-tokens-4.0.0.tgz 944ms (cache miss)
3311 http fetch GET 200 https://registry.npmjs.org/loose-envify/-/loose-envify-1.4.0.tgz 945ms (cache miss)
3312 http fetch GET 200 https://registry.npmjs.org/immediate/-/immediate-3.0.6.tgz 946ms (cache miss)
3313 http fetch GET 200 https://registry.npmjs.org/object-assign/-/object-assign-4.1.1.tgz 947ms (cache miss)
3314 http fetch GET 200 https://registry.npmjs.org/react-is/-/react-is-16.13.1.tgz 949ms (cache miss)
3315 http fetch GET 200 https://registry.npmjs.org/node-exports-info/-/node-exports-info-1.6.0.tgz 951ms (cache miss)
3316 http fetch GET 200 https://registry.npmjs.org/@napi-rs/wasm-runtime/-/wasm-runtime-0.2.12.tgz 980ms (cache miss)
3317 http fetch GET 200 https://registry.npmjs.org/callsites/-/callsites-3.1.0.tgz 960ms (cache miss)
3318 http fetch GET 200 https://registry.npmjs.org/picocolors/-/picocolors-1.1.1.tgz 974ms (cache miss)
3319 http fetch GET 200 https://registry.npmjs.org/nanoid/-/nanoid-3.3.11.tgz 978ms (cache miss)
3320 http fetch GET 200 https://registry.npmjs.org/yocto-queue/-/yocto-queue-0.1.0.tgz 1027ms (cache miss)
3321 http fetch GET 200 https://registry.npmjs.org/p-limit/-/p-limit-3.1.0.tgz 1027ms (cache miss)
3322 http fetch GET 200 https://registry.npmjs.org/is-promise/-/is-promise-2.2.2.tgz 1027ms (cache miss)
3323 http fetch GET 200 https://registry.npmjs.org/deep-is/-/deep-is-0.1.4.tgz 1025ms (cache miss)
3324 http fetch GET 200 https://registry.npmjs.org/@types/offscreencanvas/-/offscreencanvas-2019.7.3.tgz 1043ms (cache miss)
3325 http fetch GET 200 https://registry.npmjs.org/@types/draco3d/-/draco3d-1.4.10.tgz 1042ms (cache miss)
3326 http fetch GET 200 https://registry.npmjs.org/word-wrap/-/word-wrap-1.2.5.tgz 1027ms (cache miss)
3327 http fetch GET 200 https://registry.npmjs.org/fast-levenshtein/-/fast-levenshtein-2.0.6.tgz 1030ms (cache miss)
3328 http fetch GET 200 https://registry.npmjs.org/tslib/-/tslib-2.8.1.tgz 1034ms (cache miss)
3329 http fetch GET 200 https://registry.npmjs.org/concat-map/-/concat-map-0.0.1.tgz 1092ms (cache miss)
3330 http fetch GET 200 https://registry.npmjs.org/balanced-match/-/balanced-match-1.0.2.tgz 1091ms (cache miss)
3331 http fetch GET 200 https://registry.npmjs.org/brace-expansion/-/brace-expansion-1.1.13.tgz 1091ms (cache miss)
3332 http fetch GET 200 https://registry.npmjs.org/busboy/-/busboy-1.6.0.tgz 1109ms (cache miss)
3333 http fetch GET 200 https://registry.npmjs.org/sharp/-/sharp-0.33.5.tgz 1126ms (cache miss)
3334 http fetch GET 200 https://registry.npmjs.org/styled-jsx/-/styled-jsx-5.1.6.tgz 1126ms (cache miss)
3335 http fetch GET 200 https://registry.npmjs.org/fill-range/-/fill-range-7.1.1.tgz 1131ms (cache miss)
3336 http fetch GET 200 https://registry.npmjs.org/braces/-/braces-3.0.3.tgz 1131ms (cache miss)
3337 http fetch GET 200 https://registry.npmjs.org/to-regex-range/-/to-regex-range-5.0.1.tgz 1161ms (cache miss)
3338 http fetch GET 200 https://registry.npmjs.org/p-locate/-/p-locate-5.0.0.tgz 1162ms (cache miss)
3339 http fetch GET 200 https://registry.npmjs.org/detect-libc/-/detect-libc-2.1.2.tgz 1162ms (cache miss)
3340 http fetch GET 200 https://registry.npmjs.org/@img/sharp-darwin-arm64/-/sharp-darwin-arm64-0.33.5.tgz 1182ms (cache miss)
3341 http fetch GET 200 https://registry.npmjs.org/type-check/-/type-check-0.4.0.tgz 1162ms (cache miss)
3342 http fetch GET 200 https://registry.npmjs.org/json-buffer/-/json-buffer-3.0.1.tgz 1206ms (cache miss)
3343 http fetch GET 200 https://registry.npmjs.org/picomatch/-/picomatch-2.3.2.tgz 1207ms (cache miss)
3344 http fetch GET 200 https://registry.npmjs.org/prelude-ls/-/prelude-ls-1.2.1.tgz 1226ms (cache miss)
3345 http fetch GET 200 https://registry.npmjs.org/argparse/-/argparse-2.0.1.tgz 1230ms (cache miss)
3346 http fetch GET 200 https://registry.npmjs.org/set-function-name/-/set-function-name-2.0.2.tgz 1266ms (cache miss)
3347 http fetch GET 200 https://registry.npmjs.org/resolve-from/-/resolve-from-4.0.0.tgz 1271ms (cache miss)
3348 http fetch GET 200 https://registry.npmjs.org/language-subtag-registry/-/language-subtag-registry-0.3.23.tgz 1276ms (cache miss)
3349 http fetch GET 200 https://registry.npmjs.org/parent-module/-/parent-module-1.0.1.tgz 1321ms (cache miss)
3350 http fetch GET 200 https://registry.npmjs.org/streamsearch/-/streamsearch-1.1.0.tgz 1325ms (cache miss)
3351 http fetch GET 200 https://registry.npmjs.org/resolve-pkg-maps/-/resolve-pkg-maps-1.0.0.tgz 1318ms (cache miss)
3352 http fetch GET 200 https://registry.npmjs.org/is-extglob/-/is-extglob-2.1.1.tgz 1333ms (cache miss)
3353 http fetch GET 200 https://registry.npmjs.org/side-channel/-/side-channel-1.1.0.tgz 1335ms (cache miss)
3354 http fetch GET 200 https://registry.npmjs.org/dunder-proto/-/dunder-proto-1.0.1.tgz 1342ms (cache miss)
3355 http fetch GET 200 https://registry.npmjs.org/flatted/-/flatted-3.4.2.tgz 1348ms (cache miss)
3356 http fetch GET 200 https://registry.npmjs.org/keyv/-/keyv-4.5.4.tgz 1376ms (cache miss)
3357 http fetch GET 200 https://registry.npmjs.org/@tybys/wasm-util/-/wasm-util-0.10.1.tgz 1421ms (cache miss)
3358 http fetch GET 200 https://registry.npmjs.org/path-exists/-/path-exists-4.0.0.tgz 1452ms (cache miss)
3359 http fetch GET 200 https://registry.npmjs.org/flat-cache/-/flat-cache-4.0.1.tgz 1454ms (cache miss)
3360 http fetch GET 200 https://registry.npmjs.org/functions-have-names/-/functions-have-names-1.2.3.tgz 1455ms (cache miss)
3361 http fetch GET 200 https://registry.npmjs.org/locate-path/-/locate-path-6.0.0.tgz 1456ms (cache miss)
3362 http fetch GET 200 https://registry.npmjs.org/reusify/-/reusify-1.1.0.tgz 1463ms (cache miss)
3363 http fetch GET 200 https://registry.npmjs.org/fastq/-/fastq-1.20.1.tgz 1469ms (cache miss)
3364 http fetch GET 200 https://registry.npmjs.org/micromatch/-/micromatch-4.0.8.tgz 1563ms (cache miss)
3365 http fetch GET 200 https://registry.npmjs.org/acorn-jsx/-/acorn-jsx-5.3.2.tgz 1574ms (cache miss)
3366 http fetch GET 200 https://registry.npmjs.org/merge2/-/merge2-1.4.1.tgz 1574ms (cache miss)
3367 http fetch GET 200 https://registry.npmjs.org/iterator.prototype/-/iterator.prototype-1.1.5.tgz 1573ms (cache miss)
3368 http fetch GET 200 https://registry.npmjs.org/string.prototype.repeat/-/string.prototype.repeat-1.0.0.tgz 1580ms (cache miss)
3369 http fetch GET 200 https://registry.npmjs.org/@types/react-reconciler/-/react-reconciler-0.28.9.tgz 1606ms (cache miss)
3370 http fetch GET 200 https://registry.npmjs.org/@emnapi/core/-/core-1.9.2.tgz 1678ms (cache miss)
3371 http fetch GET 200 https://registry.npmjs.org/string.prototype.matchall/-/string.prototype.matchall-4.0.12.tgz 1640ms (cache miss)
3372 http fetch GET 200 https://registry.npmjs.org/run-parallel/-/run-parallel-1.2.0.tgz 1637ms (cache miss)
3373 http fetch GET 200 https://registry.npmjs.org/estraverse/-/estraverse-5.3.0.tgz 1638ms (cache miss)
3374 http fetch GET 200 https://registry.npmjs.org/object.entries/-/object.entries-1.1.9.tgz 1641ms (cache miss)
3375 http fetch GET 200 https://registry.npmjs.org/array.prototype.tosorted/-/array.prototype.tosorted-1.1.4.tgz 1644ms (cache miss)
3376 http fetch GET 200 https://registry.npmjs.org/string.prototype.includes/-/string.prototype.includes-2.0.1.tgz 1684ms (cache miss)
3377 http fetch GET 200 https://registry.npmjs.org/language-tags/-/language-tags-1.0.9.tgz 1689ms (cache miss)
3378 http fetch GET 200 https://registry.npmjs.org/@next/env/-/env-15.1.0.tgz 1727ms (cache miss)
3379 http fetch GET 200 https://registry.npmjs.org/esrecurse/-/esrecurse-4.3.0.tgz 1694ms (cache miss)
3380 http fetch GET 200 https://registry.npmjs.org/damerau-levenshtein/-/damerau-levenshtein-1.0.8.tgz 1673ms (cache miss)
3381 http fetch GET 200 https://registry.npmjs.org/emoji-regex/-/emoji-regex-9.2.2.tgz 1708ms (cache miss)
3382 http fetch GET 200 https://registry.npmjs.org/prop-types/-/prop-types-15.8.1.tgz 1736ms (cache miss)
3383 http fetch GET 200 https://registry.npmjs.org/ast-types-flow/-/ast-types-flow-0.0.8.tgz 1738ms (cache miss)
3384 http fetch GET 200 https://registry.npmjs.org/acorn/-/acorn-8.16.0.tgz 1806ms (cache miss)
3385 http fetch GET 200 https://registry.npmjs.org/is-date-object/-/is-date-object-1.1.0.tgz 1821ms (cache miss)
3386 http fetch GET 200 https://registry.npmjs.org/unbox-primitive/-/unbox-primitive-1.1.0.tgz 1820ms (cache miss)
3387 http fetch GET 200 https://registry.npmjs.org/typed-array-byte-offset/-/typed-array-byte-offset-1.0.4.tgz 1844ms (cache miss)
3388 http fetch GET 200 https://registry.npmjs.org/is-symbol/-/is-symbol-1.1.1.tgz 1854ms (cache miss)
3389 http fetch GET 200 https://registry.npmjs.org/possible-typed-array-names/-/possible-typed-array-names-1.1.0.tgz 1875ms (cache miss)
3390 http fetch GET 200 https://registry.npmjs.org/which-typed-array/-/which-typed-array-1.1.20.tgz 1878ms (cache miss)
3391 http fetch GET 200 https://registry.npmjs.org/@nodelib/fs.stat/-/fs.stat-2.0.5.tgz 1919ms (cache miss)
3392 http fetch GET 200 https://registry.npmjs.org/typed-array-length/-/typed-array-length-1.0.7.tgz 1900ms (cache miss)
3393 http fetch GET 200 https://registry.npmjs.org/string.prototype.trim/-/string.prototype.trim-1.2.10.tgz 1898ms (cache miss)
3394 http fetch GET 200 https://registry.npmjs.org/typed-array-buffer/-/typed-array-buffer-1.0.3.tgz 1908ms (cache miss)
3395 http fetch GET 200 https://registry.npmjs.org/stop-iteration-iterator/-/stop-iteration-iterator-1.1.0.tgz 1905ms (cache miss)
3396 http fetch GET 200 https://registry.npmjs.org/array.prototype.findlast/-/array.prototype.findlast-1.2.5.tgz 1909ms (cache miss)
3397 http fetch GET 200 https://registry.npmjs.org/@nodelib/fs.walk/-/fs.walk-1.2.8.tgz 1956ms (cache miss)
3398 http fetch GET 200 https://registry.npmjs.org/safe-array-concat/-/safe-array-concat-1.1.3.tgz 1927ms (cache miss)
3399 http fetch GET 200 https://registry.npmjs.org/typed-array-byte-length/-/typed-array-byte-length-1.0.3.tgz 2029ms (cache miss)
3400 http fetch GET 200 https://registry.npmjs.org/set-proto/-/set-proto-1.0.0.tgz 2034ms (cache miss)
3401 http fetch GET 200 https://registry.npmjs.org/safe-regex-test/-/safe-regex-test-1.1.0.tgz 2040ms (cache miss)
3402 http fetch GET 200 https://registry.npmjs.org/safe-push-apply/-/safe-push-apply-1.0.0.tgz 2061ms (cache miss)
3403 http fetch GET 200 https://registry.npmjs.org/own-keys/-/own-keys-1.0.1.tgz 2058ms (cache miss)
3404 http fetch GET 200 https://registry.npmjs.org/has-tostringtag/-/has-tostringtag-1.0.2.tgz 2103ms (cache miss)
3405 http fetch GET 200 https://registry.npmjs.org/string.prototype.trimstart/-/string.prototype.trimstart-1.0.8.tgz 2099ms (cache miss)
3406 http fetch GET 200 https://registry.npmjs.org/is-shared-array-buffer/-/is-shared-array-buffer-1.0.4.tgz 2091ms (cache miss)
3407 http fetch GET 200 https://registry.npmjs.org/is-negative-zero/-/is-negative-zero-2.0.3.tgz 2093ms (cache miss)
3408 http fetch GET 200 https://registry.npmjs.org/is-weakref/-/is-weakref-1.1.1.tgz 2094ms (cache miss)
3409 http fetch GET 200 https://registry.npmjs.org/is-set/-/is-set-2.0.3.tgz 2099ms (cache miss)
3410 http fetch GET 200 https://registry.npmjs.org/is-array-buffer/-/is-array-buffer-3.0.5.tgz 2098ms (cache miss)
3411 http fetch GET 200 https://registry.npmjs.org/is-data-view/-/is-data-view-1.0.2.tgz 2104ms (cache miss)
3412 http fetch GET 200 https://registry.npmjs.org/is-typed-array/-/is-typed-array-1.1.15.tgz 2104ms (cache miss)
3413 http fetch GET 200 https://registry.npmjs.org/get-symbol-description/-/get-symbol-description-1.1.0.tgz 2104ms (cache miss)
3414 http fetch GET 200 https://registry.npmjs.org/es-to-primitive/-/es-to-primitive-1.3.0.tgz 2103ms (cache miss)
3415 http fetch GET 200 https://registry.npmjs.org/globalthis/-/globalthis-1.0.4.tgz 2108ms (cache miss)
3416 http fetch GET 200 https://registry.npmjs.org/data-view-byte-offset/-/data-view-byte-offset-1.0.1.tgz 2107ms (cache miss)
3417 http fetch GET 200 https://registry.npmjs.org/internal-slot/-/internal-slot-1.1.0.tgz 2115ms (cache miss)
3418 http fetch GET 200 https://registry.npmjs.org/es-set-tostringtag/-/es-set-tostringtag-2.1.0.tgz 2120ms (cache miss)
3419 http fetch GET 200 https://registry.npmjs.org/function.prototype.name/-/function.prototype.name-1.1.8.tgz 2119ms (cache miss)
3420 http fetch GET 200 https://registry.npmjs.org/array-buffer-byte-length/-/array-buffer-byte-length-1.0.2.tgz 2116ms (cache miss)
3421 http fetch GET 200 https://registry.npmjs.org/has-property-descriptors/-/has-property-descriptors-1.0.2.tgz 2114ms (cache miss)
3422 http fetch GET 200 https://registry.npmjs.org/function-bind/-/function-bind-1.1.2.tgz 2116ms (cache miss)
3423 http fetch GET 200 https://registry.npmjs.org/gopd/-/gopd-1.2.0.tgz 2117ms (cache miss)
3424 http fetch GET 200 https://registry.npmjs.org/is-callable/-/is-callable-1.2.7.tgz 2116ms (cache miss)
3425 http fetch GET 200 https://registry.npmjs.org/object-keys/-/object-keys-1.1.1.tgz 2120ms (cache miss)
3426 http fetch GET 200 https://registry.npmjs.org/data-view-buffer/-/data-view-buffer-1.0.2.tgz 2124ms (cache miss)
3427 http fetch GET 200 https://registry.npmjs.org/available-typed-arrays/-/available-typed-arrays-1.0.7.tgz 2122ms (cache miss)
3428 http fetch GET 200 https://registry.npmjs.org/data-view-byte-length/-/data-view-byte-length-1.0.2.tgz 2139ms (cache miss)
3429 http fetch GET 200 https://registry.npmjs.org/is-regex/-/is-regex-1.2.1.tgz 2143ms (cache miss)
3430 http fetch GET 200 https://registry.npmjs.org/get-proto/-/get-proto-1.0.1.tgz 2154ms (cache miss)
3431 http fetch GET 200 https://registry.npmjs.org/has-proto/-/has-proto-1.2.0.tgz 2164ms (cache miss)
3432 http fetch GET 200 https://registry.npmjs.org/arraybuffer.prototype.slice/-/arraybuffer.prototype.slice-1.0.4.tgz 2161ms (cache miss)
3433 http fetch GET 200 https://registry.npmjs.org/has-symbols/-/has-symbols-1.1.0.tgz 2178ms (cache miss)
3434 http fetch GET 200 https://registry.npmjs.org/object.assign/-/object.assign-4.1.7.tgz 2203ms (cache miss)
3435 http fetch GET 200 https://registry.npmjs.org/get-intrinsic/-/get-intrinsic-1.3.0.tgz 2183ms (cache miss)
3436 http fetch GET 200 https://registry.npmjs.org/set-function-length/-/set-function-length-1.2.2.tgz 2241ms (cache miss)
3437 http fetch GET 200 https://registry.npmjs.org/define-data-property/-/define-data-property-1.1.4.tgz 2247ms (cache miss)
3438 http fetch GET 200 https://registry.npmjs.org/call-bound/-/call-bound-1.0.4.tgz 2247ms (cache miss)
3439 http fetch GET 200 https://registry.npmjs.org/es-object-atoms/-/es-object-atoms-1.1.1.tgz 2248ms (cache miss)
3440 http fetch GET 200 https://registry.npmjs.org/es-shim-unscopables/-/es-shim-unscopables-1.1.0.tgz 2249ms (cache miss)
3441 http fetch GET 200 https://registry.npmjs.org/es-define-property/-/es-define-property-1.0.1.tgz 2253ms (cache miss)
3442 http fetch GET 200 https://registry.npmjs.org/@swc/counter/-/counter-0.1.3.tgz 2388ms (cache miss)
3443 http fetch GET 200 https://registry.npmjs.org/call-bind-apply-helpers/-/call-bind-apply-helpers-1.0.2.tgz 2283ms (cache miss)
3444 http fetch GET 200 https://registry.npmjs.org/es-errors/-/es-errors-1.3.0.tgz 2284ms (cache miss)
3445 http fetch GET 200 https://registry.npmjs.org/call-bind/-/call-bind-1.0.8.tgz 2399ms (cache miss)
3446 http fetch GET 200 https://registry.npmjs.org/define-properties/-/define-properties-1.2.1.tgz 2489ms (cache miss)
3447 http fetch GET 200 https://registry.npmjs.org/is-string/-/is-string-1.1.1.tgz 2501ms (cache miss)
3448 http fetch GET 200 https://registry.npmjs.org/hasown/-/hasown-2.0.2.tgz 2526ms (cache miss)
3449 http fetch GET 200 https://registry.npmjs.org/array.prototype.flatmap/-/array.prototype.flatmap-1.3.3.tgz 2527ms (cache miss)
3450 http fetch GET 200 https://registry.npmjs.org/object.groupby/-/object.groupby-1.0.3.tgz 2558ms (cache miss)
3451 http fetch GET 200 https://registry.npmjs.org/array.prototype.flat/-/array.prototype.flat-1.3.3.tgz 2561ms (cache miss)
3452 http fetch GET 200 https://registry.npmjs.org/object.fromentries/-/object.fromentries-2.0.8.tgz 2563ms (cache miss)
3453 http fetch GET 200 https://registry.npmjs.org/regexp.prototype.flags/-/regexp.prototype.flags-1.5.4.tgz 2574ms (cache miss)
3454 http fetch GET 200 https://registry.npmjs.org/array.prototype.findlastindex/-/array.prototype.findlastindex-1.2.6.tgz 2576ms (cache miss)
3455 http fetch GET 200 https://registry.npmjs.org/doctrine/-/doctrine-2.1.0.tgz 2612ms (cache miss)
3456 http fetch GET 200 https://registry.npmjs.org/unrs-resolver/-/unrs-resolver-1.11.1.tgz 2630ms (cache miss)
3457 http fetch GET 200 https://registry.npmjs.org/stable-hash/-/stable-hash-0.0.5.tgz 2629ms (cache miss)
3458 http fetch GET 200 https://registry.npmjs.org/is-bun-module/-/is-bun-module-2.0.0.tgz 2630ms (cache miss)
3459 http fetch GET 200 https://registry.npmjs.org/tinyglobby/-/tinyglobby-0.2.15.tgz 2628ms (cache miss)
3460 http fetch GET 200 https://registry.npmjs.org/object.values/-/object.values-1.2.1.tgz 2639ms (cache miss)
3461 http fetch GET 200 https://registry.npmjs.org/is-core-module/-/is-core-module-2.16.1.tgz 2636ms (cache miss)
3462 http fetch GET 200 https://registry.npmjs.org/array-includes/-/array-includes-3.1.9.tgz 2645ms (cache miss)
3463 http fetch GET 200 https://registry.npmjs.org/eslint-import-resolver-node/-/eslint-import-resolver-node-0.3.10.tgz 2647ms (cache miss)
3464 http fetch GET 200 https://registry.npmjs.org/eslint-import-resolver-typescript/-/eslint-import-resolver-typescript-3.10.1.tgz 2647ms (cache miss)
3465 http fetch GET 200 https://registry.npmjs.org/@nodelib/fs.scandir/-/fs.scandir-2.1.5.tgz 2745ms (cache miss)
3466 http fetch GET 200 https://registry.npmjs.org/ansi-styles/-/ansi-styles-4.3.0.tgz 2649ms (cache miss)
3467 http fetch GET 200 https://registry.npmjs.org/@rtsao/scc/-/scc-1.1.0.tgz 2657ms (cache miss)
3468 http fetch GET 200 https://registry.npmjs.org/color-name/-/color-name-1.1.4.tgz 2664ms (cache miss)
3469 http fetch GET 200 https://registry.npmjs.org/ms/-/ms-2.1.3.tgz 2670ms (cache miss)
3470 http fetch GET 200 https://registry.npmjs.org/math-intrinsics/-/math-intrinsics-1.1.0.tgz 2693ms (cache miss)
3471 http fetch GET 200 https://registry.npmjs.org/supports-color/-/supports-color-7.2.0.tgz 2671ms (cache miss)
3472 http fetch GET 200 https://registry.npmjs.org/color-convert/-/color-convert-2.0.1.tgz 2673ms (cache miss)
3473 http fetch GET 200 https://registry.npmjs.org/@typescript-eslint/tsconfig-utils/-/tsconfig-utils-8.58.0.tgz 2689ms (cache miss)
3474 http fetch GET 200 https://registry.npmjs.org/@typescript-eslint/visitor-keys/-/visitor-keys-8.58.0.tgz 2690ms (cache miss)
3475 http fetch GET 200 https://registry.npmjs.org/get-tsconfig/-/get-tsconfig-4.13.7.tgz 2693ms (cache miss)
3476 http fetch GET 200 https://registry.npmjs.org/@typescript-eslint/project-service/-/project-service-8.58.0.tgz 2693ms (cache miss)
3477 http fetch GET 200 https://registry.npmjs.org/json-schema-traverse/-/json-schema-traverse-0.4.1.tgz 2676ms (cache miss)
3478 http fetch GET 200 https://registry.npmjs.org/eslint-module-utils/-/eslint-module-utils-2.12.1.tgz 2700ms (cache miss)
3479 http fetch GET 200 https://registry.npmjs.org/@typescript-eslint/parser/-/parser-8.58.0.tgz 2696ms (cache miss)
3480 http fetch GET 200 https://registry.npmjs.org/levn/-/levn-0.4.1.tgz 2691ms (cache miss)
3481 http fetch GET 200 https://registry.npmjs.org/eslint-plugin-react-hooks/-/eslint-plugin-react-hooks-5.2.0.tgz 2708ms (cache miss)
3482 http fetch GET 200 https://registry.npmjs.org/object-inspect/-/object-inspect-1.13.4.tgz 2745ms (cache miss)
3483 http fetch GET 200 https://registry.npmjs.org/ts-api-utils/-/ts-api-utils-2.5.0.tgz 2731ms (cache miss)
3484 http fetch GET 200 https://registry.npmjs.org/@humanfs/core/-/core-0.19.1.tgz 2722ms (cache miss)
3485 http fetch GET 200 https://registry.npmjs.org/@typescript-eslint/types/-/types-8.58.0.tgz 2748ms (cache miss)
3486 http fetch GET 200 https://registry.npmjs.org/optionator/-/optionator-0.9.4.tgz 2741ms (cache miss)
3487 http fetch GET 200 https://registry.npmjs.org/strip-json-comments/-/strip-json-comments-3.1.1.tgz 2745ms (cache miss)
3488 http fetch GET 200 https://registry.npmjs.org/lodash.merge/-/lodash.merge-4.6.2.tgz 2745ms (cache miss)
3489 http fetch GET 200 https://registry.npmjs.org/globals/-/globals-14.0.0.tgz 2748ms (cache miss)
3490 http fetch GET 200 https://registry.npmjs.org/@types/json-schema/-/json-schema-7.0.15.tgz 2750ms (cache miss)
3491 http fetch GET 200 https://registry.npmjs.org/@nolyfill/is-core-module/-/is-core-module-1.0.39.tgz 2784ms (cache miss)
3492 http fetch GET 200 https://registry.npmjs.org/import-fresh/-/import-fresh-3.3.1.tgz 2764ms (cache miss)
3493 http fetch GET 200 https://registry.npmjs.org/is-glob/-/is-glob-4.0.3.tgz 2766ms (cache miss)
3494 http fetch GET 200 https://registry.npmjs.org/fast-json-stable-stringify/-/fast-json-stable-stringify-2.1.0.tgz 2772ms (cache miss)
3495 http fetch GET 200 https://registry.npmjs.org/@eslint/object-schema/-/object-schema-2.1.7.tgz 2772ms (cache miss)
3496 http fetch GET 200 https://registry.npmjs.org/natural-compare/-/natural-compare-1.4.0.tgz 2873ms (cache miss)
3497 http fetch GET 200 https://registry.npmjs.org/minimatch/-/minimatch-3.1.5.tgz 2896ms (cache miss)
3498 http fetch GET 200 https://registry.npmjs.org/string.prototype.trimend/-/string.prototype.trimend-1.0.9.tgz 2939ms (cache miss)
3499 http fetch GET 200 https://registry.npmjs.org/glob-parent/-/glob-parent-6.0.2.tgz 2938ms (cache miss)
3500 http fetch GET 200 https://registry.npmjs.org/json-stable-stringify-without-jsonify/-/json-stable-stringify-without-jsonify-1.0.1.tgz 2957ms (cache miss)
3501 http fetch GET 200 https://registry.npmjs.org/ignore/-/ignore-5.3.2.tgz 2967ms (cache miss)
3502 http fetch GET 200 https://registry.npmjs.org/find-up/-/find-up-5.0.0.tgz 2972ms (cache miss)
3503 http fetch GET 200 https://registry.npmjs.org/imurmurhash/-/imurmurhash-0.1.4.tgz 2980ms (cache miss)
3504 http fetch GET 200 https://registry.npmjs.org/file-entry-cache/-/file-entry-cache-8.0.0.tgz 3002ms (cache miss)
3505 http fetch GET 200 https://registry.npmjs.org/fast-deep-equal/-/fast-deep-equal-3.1.3.tgz 3042ms (cache miss)
3506 http fetch GET 200 https://registry.npmjs.org/escape-string-regexp/-/escape-string-regexp-4.0.0.tgz 3052ms (cache miss)
3507 http fetch GET 200 https://registry.npmjs.org/esutils/-/esutils-2.0.3.tgz 3065ms (cache miss)
3508 http fetch GET 200 https://registry.npmjs.org/eslint-visitor-keys/-/eslint-visitor-keys-4.2.1.tgz 3083ms (cache miss)
3509 http fetch GET 200 https://registry.npmjs.org/chalk/-/chalk-4.1.2.tgz 3092ms (cache miss)
3510 http fetch GET 200 https://registry.npmjs.org/debug/-/debug-4.4.3.tgz 3103ms (cache miss)
3511 http fetch GET 200 https://registry.npmjs.org/@types/estree/-/estree-1.0.8.tgz 3147ms (cache miss)
3512 http fetch GET 200 https://registry.npmjs.org/espree/-/espree-10.4.0.tgz 3162ms (cache miss)
3513 http fetch GET 200 https://registry.npmjs.org/@humanwhocodes/module-importer/-/module-importer-1.0.1.tgz 3163ms (cache miss)
3514 http fetch GET 200 https://registry.npmjs.org/@eslint/js/-/js-9.39.4.tgz 3163ms (cache miss)
3515 http fetch GET 200 https://registry.npmjs.org/@eslint/config-helpers/-/config-helpers-0.4.2.tgz 3163ms (cache miss)
3516 http fetch GET 200 https://registry.npmjs.org/@humanfs/node/-/node-0.16.7.tgz 3188ms (cache miss)
3517 http fetch GET 200 https://registry.npmjs.org/@humanwhocodes/retry/-/retry-0.4.3.tgz 3335ms (cache miss)
3518 http fetch GET 200 https://registry.npmjs.org/tapable/-/tapable-2.3.2.tgz 3366ms (cache miss)
3519 http fetch GET 200 https://registry.npmjs.org/shebang-command/-/shebang-command-2.0.0.tgz 3381ms (cache miss)
3520 http fetch GET 200 https://registry.npmjs.org/path-key/-/path-key-3.1.1.tgz 3436ms (cache miss)
3521 http fetch GET 200 https://registry.npmjs.org/cross-spawn/-/cross-spawn-7.0.6.tgz 3435ms (cache miss)
3522 http fetch GET 200 https://registry.npmjs.org/ieee754/-/ieee754-1.2.1.tgz 3436ms (cache miss)
3523 http fetch GET 200 https://registry.npmjs.org/graceful-fs/-/graceful-fs-4.2.11.tgz 3446ms (cache miss)
3524 http fetch GET 200 https://registry.npmjs.org/eslint-scope/-/eslint-scope-8.4.0.tgz 3466ms (cache miss)
3525 http fetch GET 200 https://registry.npmjs.org/which/-/which-2.0.2.tgz 3508ms (cache miss)
3526 http fetch GET 200 https://registry.npmjs.org/@jridgewell/resolve-uri/-/resolve-uri-3.1.2.tgz 3549ms (cache miss)
3527 http fetch GET 200 https://registry.npmjs.org/@jridgewell/remapping/-/remapping-2.3.5.tgz 3624ms (cache miss)
3528 http fetch GET 200 https://registry.npmjs.org/@eslint/core/-/core-0.17.0.tgz 3654ms (cache miss)
3529 http fetch GET 200 https://registry.npmjs.org/react-use-measure/-/react-use-measure-2.1.7.tgz 3648ms (cache miss)
3530 http fetch GET 200 https://registry.npmjs.org/@eslint-community/regexpp/-/regexpp-4.12.2.tgz 3665ms (cache miss)
3531 http fetch GET 200 https://registry.npmjs.org/@eslint/plugin-kit/-/plugin-kit-0.4.1.tgz 3691ms (cache miss)
3532 http fetch GET 200 https://registry.npmjs.org/scheduler/-/scheduler-0.27.0.tgz 3680ms (cache miss)
3533 http fetch GET 200 https://registry.npmjs.org/@eslint-community/eslint-utils/-/eslint-utils-4.9.1.tgz 3696ms (cache miss)
3534 http fetch GET 200 https://registry.npmjs.org/base64-js/-/base64-js-1.5.1.tgz 3710ms (cache miss)
3535 http fetch GET 200 https://registry.npmjs.org/promise-worker-transferable/-/promise-worker-transferable-1.0.4.tgz 3716ms (cache miss)
3536 http fetch GET 200 https://registry.npmjs.org/meshoptimizer/-/meshoptimizer-0.18.1.tgz 3726ms (cache miss)
3537 http fetch GET 200 https://registry.npmjs.org/its-fine/-/its-fine-2.0.0.tgz 3723ms (cache miss)
3538 http fetch GET 200 https://registry.npmjs.org/utility-types/-/utility-types-3.11.0.tgz 3729ms (cache miss)
3539 http fetch GET 200 https://registry.npmjs.org/use-sync-external-store/-/use-sync-external-store-1.6.0.tgz 3762ms (cache miss)
3540 http fetch GET 200 https://registry.npmjs.org/semver/-/semver-7.7.4.tgz 3835ms (cache miss)
3541 http fetch GET 200 https://registry.npmjs.org/tunnel-rat/-/tunnel-rat-0.1.2.tgz 4227ms (cache miss)
3542 http fetch GET 200 https://registry.npmjs.org/@next/eslint-plugin-next/-/eslint-plugin-next-15.1.0.tgz 4268ms (cache miss)
3543 http fetch GET 200 https://registry.npmjs.org/buffer/-/buffer-6.0.3.tgz 4504ms (cache miss)
3544 http fetch GET 200 https://registry.npmjs.org/suspend-react/-/suspend-react-0.1.3.tgz 4573ms (cache miss)
3545 http fetch GET 200 https://registry.npmjs.org/meshline/-/meshline-3.3.1.tgz 4710ms (cache miss)
3546 http fetch GET 200 https://registry.npmjs.org/@tailwindcss/oxide/-/oxide-4.2.2.tgz 4716ms (cache miss)
3547 http fetch GET 200 https://registry.npmjs.org/stats-gl/-/stats-gl-2.4.2.tgz 4712ms (cache miss)
3548 http fetch GET 200 https://registry.npmjs.org/stats.js/-/stats.js-0.17.0.tgz 4743ms (cache miss)
3549 http fetch GET 200 https://registry.npmjs.org/@types/webxr/-/webxr-0.5.24.tgz 4746ms (cache miss)
3550 http fetch GET 200 https://registry.npmjs.org/@typescript-eslint/type-utils/-/type-utils-8.58.0.tgz 4795ms (cache miss)
3551 http fetch GET 200 https://registry.npmjs.org/glsl-noise/-/glsl-noise-0.0.0.tgz 4754ms (cache miss)
3552 http fetch GET 200 https://registry.npmjs.org/undici-types/-/undici-types-6.21.0.tgz 4784ms (cache miss)
3553 http fetch GET 200 https://registry.npmjs.org/cross-env/-/cross-env-7.0.3.tgz 4826ms (cache miss)
3554 http fetch GET 200 https://registry.npmjs.org/@types/stats.js/-/stats.js-0.17.4.tgz 5017ms (cache miss)
3555 http fetch GET 200 https://registry.npmjs.org/source-map-js/-/source-map-js-1.2.1.tgz 6102ms (cache miss)
3556 http fetch GET 200 https://registry.npmjs.org/webgl-constants/-/webgl-constants-1.1.1.tgz 6282ms (cache miss)
3557 http fetch GET 200 https://registry.npmjs.org/magic-string/-/magic-string-0.30.21.tgz 6287ms (cache miss)
3558 http fetch GET 200 https://registry.npmjs.org/js-yaml/-/js-yaml-4.1.1.tgz 6313ms (cache miss)
3559 http fetch GET 200 https://registry.npmjs.org/lightningcss-darwin-arm64/-/lightningcss-darwin-arm64-1.32.0.tgz 6444ms (cache miss)
3560 http fetch GET 200 https://registry.npmjs.org/@alloc/quick-lru/-/quick-lru-5.2.0.tgz 6435ms (cache miss)
3561 http fetch GET 200 https://registry.npmjs.org/esquery/-/esquery-1.7.0.tgz 6456ms (cache miss)
3562 http fetch GET 200 https://registry.npmjs.org/@tailwindcss/node/-/node-4.2.2.tgz 6457ms (cache miss)
3563 http fetch GET 200 https://registry.npmjs.org/fflate/-/fflate-0.6.10.tgz 6516ms (cache miss)
3564 http fetch GET 200 https://registry.npmjs.org/@types/react-dom/-/react-dom-19.2.3.tgz 6576ms (cache miss)
3565 http fetch GET 200 https://registry.npmjs.org/eslint-config-next/-/eslint-config-next-15.1.0.tgz 6674ms (cache miss)
3566 http fetch GET 200 https://registry.npmjs.org/semver/-/semver-6.3.1.tgz 6755ms (cache miss)
3567 http fetch GET 200 https://registry.npmjs.org/glob-parent/-/glob-parent-5.1.2.tgz 6824ms (cache miss)
3568 http fetch GET 200 https://registry.npmjs.org/brace-expansion/-/brace-expansion-5.0.5.tgz 6874ms (cache miss)
3569 http fetch GET 200 https://registry.npmjs.org/balanced-match/-/balanced-match-4.0.4.tgz 6882ms (cache miss)
3570 http fetch GET 200 https://registry.npmjs.org/eslint-visitor-keys/-/eslint-visitor-keys-3.4.3.tgz 6885ms (cache miss)
3571 http fetch GET 200 https://registry.npmjs.org/lightningcss/-/lightningcss-1.32.0.tgz 6914ms (cache miss)
3572 http fetch GET 200 https://registry.npmjs.org/ignore/-/ignore-7.0.5.tgz 6902ms (cache miss)
3573 http fetch GET 200 https://registry.npmjs.org/semver/-/semver-6.3.1.tgz 6909ms (cache miss)
3574 http fetch GET 200 https://registry.npmjs.org/semver/-/semver-6.3.1.tgz 6910ms (cache miss)
3575 http fetch GET 200 https://registry.npmjs.org/@tailwindcss/postcss/-/postcss-4.2.2.tgz 6974ms (cache miss)
3576 http fetch GET 200 https://registry.npmjs.org/csstype/-/csstype-3.2.3.tgz 6994ms (cache miss)
3577 http fetch GET 200 https://registry.npmjs.org/debug/-/debug-3.2.7.tgz 6981ms (cache miss)
3578 http fetch GET 200 https://registry.npmjs.org/debug/-/debug-3.2.7.tgz 6986ms (cache miss)
3579 http fetch GET 200 https://registry.npmjs.org/debug/-/debug-3.2.7.tgz 6988ms (cache miss)
3580 http fetch GET 200 https://registry.npmjs.org/eslint-visitor-keys/-/eslint-visitor-keys-5.0.1.tgz 6997ms (cache miss)
3581 http fetch GET 200 https://registry.npmjs.org/camera-controls/-/camera-controls-3.1.2.tgz 7010ms (cache miss)
3582 http fetch GET 200 https://registry.npmjs.org/axe-core/-/axe-core-4.11.2.tgz 7108ms (cache miss)
3583 http fetch GET 200 https://registry.npmjs.org/@eslint/config-array/-/config-array-0.21.2.tgz 7027ms (cache miss)
3584 http fetch GET 200 https://registry.npmjs.org/@jridgewell/sourcemap-codec/-/sourcemap-codec-1.5.5.tgz 7040ms (cache miss)
3585 http fetch GET 200 https://registry.npmjs.org/picomatch/-/picomatch-4.0.4.tgz 7057ms (cache miss)
3586 http fetch GET 200 https://registry.npmjs.org/scheduler/-/scheduler-0.25.0.tgz 7115ms (cache miss)
3587 http fetch GET 200 https://registry.npmjs.org/@jridgewell/gen-mapping/-/gen-mapping-0.3.13.tgz 7148ms (cache miss)
3588 http fetch GET 200 https://registry.npmjs.org/@types/react/-/react-19.2.14.tgz 7247ms (cache miss)
3589 http fetch GET 200 https://registry.npmjs.org/react/-/react-19.0.0.tgz 7378ms (cache miss)
3590 http fetch GET 200 https://registry.npmjs.org/@eslint/eslintrc/-/eslintrc-3.3.5.tgz 7491ms (cache miss)
3591 http fetch GET 200 https://registry.npmjs.org/troika-three-text/-/troika-three-text-0.52.4.tgz 7544ms (cache miss)
3592 http fetch GET 200 https://registry.npmjs.org/jiti/-/jiti-2.6.1.tgz 7563ms (cache miss)
3593 http fetch GET 200 https://registry.npmjs.org/@jridgewell/trace-mapping/-/trace-mapping-0.3.31.tgz 7575ms (cache miss)
3594 http fetch GET 200 https://registry.npmjs.org/fast-glob/-/fast-glob-3.3.1.tgz 7617ms (cache miss)
3595 http fetch GET 200 https://registry.npmjs.org/@use-gesture/react/-/react-10.3.1.tgz 7684ms (cache miss)
3596 http fetch GET 200 https://registry.npmjs.org/zustand/-/zustand-5.0.12.tgz 7708ms (cache miss)
3597 http fetch GET 200 https://registry.npmjs.org/tsconfig-paths/-/tsconfig-paths-3.15.0.tgz 7764ms (cache miss)
3598 http fetch GET 200 https://registry.npmjs.org/tailwindcss/-/tailwindcss-4.2.2.tgz 7726ms (cache miss)
3599 http fetch GET 200 https://registry.npmjs.org/uri-js/-/uri-js-4.4.1.tgz 7778ms (cache miss)
3600 http fetch GET 200 https://registry.npmjs.org/enhanced-resolve/-/enhanced-resolve-5.20.1.tgz 7775ms (cache miss)
3601 http fetch GET 200 https://registry.npmjs.org/es-iterator-helpers/-/es-iterator-helpers-1.3.1.tgz 7959ms (cache miss)
3602 http fetch GET 200 https://registry.npmjs.org/postcss/-/postcss-8.5.8.tgz 8098ms (cache miss)
3603 http fetch GET 200 https://registry.npmjs.org/@tailwindcss/oxide-darwin-arm64/-/oxide-darwin-arm64-4.2.2.tgz 8131ms (cache miss)
3604 http fetch GET 200 https://registry.npmjs.org/postcss/-/postcss-8.4.31.tgz 8110ms (cache miss)
3605 http fetch GET 200 https://registry.npmjs.org/@typescript-eslint/typescript-estree/-/typescript-estree-8.58.0.tgz 8396ms (cache miss)
3606 http fetch GET 200 https://registry.npmjs.org/detect-gpu/-/detect-gpu-5.0.70.tgz 8469ms (cache miss)
3607 http fetch GET 200 https://registry.npmjs.org/@typescript-eslint/utils/-/utils-8.58.0.tgz 8606ms (cache miss)
3608 http fetch GET 200 https://registry.npmjs.org/@types/node/-/node-20.19.39.tgz 8584ms (cache miss)
3609 http fetch GET 200 https://registry.npmjs.org/jsx-ast-utils/-/jsx-ast-utils-3.3.5.tgz 8754ms (cache miss)
3610 http fetch GET 200 https://registry.npmjs.org/minimatch/-/minimatch-10.2.5.tgz 8929ms (cache miss)
3611 http fetch GET 200 https://registry.npmjs.org/@react-three/fiber/-/fiber-9.5.0.tgz 9262ms (cache miss)
3612 http fetch GET 200 https://registry.npmjs.org/resolve/-/resolve-2.0.0-next.6.tgz 10095ms (cache miss)
3613 http fetch GET 200 https://registry.npmjs.org/ajv/-/ajv-6.14.0.tgz 10134ms (cache miss)
3614 http fetch GET 200 https://registry.npmjs.org/@use-gesture/core/-/core-10.3.1.tgz 10494ms (cache miss)
3615 http fetch GET 200 https://registry.npmjs.org/@monogrid/gainmap-js/-/gainmap-js-3.4.0.tgz 10715ms (cache miss)
3616 http fetch GET 200 https://registry.npmjs.org/@img/sharp-libvips-darwin-arm64/-/sharp-libvips-darwin-arm64-1.0.4.tgz 10983ms (cache miss)
3617 http fetch GET 200 https://registry.npmjs.org/maath/-/maath-0.10.8.tgz 10818ms (cache miss)
3618 http fetch GET 200 https://registry.npmjs.org/react-dom/-/react-dom-19.0.0.tgz 11140ms (cache miss)
3619 http fetch GET 200 https://registry.npmjs.org/zustand/-/zustand-4.5.7.tgz 11193ms (cache miss)
3620 http fetch GET 200 https://registry.npmjs.org/eslint-plugin-import/-/eslint-plugin-import-2.32.0.tgz 11306ms (cache miss)
3621 http fetch GET 200 https://registry.npmjs.org/three-mesh-bvh/-/three-mesh-bvh-0.8.3.tgz 11300ms (cache miss)
3622 http fetch GET 200 https://registry.npmjs.org/axobject-query/-/axobject-query-4.1.0.tgz 11609ms (cache miss)
3623 http fetch GET 200 https://registry.npmjs.org/@rushstack/eslint-patch/-/eslint-patch-1.16.1.tgz 11580ms (cache miss)
3624 http fetch GET 200 https://registry.npmjs.org/@swc/helpers/-/helpers-0.5.15.tgz 12718ms (cache miss)
3625 http fetch GET 200 https://registry.npmjs.org/@babel/runtime/-/runtime-7.29.2.tgz 12677ms (cache miss)
3626 http fetch GET 200 https://registry.npmjs.org/aria-query/-/aria-query-5.3.2.tgz 12963ms (cache miss)
3627 http fetch GET 200 https://registry.npmjs.org/eslint-plugin-jsx-a11y/-/eslint-plugin-jsx-a11y-6.10.2.tgz 13049ms (cache miss)
3628 http fetch GET 200 https://registry.npmjs.org/@mediapipe/tasks-vision/-/tasks-vision-0.10.17.tgz 13542ms (cache miss)
3629 http fetch GET 200 https://registry.npmjs.org/next 13362ms (cache miss)
3630 silly packumentCache corgi:https://registry.npmjs.org/next set size:undefined disposed:false
3631 http fetch GET 200 https://registry.npmjs.org/@typescript-eslint/scope-manager/-/scope-manager-8.58.0.tgz 18357ms (cache miss)
3632 http fetch GET 200 https://registry.npmjs.org/@react-three/drei/-/drei-10.7.7.tgz 18339ms (cache miss)
3633 http fetch GET 200 https://registry.npmjs.org/eslint-plugin-react/-/eslint-plugin-react-7.37.5.tgz 18791ms (cache miss)
3634 http fetch GET 200 https://registry.npmjs.org/typescript/-/typescript-5.9.3.tgz 18914ms (cache miss)
3635 http fetch GET 200 https://registry.npmjs.org/eslint/-/eslint-9.39.4.tgz 19855ms (cache miss)
3636 http fetch GET 200 https://registry.npmjs.org/hls.js/-/hls.js-1.6.15.tgz 19866ms (cache miss)
3637 http fetch GET 200 https://registry.npmjs.org/@typescript-eslint/eslint-plugin/-/eslint-plugin-8.58.0.tgz 19925ms (cache miss)
3638 http fetch GET 200 https://registry.npmjs.org/caniuse-lite/-/caniuse-lite-1.0.30001784.tgz 20121ms (cache miss)
3639 http fetch GET 200 https://registry.npmjs.org/@types/three/-/three-0.160.0.tgz 23309ms (cache miss)
3640 http fetch GET 200 https://registry.npmjs.org/three-stdlib/-/three-stdlib-2.36.1.tgz 26233ms (cache miss)
3641 http fetch GET 200 https://registry.npmjs.org/es-abstract/-/es-abstract-1.24.1.tgz 27497ms (cache miss)
3642 http fetch GET 200 https://registry.npmjs.org/@next/swc-darwin-arm64/-/swc-darwin-arm64-15.1.0.tgz 28139ms (cache miss)
3643 http fetch GET 200 https://registry.npmjs.org/three/-/three-0.160.1.tgz 28539ms (cache miss)
3644 http fetch GET 200 https://registry.npmjs.org/three/-/three-0.170.0.tgz 28603ms (cache miss)
3645 http fetch GET 200 https://registry.npmjs.org/lucide-react/-/lucide-react-0.312.0.tgz 31026ms (cache miss)
3646 http fetch GET 200 https://registry.npmjs.org/next/-/next-15.1.0.tgz 35927ms (cache miss)
3647 warn deprecated next@15.1.0: This version has a security vulnerability. Please upgrade to a patched version. See https://nextjs.org/blog/CVE-2025-66478 for more details.
3648 info run sharp@0.33.5 install node_modules/sharp node install/check
3649 info run sharp@0.33.5 install { code: 0, signal: null }
3650 info run unrs-resolver@1.11.1 postinstall node_modules/unrs-resolver napi-postinstall unrs-resolver 1.11.1 check
3651 info run unrs-resolver@1.11.1 postinstall { code: 0, signal: null }
3652 silly ADD node_modules/is-weakset
3653 silly ADD node_modules/is-weakmap
3654 silly ADD node_modules/is-map
3655 silly ADD node_modules/generator-function
3656 silly ADD node_modules/async-function
3657 silly ADD node_modules/which-collection
3658 silly ADD node_modules/is-generator-function
3659 silly ADD node_modules/is-finalizationregistry
3660 silly ADD node_modules/is-async-function
3661 silly ADD node_modules/is-number-object
3662 silly ADD node_modules/is-boolean-object
3663 silly ADD node_modules/is-bigint
3664 silly ADD node_modules/isexe
3665 silly ADD node_modules/punycode
3666 silly ADD node_modules/@emnapi/wasi-threads
3667 silly ADD node_modules/@tybys/wasm-util
3668 silly ADD node_modules/@emnapi/core
3669 silly ADD node_modules/@napi-rs/wasm-runtime
3670 silly ADD node_modules/napi-postinstall
3671 silly ADD node_modules/@unrs/resolver-binding-darwin-arm64
3672 silly ADD node_modules/which-boxed-primitive
3673 silly ADD node_modules/has-bigints
3674 silly ADD node_modules/which-builtin-type
3675 silly ADD node_modules/reflect.getprototypeof
3676 silly ADD node_modules/for-each
3677 silly ADD node_modules/strip-bom
3678 silly ADD node_modules/minimist
3679 silly ADD node_modules/json5
3680 silly ADD node_modules/@types/json5
3681 silly ADD node_modules/require-from-string
3682 silly ADD node_modules/webgl-sdf-generator
3683 silly ADD node_modules/troika-worker-utils
3684 silly ADD node_modules/troika-three-utils
3685 silly ADD node_modules/bidi-js
3686 silly ADD node_modules/is-number
3687 silly ADD node_modules/fdir
3688 silly ADD node_modules/potpack
3689 silly ADD node_modules/draco3d
3690 silly ADD node_modules/@types/offscreencanvas
3691 silly ADD node_modules/@types/draco3d
3692 silly ADD node_modules/has-flag
3693 silly ADD node_modules/client-only
3694 silly ADD node_modules/is-arrayish
3695 silly ADD node_modules/side-channel-weakmap
3696 silly ADD node_modules/side-channel-map
3697 silly ADD node_modules/side-channel-list
3698 silly ADD node_modules/shebang-regex
3699 silly ADD node_modules/simple-swizzle
3700 silly ADD node_modules/color-string
3701 silly ADD node_modules/@emnapi/runtime
3702 silly ADD node_modules/color
3703 silly ADD node_modules/@img/sharp-libvips-darwin-arm64
3704 silly ADD node_modules/@img/sharp-darwin-arm64
3705 silly ADD node_modules/isarray
3706 silly ADD node_modules/queue-microtask
3707 silly ADD node_modules/supports-preserve-symlinks-flag
3708 silly ADD node_modules/path-parse
3709 silly ADD node_modules/node-exports-info
3710 silly ADD node_modules/node-exports-info/node_modules/semver
3711 silly ADD node_modules/js-tokens
3712 silly ADD node_modules/react-is
3713 silly ADD node_modules/object-assign
3714 silly ADD node_modules/loose-envify
3715 silly ADD node_modules/immediate
3716 silly ADD node_modules/lie
3717 silly ADD node_modules/is-promise
3718 silly ADD node_modules/picocolors
3719 silly ADD node_modules/nanoid
3720 silly ADD node_modules/callsites
3721 silly ADD node_modules/yocto-queue
3722 silly ADD node_modules/p-limit
3723 silly ADD node_modules/word-wrap
3724 silly ADD node_modules/fast-levenshtein
3725 silly ADD node_modules/deep-is
3726 silly ADD node_modules/streamsearch
3727 silly ADD node_modules/tslib
3728 silly ADD node_modules/styled-jsx
3729 silly ADD node_modules/sharp
3730 silly ADD node_modules/caniuse-lite
3731 silly ADD node_modules/busboy
3732 silly ADD node_modules/@swc/helpers
3733 silly ADD node_modules/@swc/counter
3734 silly ADD node_modules/@next/swc-darwin-arm64
3735 silly ADD node_modules/@next/env
3736 silly ADD node_modules/concat-map
3737 silly ADD node_modules/balanced-match
3738 silly ADD node_modules/brace-expansion
3739 silly ADD node_modules/to-regex-range
3740 silly ADD node_modules/fill-range
3741 silly ADD node_modules/picomatch
3742 silly ADD node_modules/braces
3743 silly ADD node_modules/p-locate
3744 silly ADD node_modules/lightningcss-darwin-arm64
3745 silly ADD node_modules/detect-libc
3746 silly ADD node_modules/type-check
3747 silly ADD node_modules/prelude-ls
3748 silly ADD node_modules/language-subtag-registry
3749 silly ADD node_modules/json-buffer
3750 silly ADD node_modules/argparse
3751 silly ADD node_modules/@types/react-reconciler
3752 silly ADD node_modules/set-function-name
3753 silly ADD node_modules/is-extglob
3754 silly ADD node_modules/side-channel
3755 silly ADD node_modules/resolve-from
3756 silly ADD node_modules/parent-module
3757 silly ADD node_modules/resolve-pkg-maps
3758 silly ADD node_modules/dunder-proto
3759 silly ADD node_modules/functions-have-names
3760 silly ADD node_modules/keyv
3761 silly ADD node_modules/flatted
3762 silly ADD node_modules/path-exists
3763 silly ADD node_modules/locate-path
3764 silly ADD node_modules/flat-cache
3765 silly ADD node_modules/reusify
3766 silly ADD node_modules/run-parallel
3767 silly ADD node_modules/fastq
3768 silly ADD node_modules/@nodelib/fs.scandir
3769 silly ADD node_modules/micromatch
3770 silly ADD node_modules/merge2
3771 silly ADD node_modules/@nodelib/fs.walk
3772 silly ADD node_modules/@nodelib/fs.stat
3773 silly ADD node_modules/acorn-jsx
3774 silly ADD node_modules/acorn
3775 silly ADD node_modules/esrecurse
3776 silly ADD node_modules/iterator.prototype
3777 silly ADD node_modules/string.prototype.repeat
3778 silly ADD node_modules/string.prototype.matchall
3779 silly ADD node_modules/prop-types
3780 silly ADD node_modules/object.entries
3781 silly ADD node_modules/estraverse
3782 silly ADD node_modules/es-iterator-helpers
3783 silly ADD node_modules/array.prototype.tosorted
3784 silly ADD node_modules/array.prototype.findlast
3785 silly ADD node_modules/string.prototype.includes
3786 silly ADD node_modules/language-tags
3787 silly ADD node_modules/jsx-ast-utils
3788 silly ADD node_modules/emoji-regex
3789 silly ADD node_modules/damerau-levenshtein
3790 silly ADD node_modules/axobject-query
3791 silly ADD node_modules/axe-core
3792 silly ADD node_modules/ast-types-flow
3793 silly ADD node_modules/aria-query
3794 silly ADD node_modules/is-symbol
3795 silly ADD node_modules/is-date-object
3796 silly ADD node_modules/has-tostringtag
3797 silly ADD node_modules/possible-typed-array-names
3798 silly ADD node_modules/which-typed-array
3799 silly ADD node_modules/unbox-primitive
3800 silly ADD node_modules/typed-array-length
3801 silly ADD node_modules/typed-array-byte-offset
3802 silly ADD node_modules/typed-array-byte-length
3803 silly ADD node_modules/typed-array-buffer
3804 silly ADD node_modules/string.prototype.trimstart
3805 silly ADD node_modules/string.prototype.trim
3806 silly ADD node_modules/stop-iteration-iterator
3807 silly ADD node_modules/set-proto
3808 silly ADD node_modules/safe-regex-test
3809 silly ADD node_modules/safe-push-apply
3810 silly ADD node_modules/safe-array-concat
3811 silly ADD node_modules/regexp.prototype.flags
3812 silly ADD node_modules/own-keys
3813 silly ADD node_modules/object.assign
3814 silly ADD node_modules/object-inspect
3815 silly ADD node_modules/is-weakref
3816 silly ADD node_modules/is-typed-array
3817 silly ADD node_modules/is-shared-array-buffer
3818 silly ADD node_modules/is-set
3819 silly ADD node_modules/is-regex
3820 silly ADD node_modules/is-negative-zero
3821 silly ADD node_modules/is-data-view
3822 silly ADD node_modules/is-callable
3823 silly ADD node_modules/is-array-buffer
3824 silly ADD node_modules/internal-slot
3825 silly ADD node_modules/has-symbols
3826 silly ADD node_modules/has-proto
3827 silly ADD node_modules/globalthis
3828 silly ADD node_modules/get-symbol-description
3829 silly ADD node_modules/get-proto
3830 silly ADD node_modules/function.prototype.name
3831 silly ADD node_modules/es-to-primitive
3832 silly ADD node_modules/es-set-tostringtag
3833 silly ADD node_modules/data-view-byte-offset
3834 silly ADD node_modules/data-view-byte-length
3835 silly ADD node_modules/data-view-buffer
3836 silly ADD node_modules/available-typed-arrays
3837 silly ADD node_modules/arraybuffer.prototype.slice
3838 silly ADD node_modules/array-buffer-byte-length
3839 silly ADD node_modules/gopd
3840 silly ADD node_modules/object-keys
3841 silly ADD node_modules/has-property-descriptors
3842 silly ADD node_modules/define-data-property
3843 silly ADD node_modules/function-bind
3844 silly ADD node_modules/set-function-length
3845 silly ADD node_modules/es-define-property
3846 silly ADD node_modules/call-bind-apply-helpers
3847 silly ADD node_modules/es-shim-unscopables
3848 silly ADD node_modules/es-errors
3849 silly ADD node_modules/math-intrinsics
3850 silly ADD node_modules/is-string
3851 silly ADD node_modules/get-intrinsic
3852 silly ADD node_modules/es-object-atoms
3853 silly ADD node_modules/es-abstract
3854 silly ADD node_modules/define-properties
3855 silly ADD node_modules/call-bound
3856 silly ADD node_modules/call-bind
3857 silly ADD node_modules/tsconfig-paths
3858 silly ADD node_modules/string.prototype.trimend
3859 silly ADD node_modules/object.values
3860 silly ADD node_modules/object.groupby
3861 silly ADD node_modules/object.fromentries
3862 silly ADD node_modules/hasown
3863 silly ADD node_modules/eslint-module-utils
3864 silly ADD node_modules/eslint-module-utils/node_modules/debug
3865 silly ADD node_modules/doctrine
3866 silly ADD node_modules/array.prototype.flatmap
3867 silly ADD node_modules/array.prototype.flat
3868 silly ADD node_modules/array.prototype.findlastindex
3869 silly ADD node_modules/array-includes
3870 silly ADD node_modules/@rtsao/scc
3871 silly ADD node_modules/unrs-resolver
3872 silly ADD node_modules/stable-hash
3873 silly ADD node_modules/is-bun-module
3874 silly ADD node_modules/get-tsconfig
3875 silly ADD node_modules/@nolyfill/is-core-module
3876 silly ADD node_modules/resolve
3877 silly ADD node_modules/is-core-module
3878 silly ADD node_modules/tinyglobby
3879 silly ADD node_modules/tinyglobby/node_modules/picomatch
3880 silly ADD node_modules/semver
3881 silly ADD node_modules/@typescript-eslint/tsconfig-utils
3882 silly ADD node_modules/@typescript-eslint/project-service
3883 silly ADD node_modules/@typescript-eslint/typescript-estree
3884 silly ADD node_modules/@typescript-eslint/typescript-estree/node_modules/balanced-match
3885 silly ADD node_modules/@typescript-eslint/typescript-estree/node_modules/brace-expansion
3886 silly ADD node_modules/@typescript-eslint/typescript-estree/node_modules/minimatch
3887 silly ADD node_modules/@typescript-eslint/types
3888 silly ADD node_modules/ts-api-utils
3889 silly ADD node_modules/@typescript-eslint/visitor-keys
3890 silly ADD node_modules/@typescript-eslint/visitor-keys/node_modules/eslint-visitor-keys
3891 silly ADD node_modules/@typescript-eslint/utils
3892 silly ADD node_modules/@typescript-eslint/type-utils
3893 silly ADD node_modules/@typescript-eslint/scope-manager
3894 silly ADD node_modules/fast-glob
3895 silly ADD node_modules/fast-glob/node_modules/glob-parent
3896 silly ADD node_modules/eslint-plugin-react-hooks
3897 silly ADD node_modules/eslint-plugin-react
3898 silly ADD node_modules/eslint-plugin-react/node_modules/semver
3899 silly ADD node_modules/eslint-plugin-jsx-a11y
3900 silly ADD node_modules/eslint-plugin-import
3901 silly ADD node_modules/eslint-plugin-import/node_modules/semver
3902 silly ADD node_modules/eslint-plugin-import/node_modules/debug
3903 silly ADD node_modules/eslint-import-resolver-typescript
3904 silly ADD node_modules/eslint-import-resolver-node
3905 silly ADD node_modules/eslint-import-resolver-node/node_modules/debug
3906 silly ADD node_modules/@typescript-eslint/parser
3907 silly ADD node_modules/@typescript-eslint/eslint-plugin
3908 silly ADD node_modules/@typescript-eslint/eslint-plugin/node_modules/ignore
3909 silly ADD node_modules/@rushstack/eslint-patch
3910 silly ADD node_modules/@next/eslint-plugin-next
3911 silly ADD node_modules/ms
3912 silly ADD node_modules/color-name
3913 silly ADD node_modules/color-convert
3914 silly ADD node_modules/supports-color
3915 silly ADD node_modules/ansi-styles
3916 silly ADD node_modules/uri-js
3917 silly ADD node_modules/json-schema-traverse
3918 silly ADD node_modules/fast-json-stable-stringify
3919 silly ADD node_modules/@humanfs/core
3920 silly ADD node_modules/levn
3921 silly ADD node_modules/strip-json-comments
3922 silly ADD node_modules/js-yaml
3923 silly ADD node_modules/import-fresh
3924 silly ADD node_modules/globals
3925 silly ADD node_modules/@types/json-schema
3926 silly ADD node_modules/@eslint/object-schema
3927 silly ADD node_modules/optionator
3928 silly ADD node_modules/natural-compare
3929 silly ADD node_modules/minimatch
3930 silly ADD node_modules/lodash.merge
3931 silly ADD node_modules/json-stable-stringify-without-jsonify
3932 silly ADD node_modules/is-glob
3933 silly ADD node_modules/imurmurhash
3934 silly ADD node_modules/ignore
3935 silly ADD node_modules/glob-parent
3936 silly ADD node_modules/find-up
3937 silly ADD node_modules/file-entry-cache
3938 silly ADD node_modules/fast-deep-equal
3939 silly ADD node_modules/esutils
3940 silly ADD node_modules/esquery
3941 silly ADD node_modules/espree
3942 silly ADD node_modules/eslint-visitor-keys
3943 silly ADD node_modules/eslint-scope
3944 silly ADD node_modules/escape-string-regexp
3945 silly ADD node_modules/debug
3946 silly ADD node_modules/chalk
3947 silly ADD node_modules/ajv
3948 silly ADD node_modules/@types/estree
3949 silly ADD node_modules/@humanwhocodes/retry
3950 silly ADD node_modules/@humanwhocodes/module-importer
3951 silly ADD node_modules/@humanfs/node
3952 silly ADD node_modules/@eslint/plugin-kit
3953 silly ADD node_modules/@eslint/js
3954 silly ADD node_modules/@eslint/eslintrc
3955 silly ADD node_modules/@eslint/core
3956 silly ADD node_modules/@eslint/config-helpers
3957 silly ADD node_modules/@eslint/config-array
3958 silly ADD node_modules/@eslint-community/regexpp
3959 silly ADD node_modules/@eslint-community/eslint-utils
3960 silly ADD node_modules/@eslint-community/eslint-utils/node_modules/eslint-visitor-keys
3961 silly ADD node_modules/tapable
3962 silly ADD node_modules/graceful-fs
3963 silly ADD node_modules/webgl-constants
3964 silly ADD node_modules/which
3965 silly ADD node_modules/shebang-command
3966 silly ADD node_modules/path-key
3967 silly ADD node_modules/cross-spawn
3968 silly ADD node_modules/ieee754
3969 silly ADD node_modules/@use-gesture/core
3970 silly ADD node_modules/meshoptimizer
3971 silly ADD node_modules/fflate
3972 silly ADD node_modules/@types/stats.js
3973 silly ADD node_modules/csstype
3974 silly ADD node_modules/undici-types
3975 silly ADD node_modules/@tailwindcss/oxide-darwin-arm64
3976 silly ADD node_modules/@jridgewell/resolve-uri
3977 silly ADD node_modules/@jridgewell/sourcemap-codec
3978 silly ADD node_modules/@jridgewell/trace-mapping
3979 silly ADD node_modules/@jridgewell/gen-mapping
3980 silly ADD node_modules/source-map-js
3981 silly ADD node_modules/magic-string
3982 silly ADD node_modules/lightningcss
3983 silly ADD node_modules/jiti
3984 silly ADD node_modules/enhanced-resolve
3985 silly ADD node_modules/@jridgewell/remapping
3986 silly ADD node_modules/@tailwindcss/oxide
3987 silly ADD node_modules/@tailwindcss/node
3988 silly ADD node_modules/@alloc/quick-lru
3989 silly ADD node_modules/scheduler
3990 silly ADD node_modules/react-use-measure
3991 silly ADD node_modules/its-fine
3992 silly ADD node_modules/buffer
3993 silly ADD node_modules/base64-js
3994 silly ADD node_modules/@types/webxr
3995 silly ADD node_modules/promise-worker-transferable
3996 silly ADD node_modules/zustand
3997 silly ADD node_modules/utility-types
3998 silly ADD node_modules/use-sync-external-store
3999 silly ADD node_modules/tunnel-rat
4000 silly ADD node_modules/tunnel-rat/node_modules/zustand
4001 silly ADD node_modules/troika-three-text
4002 silly ADD node_modules/three-stdlib
4003 silly ADD node_modules/three-mesh-bvh
4004 silly ADD node_modules/suspend-react
4005 silly ADD node_modules/stats.js
4006 silly ADD node_modules/stats-gl
4007 silly ADD node_modules/stats-gl/node_modules/three
4008 silly ADD node_modules/meshline
4009 silly ADD node_modules/maath
4010 silly ADD node_modules/hls.js
4011 silly ADD node_modules/glsl-noise
4012 silly ADD node_modules/detect-gpu
4013 silly ADD node_modules/cross-env
4014 silly ADD node_modules/camera-controls
4015 silly ADD node_modules/@use-gesture/react
4016 silly ADD node_modules/@monogrid/gainmap-js
4017 silly ADD node_modules/@mediapipe/tasks-vision
4018 silly ADD node_modules/@babel/runtime
4019 silly ADD node_modules/typescript
4020 silly ADD node_modules/three
4021 silly ADD node_modules/tailwindcss
4022 silly ADD node_modules/react-dom
4023 silly ADD node_modules/react-dom/node_modules/scheduler
4024 silly ADD node_modules/react
4025 silly ADD node_modules/postcss
4026 silly ADD node_modules/next
4027 silly ADD node_modules/next/node_modules/postcss
4028 silly ADD node_modules/lucide-react
4029 silly ADD node_modules/eslint-config-next
4030 silly ADD node_modules/eslint
4031 silly ADD node_modules/@types/three
4032 silly ADD node_modules/@types/react-dom
4033 silly ADD node_modules/@types/react
4034 silly ADD node_modules/@types/node
4035 silly ADD node_modules/@tailwindcss/postcss
4036 silly ADD node_modules/@react-three/fiber
4037 silly ADD node_modules/@react-three/drei
4038 verbose cwd /Users/krdeeksha/Virtual-mind/frontend
4039 verbose os Darwin 25.4.0
4040 verbose node v24.14.1
4041 verbose npm  v11.11.0
4042 notice
4042 notice New [33mminor[39m version of npm available! [33m11.11.0[39m -> [34m11.12.1[39m
4042 notice Changelog: [34mhttps://github.com/npm/cli/releases/tag/v11.12.1[39m
4042 notice To update run: [4mnpm install -g npm@11.12.1[24m
4042 notice  { force: true, Symbol(proc-log.meta): true }
4043 verbose exit 0
4044 info ok
